-- MySQL dump 10.13  Distrib 5.5.29, for FreeBSD9.1 (amd64)
--
-- Host: localhost    Database: development
-- ------------------------------------------------------
-- Server version	5.5.29-log

/*!40101 SET @OLD_CHARACTER_SET_CLIENT=@@CHARACTER_SET_CLIENT */;
/*!40101 SET @OLD_CHARACTER_SET_RESULTS=@@CHARACTER_SET_RESULTS */;
/*!40101 SET @OLD_COLLATION_CONNECTION=@@COLLATION_CONNECTION */;
/*!40101 SET NAMES utf8 */;
/*!40103 SET @OLD_TIME_ZONE=@@TIME_ZONE */;
/*!40103 SET TIME_ZONE='+00:00' */;
/*!40014 SET @OLD_UNIQUE_CHECKS=@@UNIQUE_CHECKS, UNIQUE_CHECKS=0 */;
/*!40014 SET @OLD_FOREIGN_KEY_CHECKS=@@FOREIGN_KEY_CHECKS, FOREIGN_KEY_CHECKS=0 */;
/*!40101 SET @OLD_SQL_MODE=@@SQL_MODE, SQL_MODE='NO_AUTO_VALUE_ON_ZERO' */;
/*!40111 SET @OLD_SQL_NOTES=@@SQL_NOTES, SQL_NOTES=0 */;

--
-- Table structure for table `core_group`
--

DROP TABLE IF EXISTS `core_group`;
/*!40101 SET @saved_cs_client     = @@character_set_client */;
/*!40101 SET character_set_client = utf8 */;
CREATE TABLE `core_group` (
  `id` int(11) NOT NULL AUTO_INCREMENT,
  `name` varchar(25) NOT NULL,
  `description` text NOT NULL,
  `active` tinyint(1) NOT NULL DEFAULT '1',
  `deleted` tinyint(1) NOT NULL DEFAULT '0',
  `core_user_ID_change` int(11) NOT NULL,
  `core_user_ID_create` int(11) NOT NULL,
  `core_user_ID_delete` int(11) NOT NULL,
  `datetime_change` datetime NOT NULL,
  `datetime_create` datetime NOT NULL,
  `datetime_delete` datetime NOT NULL,
  PRIMARY KEY (`id`)
) ENGINE=InnoDB AUTO_INCREMENT=3 DEFAULT CHARSET=latin1;
/*!40101 SET character_set_client = @saved_cs_client */;

--
-- Dumping data for table `core_group`
--

LOCK TABLES `core_group` WRITE;
/*!40000 ALTER TABLE `core_group` DISABLE KEYS */;
INSERT INTO `core_group` VALUES (1,'Administratoren','Administratoren Gruppe',1,0,1,1,0,'2011-05-26 00:00:00','2011-05-26 00:00:00','0000-00-00 00:00:00'),(2,'MyGruppe','Sis is eine Beschreibung',1,0,1,1,0,'2012-03-18 14:41:28','2012-03-02 20:11:27','0000-00-00 00:00:00');
/*!40000 ALTER TABLE `core_group` ENABLE KEYS */;
UNLOCK TABLES;

--
-- Table structure for table `core_intl_country`
--

DROP TABLE IF EXISTS `core_intl_country`;
/*!40101 SET @saved_cs_client     = @@character_set_client */;
/*!40101 SET character_set_client = utf8 */;
CREATE TABLE `core_intl_country` (
  `id` varchar(2) NOT NULL,
  `iso3` varchar(3) NOT NULL,
  `ioc` varchar(3) NOT NULL,
  `tld` varchar(6) NOT NULL,
  `core_intl_currency_ID` varchar(3) NOT NULL,
  `calling_code` varchar(7) NOT NULL,
  PRIMARY KEY (`id`)
) ENGINE=InnoDB DEFAULT CHARSET=utf8;
/*!40101 SET character_set_client = @saved_cs_client */;

--
-- Dumping data for table `core_intl_country`
--

LOCK TABLES `core_intl_country` WRITE;
/*!40000 ALTER TABLE `core_intl_country` DISABLE KEYS */;
INSERT INTO `core_intl_country` VALUES ('AC','ASC','','.ac','','+247'),('AD','AND','AND','.ad','EUR','+376'),('AE','ARE','UAE','.ae','AED','+971'),('AF','AFG','AFG','.af','AFN','+93'),('AG','ATG','ANT','.ag','XCD','+1268'),('AI','AIA','','.ai','XCD','+1264'),('AL','ALB','ALB','.al','ALL','+355'),('AM','ARM','ARM','.am','AMD','+374'),('AN','ANT','AHO','.an','ANG','+599'),('AO','AGO','ANG','.ao','AOA','+244'),('AQ','ATA','','.aq','','+672'),('AR','ARG','ARG','.ar','ARS','+54'),('AS','ASM','','.as','USD','+1684'),('AT','AUT','AUT','.at','EUR','+43'),('AU','AUS','AUS','.au','AUD','+61'),('AW','ABW','ARU','.aw','ANG','+297'),('AX','ALA','','.ax','EUR','+35818'),('AZ','AZE','AZE','.az','AZN','+994'),('BA','BIH','BIH','.ba','BAM','+387'),('BB','BRB','BAR','.bb','BBD','+1246'),('BD','BGD','BAN','.bd','BDT','+880'),('BE','BEL','BEL','.be','EUR','+32'),('BF','BFA','BUR','.bf','XOF','+226'),('BG','BGR','BUL','.bg','BGN','+359'),('BH','BHR','BRN','.bh','BHD','+973'),('BI','BDI','BDI','.bi','BIF','+257'),('BJ','BEN','BEN','.bj','XOF','+229'),('BM','BMU','BER','.bm','BMD','+1441'),('BN','BRN','BRU','.bn','BND','+673'),('BO','BOL','BOL','.bo','BOB','+591'),('BR','BRA','BRA','.br','BRL','+55'),('BS','BHS','BAH','.bs','BSD','+1242'),('BT','BTN','BHU','.bt','BTN','+975'),('BV','BVT','','.bv','NOK',''),('BW','BWA','BOT','.bw','BWP','+267'),('BY','BLR','BLR','.by','BYR','+375'),('BZ','BLZ','BLZ','.bz','BZD','+51'),('CA','CAN','CAN','.ca','CAD','+1NXX'),('CC','CCK','','.cc','AUD',''),('CD','COD','COD','.cd','CDF','+243'),('CF','CAF','CAF','.cf','XAF','+236'),('CG','COG','CGO','.cg','XAF','+242'),('CH','CHE','SUI','.ch','CHF','+41'),('CI','CIV','CIV','.ci','XOF','+225'),('CK','COK','COK','.ck','NZD','+682'),('CL','CHL','CHI','.cl','CLP','+56'),('CM','CMR','CMR','.cm','XAF','+237'),('CN','CHN','CHN','.cn','CNY','+86'),('CO','COL','COL','.co','COP','+57'),('CR','CRI','CRC','.cr','CRC','+56'),('CS','SCG','YUG','.cs','','+381'),('CU','CUB','CUB','.cu','CUP','+53'),('CV','CPV','CPV','.cv','CVE','+238'),('CX','CXR','','.cx','AUD',''),('CY','CYP','CYP','.cy','CYP','+357'),('CZ','CZE','CZE','.cz','CZK','+420'),('DE','DEU','GER','.de','EUR','+49'),('DG','DGA','','','','+246'),('DJ','DJI','DJI','dj','DJF','+253'),('DK','DNK','DEN','.dk','DKK','+45'),('DM','DMA','','.dm','XCD','+1767'),('DO','DOM','DOM','.do','DOP','+1809'),('DZ','DZA','ALG','.dz','DZD','+213'),('EC','ECU','ECU','.ec','USD','+593'),('EE','EST','EST','.ee','EEK','+372'),('EG','EGY','EGY','.eg','EGP','+20'),('EH','ESH','','.eh','MAD',''),('ER','ERI','ERI','.er','ERN','+291'),('ES','ESP','ESP','.es','EUR','+34'),('ET','ETH','ETH','.et','ETB','+251'),('EU','-/-','-/-','.eu','','+3883'),('FI','FIN','FIN','.fi','EUR','+358'),('FJ','FJI','FJI','.fj','FJD','+679'),('FK','FLK','','.fk','FLP','+500'),('FM','FSM','FSM','.fm','USD','+691'),('FO','FRO','FRO','.fo','DKK','+298'),('FR','FRA','FRA','.fr','EUR','+33'),('GA','GAB','GAB','.ga','XAF','+241'),('GB','GBR','GBR','.gb','GBP','+44'),('GD','GRD','GRN','.gd','XCD','+1473'),('GE','GEO','GEO','.ge','GEL','+995'),('GF','GUF','','.gf','EUR','+594'),('GG','GGY','','.gg','GGP','+44'),('GH','GHA','GHA','.gh','GHC','+233'),('GI','GIB','','.gi','GIP','+350'),('GL','GRL','','.gl','DKK','+299'),('GM','GMB','GAM','.gm','GMD','+220'),('GN','GIN','GUI','.gn','GNF','+224'),('GP','GLP','','.gp','EUR','+590'),('GQ','GNQ','GEQ','.gq','XAF','+240'),('GR','GRC','GRE','.gr','EUR','+30'),('GS','SGS','','','GBP',''),('GT','GTM','GUA','.gt','GTQ','+52'),('GU','GUM','GUM','.gu','USD','+1671'),('GW','GNB','GBS','.gw','XOF','+245'),('GY','GUY','GUY','.gy','GYD','+592'),('HK','HKG','HKG','.hk','HNL','+852'),('HM','HMD','','.hm','AUD',''),('HN','HND','HON','.hn','HNL','+54'),('HR','HRV','CRO','.hr','HRK','+385'),('HT','HTI','HAI','.ht','USD','+59'),('HU','HUN','HUN','.hu','HUF','+36'),('IC','','','','',''),('ID','IDN','INA','.id','INR','+62'),('IE','IRL','IRL','.ie','EUR','+353'),('IL','ISR','ISR','.il','ILS','+972'),('IM','IMN','','.im','IMP','+44'),('IN','IND','IND','.in','ISK','+91'),('IO','IOT','','.io','USD',''),('IQ','IRQ','IRQ','.iq','IDR','+964'),('IR','IRN','IRI','.ir','IRR','+98'),('IS','ISL','ISL','.is','HUF','+354'),('IT','ITA','ITA','.it','EUR','+39'),('JE','JEY','','.je','JEP','+44'),('JM','JAM','JAM','.jm','JMD','+1876'),('JO','JOR','JOR','.jo','JOD','+962'),('JP','JPN','JPN','.jp','JPY','+81'),('KE','KEN','KEN','.ke','KES','+254'),('KG','KGZ','KGZ','.kg','KGS','+996'),('KH','KHM','CAM','.kh','KHR','+855'),('KI','KIR','','.ki','AUD','+686'),('KM','','','.km','KMF','+269'),('KN','KNA','SKN','.kn','XCD','+1869'),('KP','PRK','PRK','.kp','KPW','+850'),('KR','KOR','KOR','.kr','KRW','+82'),('KW','KWT','KUW','.kw','KWD','+965'),('KY','CYM','CAY','.ky','KYD','+1345'),('KZ','KAZ','KAZ','.kz','KZT','+7'),('LA','LAO','LAO','.la','LAK','+856'),('LB','LBN','LIB','.lb','LBP','+961'),('LC','LCA','LCA','.lc','XCD','+1758'),('LI','LIE','LIE','.li','CHF','+423'),('LK','LKA','SRI','.lk','LKR','+94'),('LR','LBR','LBR','.lr','LRD','+231'),('LS','LSO','LES','.ls','LSL','+266'),('LT','LTU','LTU','.lt','LTL','+370'),('LU','LUX','LUX','.lu','EUR','+352'),('LV','LVA','LAT','.lv','LVL','+371'),('LY','LBY','LBA','.ly','LYD','+218'),('MA','MAR','MAR','.ma','MAD','+211'),('MC','MCO','MON','.mc','EUR','+377'),('MD','MDA','MDA','.md','MDL','+373'),('ME','MNE','MNE','.me','','+382'),('MG','MDG','MAD','.mg','MGA','+261'),('MH','MHL','','.mh','USD','+692'),('MK','MKD','MKD','.mk','MKD','+389'),('ML','MLI','MLI','.ml','XOF','+223'),('MM','MMR','MYA','.mm','MMK','+95'),('MN','MNG','MGL','.mn','MNT','+976'),('MO','MAC','','.mo','MOP','+853'),('MP','MNP','','.mp','USD','+1670'),('MQ','MTQ','','.mq','EUR','+596'),('MR','MRT','MTN','.mr','MRO','+222'),('MS','MSR','','.ms','XCD','+1664'),('MT','MLT','MLT','.mt','EUR','+356'),('MU','MUS','MRI','.mu','MUR','+230'),('MV','MDV','MDV','.mv','MVR','+960'),('MW','MWI','MAW','.mw','MWK','+265'),('MX','MEX','MEX','.mx','MXN','+52'),('MY','MYS','MAS','.my','MYR','+60'),('MZ','MOZ','MOZ','.mz','MZM','+258'),('NA','NAM','NAM','.na','ZAR','+264'),('NC','NCL','','.nc','XPF','+687'),('NE','NER','NIG','.ne','XOF','+227'),('NF','NFK','','.nf','AUD','+6723'),('NG','NGA','NGR','.ng','NGN','+234'),('NI','NIC','NCA','.ni','NIO','+55'),('NL','NLD','NED','.nl','EUR','+31'),('NO','NOR','NOR','.no','NOK','+47'),('NP','NPL','NEP','.np','NPR','+977'),('NR','NRU','NRU','.nr','AUD','+674'),('NT','NTZ','','.nt','',''),('NU','NIU','','.nu','NZD','+683'),('NZ','NZL','NZL','.nz','NZD','+64'),('OM','OMN','OMA','.om','OMR','+968'),('PA','PAN','PAN','.pa','USD','+57'),('PE','PER','PER','.pe','PEN','+51'),('PF','PYF','','.pf','XPF','+689'),('PG','PNG','','.pg','PGK','+675'),('PH','PHL','PHI','.ph','PHP','+63'),('PK','PAK','PAK','.pk','PKR','+92'),('PL','POL','POL','.pl','PLN','+48'),('PM','SPM','','.pm','EUR','+508'),('PN','PCN','','.pn','NZD','+649'),('PR','PRI','PUR','.pr','USD','+1939'),('PS','PSE','PLE','.ps','','+970'),('PT','PRT','POR','.pt','EUR','+351'),('PW','PLW','PLW','.pw','USD','+680'),('PY','PRY','PAR','.py','PYG','+595'),('QA','QAT','QAT','.qa','QAR','+974'),('RE','REU','','.re','EUR','+262'),('RO','ROU','ROM','.ro','RON','+40'),('RU','RUS','RUS','.ru','RUB','+7'),('RW','RWA','RWA','.rw','RWF','+250'),('SA','SAU','KSA','.sa','SAR','+966'),('SB','SLB','SOL','.sb','SBD','+677'),('SC','SYC','SEY','.sc','SCR','+248'),('SD','SDN','SUD','.sd','SDD','+249'),('SE','SWE','SWE','.se','SEK','+46'),('SG','SGP','SIN','.sg','SGD','+65'),('SH','SHN','','.sh','SHP','+290'),('SI','SVN','SLO','.si','SIT','+386'),('SJ','SJM','','.sj','NOK',''),('SK','SVK','SVK','.sk','SKK','+421'),('SL','SLE','SLE','.sl','SLL','+232'),('SM','SMR','SMR','.sm','EUR','+378'),('SN','SEN','SEN','.sn','XOF','+221'),('SO','SOM','SOM','.so','SOS','+252'),('SR','SUR','SUR','.sr','SRD','+597'),('ST','STP','STP','.st','STD','+239'),('SU','SUN','URS','.su','',''),('SV','SLV','ESA','.sv','SVC','+53'),('SY','SYR','SYR','.sy','SYP','+963'),('SZ','SWZ','SWZ','.sz','SZL','+268'),('TA','TAA','','','','+290'),('TC','TCA','','.tc','USD','+1649'),('TD','TCD','CHA','.td','XAF','+235'),('TF','ATF','','.tf','EUR',''),('TG','TGO','TOG','.tg','XOF','+228'),('TH','THA','THA','.th','THB','+66'),('TJ','TJK','TJK','.tj','RUB','+992'),('TK','TKL','','.tk','NZD','+690'),('TL','TLS','','.tl','IDR','+670'),('TM','TKM','TKM','.tm','TMM','+993'),('TN','TUN','TUN','.tn','TND','+216'),('TO','TON','TGA','.to','TOP','+676'),('TR','TUR','TUR','.tr','TRY','+90'),('TT','TTO','TRI','.tt','TTD','+1868'),('TV','TUV','','.tv','TVD','+688'),('TW','TWN','TPE','.tw','TWD','+886'),('TZ','TZA','TAN','.tz','TZS','+255'),('UA','UKR','UKR','.ua','UAH','+380'),('UG','UGA','UGA','.ug','UGX','+256'),('US','USA','USA','.us','USD','+1'),('UY','URY','URU','.uy','UYU','+598'),('UZ','UZB','UZB','.uz','UZS','+998'),('VA','VAT','','.va','EUR','+3906'),('VC','VCT','VIN','.vc','XCD','+1784'),('VE','VEN','VEN','.ve','VEB','+58'),('VG','VGB','ISB','.vg','USD','+1284'),('VI','VIR','','.vi','USD','+1340'),('VN','VNM','VIE','.vn','VND','+84'),('VU','VUT','VAN','.vu','VUV','+678'),('WF','WLF','','.wf','XPF','+681'),('WS','WSM','SAM','.ws','WST',''),('YE','YEM','YEM','.ye','YER','+967'),('YT','MYT','','.yt','EUR','+269'),('ZA','ZAF','RSA','.za','ZAR','+27'),('ZM','ZMB','ZAM','.zm','ZMK','+260'),('ZW','ZWE','ZIM','.zw','ZWD','+263');
/*!40000 ALTER TABLE `core_intl_country` ENABLE KEYS */;
UNLOCK TABLES;

--
-- Table structure for table `core_intl_country_names`
--

DROP TABLE IF EXISTS `core_intl_country_names`;
/*!40101 SET @saved_cs_client     = @@character_set_client */;
/*!40101 SET character_set_client = utf8 */;
CREATE TABLE `core_intl_country_names` (
  `core_intl_country_ID` varchar(2) NOT NULL,
  `country_name_language` varchar(2) NOT NULL,
  `country_name` varchar(127) NOT NULL,
  PRIMARY KEY (`core_intl_country_ID`,`country_name_language`)
) ENGINE=InnoDB DEFAULT CHARSET=utf8;
/*!40101 SET character_set_client = @saved_cs_client */;

--
-- Dumping data for table `core_intl_country_names`
--

LOCK TABLES `core_intl_country_names` WRITE;
/*!40000 ALTER TABLE `core_intl_country_names` DISABLE KEYS */;
INSERT INTO `core_intl_country_names` VALUES ('AC','de','Ascension'),('AC','en','Ascension Island'),('AC','es','Isla de la Ascensión'),('AC','fr','Île de l’Ascension'),('AC','it','Isola di Ascensione'),('AD','de','Andorra'),('AD','en','Andorra'),('AD','es','Andorra'),('AD','fr','Andorre'),('AD','it','Andorra'),('AE','de','Vereinigte Arabische Emirate'),('AE','en','United Arab Emirates'),('AE','es','Emiratos Árabes Unidos'),('AE','fr','Émirats arabes unis'),('AE','it','Emirati Arabi Uniti'),('AF','de','Afghanistan'),('AF','en','Afghanistan'),('AF','es','Afganistán'),('AF','fr','Afghanistan'),('AF','it','Afghanistan'),('AG','de','Antigua und Barbuda'),('AG','en','Antigua and Barbuda'),('AG','es','Antigua y Barbuda'),('AG','fr','Antigua-et-Barbuda'),('AG','it','Antigua e Barbuda'),('AI','de','Anguilla'),('AI','en','Anguilla'),('AI','es','Anguila'),('AI','fr','Anguilla'),('AI','it','Anguilla'),('AL','de','Albanien'),('AL','en','Albania'),('AL','es','Albania'),('AL','fr','Albanie'),('AL','it','Albania'),('AM','de','Armenien'),('AM','en','Armenia'),('AM','es','Armenia'),('AM','fr','Arménie'),('AM','it','Armenia'),('AN','de','Niederländische Antillen'),('AN','en','Netherlands Antilles'),('AN','es','Antillas Neerlandesas'),('AN','fr','Antilles néerlandaises'),('AN','it','Antille Olandesi'),('AO','de','Angola'),('AO','en','Angola'),('AO','es','Angola'),('AO','fr','Angola'),('AO','it','Angola'),('AQ','de','Antarktis'),('AQ','en','Antarctica'),('AQ','es','Antártida'),('AQ','fr','Antarctique'),('AQ','it','Antartide'),('AR','de','Argentinien'),('AR','en','Argentina'),('AR','es','Argentina'),('AR','fr','Argentine'),('AR','it','Argentina'),('AS','de','Amerikanisch-Samoa'),('AS','en','American Samoa'),('AS','es','Samoa Americana'),('AS','fr','Samoa américaines'),('AS','it','Samoa Americane'),('AT','de','Österreich'),('AT','en','Austria'),('AT','es','Austria'),('AT','fr','Autriche'),('AT','it','Austria'),('AU','de','Australien'),('AU','en','Australia'),('AU','es','Australia'),('AU','fr','Australie'),('AU','it','Australia'),('AW','de','Aruba'),('AW','en','Aruba'),('AW','es','Aruba'),('AW','fr','Aruba'),('AW','it','Aruba'),('AX','de','Alandinseln'),('AX','en','Åland Islands'),('AX','es','Islas Åland'),('AX','fr','Îles Åland'),('AX','it','Isole Aland'),('AZ','de','Aserbaidschan'),('AZ','en','Azerbaijan'),('AZ','es','Azerbaiyán'),('AZ','fr','Azerbaïdjan'),('AZ','it','Azerbaigian'),('BA','de','Bosnien und Herzegowina'),('BA','en','Bosnia and Herzegovina'),('BA','es','Bosnia-Herzegovina'),('BA','fr','Bosnie-Herzégovine'),('BA','it','Bosnia Erzegovina'),('BB','de','Barbados'),('BB','en','Barbados'),('BB','es','Barbados'),('BB','fr','Barbade'),('BB','it','Barbados'),('BD','de','Bangladesch'),('BD','en','Bangladesh'),('BD','es','Bangladesh'),('BD','fr','Bangladesh'),('BD','it','Bangladesh'),('BE','de','Belgien'),('BE','en','Belgium'),('BE','es','Bélgica'),('BE','fr','Belgique'),('BE','it','Belgio'),('BF','de','Burkina Faso'),('BF','en','Burkina Faso'),('BF','es','Burkina Faso'),('BF','fr','Burkina Faso'),('BF','it','Burkina Faso'),('BG','de','Bulgarien'),('BG','en','Bulgaria'),('BG','es','Bulgaria'),('BG','fr','Bulgarie'),('BG','it','Bulgaria'),('BH','de','Bahrain'),('BH','en','Bahrain'),('BH','es','Bahréin'),('BH','fr','Bahreïn'),('BH','it','Bahrein'),('BI','de','Burundi'),('BI','en','Burundi'),('BI','es','Burundi'),('BI','fr','Burundi'),('BI','it','Burundi'),('BJ','de','Benin'),('BJ','en','Benin'),('BJ','es','Benín'),('BJ','fr','Bénin'),('BJ','it','Benin'),('BL','de','St. Barthélemy'),('BL','en','Saint Barthélemy'),('BL','es','San Bartolomé'),('BL','fr','Saint-Barthélémy'),('BL','it','San Bartolomeo'),('BM','de','Bermuda'),('BM','en','Bermuda'),('BM','es','Bermudas'),('BM','fr','Bermudes'),('BM','it','Bermuda'),('BN','de','Brunei Darussalam'),('BN','en','Brunei'),('BN','es','Brunéi'),('BN','fr','Brunéi Darussalam'),('BN','it','Brunei'),('BO','de','Bolivien'),('BO','en','Bolivia'),('BO','es','Bolivia'),('BO','fr','Bolivie'),('BO','it','Bolivia'),('BQ','de','Karibische Niederlande'),('BQ','en','Caribbean Netherlands'),('BQ','es','Caribe neerlandés'),('BQ','fr','Pays-Bas caribéens'),('BQ','it','Caraibi Olandesi'),('BR','de','Brasilien'),('BR','en','Brazil'),('BR','es','Brasil'),('BR','fr','Brésil'),('BR','it','Brasile'),('BS','de','Bahamas'),('BS','en','Bahamas'),('BS','es','Bahamas'),('BS','fr','Bahamas'),('BS','it','Bahamas'),('BT','de','Bhutan'),('BT','en','Bhutan'),('BT','es','Bután'),('BT','fr','Bhoutan'),('BT','it','Bhutan'),('BV','de','Bouvetinsel'),('BV','en','Bouvet Island'),('BV','es','Isla Bouvet'),('BV','fr','Île Bouvet'),('BV','it','Isola Bouvet'),('BW','de','Botsuana'),('BW','en','Botswana'),('BW','es','Botsuana'),('BW','fr','Botswana'),('BW','it','Botswana'),('BY','de','Belarus'),('BY','en','Belarus'),('BY','es','Bielorrusia'),('BY','fr','Bélarus'),('BY','it','Bielorussia'),('BZ','de','Belize'),('BZ','en','Belize'),('BZ','es','Belice'),('BZ','fr','Belize'),('BZ','it','Belize'),('CA','de','Kanada'),('CA','en','Canada'),('CA','es','Canadá'),('CA','fr','Canada'),('CA','it','Canada'),('CC','de','Kokosinseln'),('CC','en','Cocos [Keeling] Islands'),('CC','es','Islas Cocos'),('CC','fr','Îles Cocos [Keeling]'),('CC','it','Isole Cocos'),('CD','de','Kongo [Demokratische Republik]'),('CD','en','Congo [DRC]'),('CD','es','República Democrática del Congo'),('CD','fr','République démocratique du Congo'),('CD','it','Congo - RDC'),('CF','de','Zentralafrikanische Republik'),('CF','en','Central African Republic'),('CF','es','República Centroafricana'),('CF','fr','République centrafricaine'),('CF','it','Repubblica Centrafricana'),('CG','de','Kongo [Republik]'),('CG','en','Congo [Republic]'),('CG','es','Congo [República]'),('CG','fr','République du Congo'),('CG','it','Repubblica del Congo'),('CH','de','Schweiz'),('CH','en','Switzerland'),('CH','es','Suiza'),('CH','fr','Suisse'),('CH','it','Svizzera'),('CI','de','Elfenbeinküste'),('CI','en','Ivory Coast'),('CI','es','Costa de Marfil'),('CI','fr','Côte d’Ivoire'),('CI','it','Costa d\'Avorio'),('CK','de','Cookinseln'),('CK','en','Cook Islands'),('CK','es','Islas Cook'),('CK','fr','Îles Cook'),('CK','it','Isole Cook'),('CL','de','Chile'),('CL','en','Chile'),('CL','es','Chile'),('CL','fr','Chili'),('CL','it','Cile'),('CM','de','Kamerun'),('CM','en','Cameroon'),('CM','es','Camerún'),('CM','fr','Cameroun'),('CM','it','Camerun'),('CN','de','China'),('CN','en','China'),('CN','es','China'),('CN','fr','Chine'),('CN','it','Cina'),('CO','de','Kolumbien'),('CO','en','Colombia'),('CO','es','Colombia'),('CO','fr','Colombie'),('CO','it','Colombia'),('CP','de','Clipperton-Insel'),('CP','en','Clipperton Island'),('CP','es','Isla Clipperton'),('CP','fr','Île Clipperton'),('CP','it','Isola di Clipperton'),('CR','de','Costa Rica'),('CR','en','Costa Rica'),('CR','es','Costa Rica'),('CR','fr','Costa Rica'),('CR','it','Costa Rica'),('CU','de','Kuba'),('CU','en','Cuba'),('CU','es','Cuba'),('CU','fr','Cuba'),('CU','it','Cuba'),('CV','de','Kap Verde'),('CV','en','Cape Verde'),('CV','es','Cabo Verde'),('CV','fr','Cap-Vert'),('CV','it','Capo Verde'),('CW','de','Curaçao'),('CW','en','Curaçao'),('CW','es','Curazao'),('CW','fr','Curaçao'),('CW','it','Curaçao'),('CX','de','Weihnachtsinsel'),('CX','en','Christmas Island'),('CX','es','Isla Christmas'),('CX','fr','Île Christmas'),('CX','it','Isola di Christmas'),('CY','de','Zypern'),('CY','en','Cyprus'),('CY','es','Chipre'),('CY','fr','Chypre'),('CY','it','Cipro'),('CZ','de','Tschechische Republik'),('CZ','en','Czech Republic'),('CZ','es','República Checa'),('CZ','fr','République tchèque'),('CZ','it','Repubblica Ceca'),('DE','de','Deutschland'),('DE','en','Germany'),('DE','es','Alemania'),('DE','fr','Allemagne'),('DE','it','Germania'),('DG','de','Diego Garcia'),('DG','en','Diego Garcia'),('DG','es','Diego García'),('DG','fr','Diego Garcia'),('DG','it','Diego Garcia'),('DJ','de','Dschibuti'),('DJ','en','Djibouti'),('DJ','es','Yibuti'),('DJ','fr','Djibouti'),('DJ','it','Gibuti'),('DK','de','Dänemark'),('DK','en','Denmark'),('DK','es','Dinamarca'),('DK','fr','Danemark'),('DK','it','Danimarca'),('DM','de','Dominica'),('DM','en','Dominica'),('DM','es','Dominica'),('DM','fr','Dominique'),('DM','it','Dominica'),('DO','de','Dominikanische Republik'),('DO','en','Dominican Republic'),('DO','es','República Dominicana'),('DO','fr','République dominicaine'),('DO','it','Repubblica Dominicana'),('DZ','de','Algerien'),('DZ','en','Algeria'),('DZ','es','Argelia'),('DZ','fr','Algérie'),('DZ','it','Algeria'),('EA','de','Ceuta und Melilla'),('EA','en','Ceuta and Melilla'),('EA','es','Ceuta y Melilla'),('EA','fr','Ceuta et Melilla'),('EA','it','Ceuta e Melilla'),('EC','de','Ecuador'),('EC','en','Ecuador'),('EC','es','Ecuador'),('EC','fr','Équateur'),('EC','it','Ecuador'),('EE','de','Estland'),('EE','en','Estonia'),('EE','es','Estonia'),('EE','fr','Estonie'),('EE','it','Estonia'),('EG','de','Ägypten'),('EG','en','Egypt'),('EG','es','Egipto'),('EG','fr','Égypte'),('EG','it','Egitto'),('EH','de','Westsahara'),('EH','en','Western Sahara'),('EH','es','Sáhara Occidental'),('EH','fr','Sahara occidental'),('EH','it','Sahara Occidentale'),('ER','de','Eritrea'),('ER','en','Eritrea'),('ER','es','Eritrea'),('ER','fr','Érythrée'),('ER','it','Eritrea'),('ES','de','Spanien'),('ES','en','Spain'),('ES','es','España'),('ES','fr','Espagne'),('ES','it','Spagna'),('ET','de','Äthiopien'),('ET','en','Ethiopia'),('ET','es','Etiopía'),('ET','fr','Éthiopie'),('ET','it','Etiopia'),('EU','de','Europäische Union'),('EU','en','European Union'),('EU','es','Unión Europea'),('EU','fr','Union européenne'),('EU','it','Unione Europea'),('FI','de','Finnland'),('FI','en','Finland'),('FI','es','Finlandia'),('FI','fr','Finlande'),('FI','it','Finlandia'),('FJ','de','Fidschi'),('FJ','en','Fiji'),('FJ','es','Fiyi'),('FJ','fr','Fidji'),('FJ','it','Figi'),('FK','de','Falklandinseln'),('FK','en','Falkland Islands [Islas Malvinas]'),('FK','es','Islas Malvinas [Islas Falkland]'),('FK','fr','Îles Malouines'),('FK','it','Isole Falkland [isole Malvine]'),('FM','de','Mikronesien'),('FM','en','Micronesia'),('FM','es','Micronesia'),('FM','fr','États fédérés de Micronésie'),('FM','it','Micronesia'),('FO','de','Färöer'),('FO','en','Faroe Islands'),('FO','es','Islas Feroe'),('FO','fr','Îles Féroé'),('FO','it','Isole Faroe'),('FR','de','Frankreich'),('FR','en','France'),('FR','es','Francia'),('FR','fr','France'),('FR','it','Francia'),('GA','de','Gabun'),('GA','en','Gabon'),('GA','es','Gabón'),('GA','fr','Gabon'),('GA','it','Gabon'),('GB','de','Vereinigtes Königreich'),('GB','en','United Kingdom'),('GB','es','Reino Unido'),('GB','fr','Royaume-Uni'),('GB','it','Regno Unito'),('GD','de','Grenada'),('GD','en','Grenada'),('GD','es','Granada'),('GD','fr','Grenade'),('GD','it','Grenada'),('GE','de','Georgien'),('GE','en','Georgia'),('GE','es','Georgia'),('GE','fr','Géorgie'),('GE','it','Georgia'),('GF','de','Französisch-Guayana'),('GF','en','French Guiana'),('GF','es','Guayana Francesa'),('GF','fr','Guyane française'),('GF','it','Guiana Francese'),('GG','de','Guernsey'),('GG','en','Guernsey'),('GG','es','Guernsey'),('GG','fr','Guernesey'),('GG','it','Guernsey'),('GH','de','Ghana'),('GH','en','Ghana'),('GH','es','Ghana'),('GH','fr','Ghana'),('GH','it','Ghana'),('GI','de','Gibraltar'),('GI','en','Gibraltar'),('GI','es','Gibraltar'),('GI','fr','Gibraltar'),('GI','it','Gibilterra'),('GL','de','Grönland'),('GL','en','Greenland'),('GL','es','Groenlandia'),('GL','fr','Groenland'),('GL','it','Groenlandia'),('GM','de','Gambia'),('GM','en','Gambia'),('GM','es','Gambia'),('GM','fr','Gambie'),('GM','it','Gambia'),('GN','de','Guinea'),('GN','en','Guinea'),('GN','es','Guinea'),('GN','fr','Guinée'),('GN','it','Guinea'),('GP','de','Guadeloupe'),('GP','en','Guadeloupe'),('GP','es','Guadalupe'),('GP','fr','Guadeloupe'),('GP','it','Guadalupa'),('GQ','de','Äquatorialguinea'),('GQ','en','Equatorial Guinea'),('GQ','es','Guinea Ecuatorial'),('GQ','fr','Guinée équatoriale'),('GQ','it','Guinea Equatoriale'),('GR','de','Griechenland'),('GR','en','Greece'),('GR','es','Grecia'),('GR','fr','Grèce'),('GR','it','Grecia'),('GS','de','Südgeorgien und die Südlichen Sandwichinseln'),('GS','en','South Georgia and the South Sandwich Islands'),('GS','es','Islas Georgia del Sur y Sandwich del Sur'),('GS','fr','Géorgie du Sud et les Îles Sandwich du Sud'),('GS','it','Georgia del Sud e Isole Sandwich del Sud'),('GT','de','Guatemala'),('GT','en','Guatemala'),('GT','es','Guatemala'),('GT','fr','Guatemala'),('GT','it','Guatemala'),('GU','de','Guam'),('GU','en','Guam'),('GU','es','Guam'),('GU','fr','Guam'),('GU','it','Guam'),('GW','de','Guinea-Bissau'),('GW','en','Guinea-Bissau'),('GW','es','Guinea-Bissau'),('GW','fr','Guinée-Bissau'),('GW','it','Guinea-Bissau'),('GY','de','Guyana'),('GY','en','Guyana'),('GY','es','Guyana'),('GY','fr','Guyana'),('GY','it','Guyana'),('HK','de','Hongkong'),('HK','en','Hong Kong SAR China'),('HK','es','Hong Kong'),('HK','fr','R.A.S. chinoise de Hong Kong'),('HK','it','RAS di Hong Kong'),('HM','de','Heard- und McDonald-Inseln'),('HM','en','Heard Island and McDonald Islands'),('HM','es','Islas Heard y McDonald'),('HM','fr','Îles Heard et MacDonald'),('HM','it','Isole Heard ed Isole McDonald'),('HN','de','Honduras'),('HN','en','Honduras'),('HN','es','Honduras'),('HN','fr','Honduras'),('HN','it','Honduras'),('HR','de','Kroatien'),('HR','en','Croatia'),('HR','es','Croacia'),('HR','fr','Croatie'),('HR','it','Croazia'),('HT','de','Haiti'),('HT','en','Haiti'),('HT','es','Haití'),('HT','fr','Haïti'),('HT','it','Haiti'),('HU','de','Ungarn'),('HU','en','Hungary'),('HU','es','Hungría'),('HU','fr','Hongrie'),('HU','it','Ungheria'),('IC','de','Kanarische Inseln'),('IC','en','Canary Islands'),('IC','es','Islas Canarias'),('IC','fr','Îles Canaries'),('IC','it','Isole Canarie'),('ID','de','Indonesien'),('ID','en','Indonesia'),('ID','es','Indonesia'),('ID','fr','Indonésie'),('ID','it','Indonesia'),('IE','de','Irland'),('IE','en','Ireland'),('IE','es','Irlanda'),('IE','fr','Irlande'),('IE','it','Irlanda'),('IL','de','Israel'),('IL','en','Israel'),('IL','es','Israel'),('IL','fr','Israël'),('IL','it','Israele'),('IM','de','Isle of Man'),('IM','en','Isle of Man'),('IM','es','Isla de Man'),('IM','fr','Île de Man'),('IM','it','Isola di Man'),('IN','de','Indien'),('IN','en','India'),('IN','es','India'),('IN','fr','Inde'),('IN','it','India'),('IO','de','Britisches Territorium im Indischen Ozean'),('IO','en','British Indian Ocean Territory'),('IO','es','Territorio Británico del Océano Índico'),('IO','fr','Territoire britannique de l\'océan Indien'),('IO','it','Territorio Britannico dell’Oceano Indiano'),('IQ','de','Irak'),('IQ','en','Iraq'),('IQ','es','Iraq'),('IQ','fr','Irak'),('IQ','it','Iraq'),('IR','de','Iran'),('IR','en','Iran'),('IR','es','Irán'),('IR','fr','Iran'),('IR','it','Iran'),('IS','de','Island'),('IS','en','Iceland'),('IS','es','Islandia'),('IS','fr','Islande'),('IS','it','Islanda'),('IT','de','Italien'),('IT','en','Italy'),('IT','es','Italia'),('IT','fr','Italie'),('IT','it','Italia'),('JE','de','Jersey'),('JE','en','Jersey'),('JE','es','Jersey'),('JE','fr','Jersey'),('JE','it','Jersey'),('JM','de','Jamaika'),('JM','en','Jamaica'),('JM','es','Jamaica'),('JM','fr','Jamaïque'),('JM','it','Giamaica'),('JO','de','Jordanien'),('JO','en','Jordan'),('JO','es','Jordania'),('JO','fr','Jordanie'),('JO','it','Giordania'),('JP','de','Japan'),('JP','en','Japan'),('JP','es','Japón'),('JP','fr','Japon'),('JP','it','Giappone'),('KE','de','Kenia'),('KE','en','Kenya'),('KE','es','Kenia'),('KE','fr','Kenya'),('KE','it','Kenya'),('KG','de','Kirgisistan'),('KG','en','Kyrgyzstan'),('KG','es','Kirguistán'),('KG','fr','Kirghizistan'),('KG','it','Kirghizistan'),('KH','de','Kambodscha'),('KH','en','Cambodia'),('KH','es','Camboya'),('KH','fr','Cambodge'),('KH','it','Cambogia'),('KI','de','Kiribati'),('KI','en','Kiribati'),('KI','es','Kiribati'),('KI','fr','Kiribati'),('KI','it','Kiribati'),('KM','de','Komoren'),('KM','en','Comoros'),('KM','es','Comoras'),('KM','fr','Comores'),('KM','it','Comore'),('KN','de','St. Kitts und Nevis'),('KN','en','Saint Kitts and Nevis'),('KN','es','San Cristóbal y Nieves'),('KN','fr','Saint-Kitts-et-Nevis'),('KN','it','Saint Kitts e Nevis'),('KP','de','Demokratische Volksrepublik Korea'),('KP','en','North Korea'),('KP','es','Corea del Norte'),('KP','fr','Corée du Nord'),('KP','it','Corea del Nord'),('KR','de','Republik Korea'),('KR','en','South Korea'),('KR','es','Corea del Sur'),('KR','fr','Corée du Sud'),('KR','it','Corea del Sud'),('KW','de','Kuwait'),('KW','en','Kuwait'),('KW','es','Kuwait'),('KW','fr','Koweït'),('KW','it','Kuwait'),('KY','de','Kaimaninseln'),('KY','en','Cayman Islands'),('KY','es','Islas Caimán'),('KY','fr','Îles Caïmans'),('KY','it','Isole Cayman'),('KZ','de','Kasachstan'),('KZ','en','Kazakhstan'),('KZ','es','Kazajistán'),('KZ','fr','Kazakhstan'),('KZ','it','Kazakistan'),('LA','de','Laos'),('LA','en','Laos'),('LA','es','Laos'),('LA','fr','Laos'),('LA','it','Laos'),('LB','de','Libanon'),('LB','en','Lebanon'),('LB','es','Líbano'),('LB','fr','Liban'),('LB','it','Libano'),('LC','de','St. Lucia'),('LC','en','Saint Lucia'),('LC','es','Santa Lucía'),('LC','fr','Sainte-Lucie'),('LC','it','Saint Lucia'),('LI','de','Liechtenstein'),('LI','en','Liechtenstein'),('LI','es','Liechtenstein'),('LI','fr','Liechtenstein'),('LI','it','Liechtenstein'),('LK','de','Sri Lanka'),('LK','en','Sri Lanka'),('LK','es','Sri Lanka'),('LK','fr','Sri Lanka'),('LK','it','Sri Lanka'),('LR','de','Liberia'),('LR','en','Liberia'),('LR','es','Liberia'),('LR','fr','Libéria'),('LR','it','Liberia'),('LS','de','Lesotho'),('LS','en','Lesotho'),('LS','es','Lesoto'),('LS','fr','Lesotho'),('LS','it','Lesotho'),('LT','de','Litauen'),('LT','en','Lithuania'),('LT','es','Lituania'),('LT','fr','Lituanie'),('LT','it','Lituania'),('LU','de','Luxemburg'),('LU','en','Luxembourg'),('LU','es','Luxemburgo'),('LU','fr','Luxembourg'),('LU','it','Lussemburgo'),('LV','de','Lettland'),('LV','en','Latvia'),('LV','es','Letonia'),('LV','fr','Lettonie'),('LV','it','Lettonia'),('LY','de','Libyen'),('LY','en','Libya'),('LY','es','Libia'),('LY','fr','Libye'),('LY','it','Libia'),('MA','de','Marokko'),('MA','en','Morocco'),('MA','es','Marruecos'),('MA','fr','Maroc'),('MA','it','Marocco'),('MC','de','Monaco'),('MC','en','Monaco'),('MC','es','Mónaco'),('MC','fr','Monaco'),('MC','it','Monaco'),('MD','de','Republik Moldau'),('MD','en','Moldova'),('MD','es','Moldavia'),('MD','fr','Moldavie'),('MD','it','Moldavia'),('ME','de','Montenegro'),('ME','en','Montenegro'),('ME','es','Montenegro'),('ME','fr','Monténégro'),('ME','it','Montenegro'),('MF','de','St. Martin'),('MF','en','Saint Martin'),('MF','es','San Martín'),('MF','fr','Saint-Martin [partie française]'),('MF','it','Saint Martin'),('MG','de','Madagaskar'),('MG','en','Madagascar'),('MG','es','Madagascar'),('MG','fr','Madagascar'),('MG','it','Madagascar'),('MH','de','Marshallinseln'),('MH','en','Marshall Islands'),('MH','es','Islas Marshall'),('MH','fr','Îles Marshall'),('MH','it','Isole Marshall'),('MK','de','Mazedonien'),('MK','en','Macedonia'),('MK','es','Macedonia'),('MK','fr','Macédoine'),('MK','it','Repubblica di Macedonia'),('ML','de','Mali'),('ML','en','Mali'),('ML','es','Mali'),('ML','fr','Mali'),('ML','it','Mali'),('MM','de','Myanmar'),('MM','en','Myanmar [Burma]'),('MM','es','Myanmar [Birmania]'),('MM','fr','Myanmar'),('MM','it','Myanmar'),('MN','de','Mongolei'),('MN','en','Mongolia'),('MN','es','Mongolia'),('MN','fr','Mongolie'),('MN','it','Mongolia'),('MO','de','Macao'),('MO','en','Macau SAR China'),('MO','es','Macao'),('MO','fr','R.A.S. chinoise de Macao'),('MO','it','RAS di Macao'),('MP','de','Nördliche Marianen'),('MP','en','Northern Mariana Islands'),('MP','es','Islas Marianas del Norte'),('MP','fr','Îles Mariannes du Nord'),('MP','it','Isole Marianne Settentrionali'),('MQ','de','Martinique'),('MQ','en','Martinique'),('MQ','es','Martinica'),('MQ','fr','Martinique'),('MQ','it','Martinica'),('MR','de','Mauretanien'),('MR','en','Mauritania'),('MR','es','Mauritania'),('MR','fr','Mauritanie'),('MR','it','Mauritania'),('MS','de','Montserrat'),('MS','en','Montserrat'),('MS','es','Montserrat'),('MS','fr','Montserrat'),('MS','it','Montserrat'),('MT','de','Malta'),('MT','en','Malta'),('MT','es','Malta'),('MT','fr','Malte'),('MT','it','Malta'),('MU','de','Mauritius'),('MU','en','Mauritius'),('MU','es','Mauricio'),('MU','fr','Maurice'),('MU','it','Mauritius'),('MV','de','Malediven'),('MV','en','Maldives'),('MV','es','Maldivas'),('MV','fr','Maldives'),('MV','it','Maldive'),('MW','de','Malawi'),('MW','en','Malawi'),('MW','es','Malaui'),('MW','fr','Malawi'),('MW','it','Malawi'),('MX','de','Mexiko'),('MX','en','Mexico'),('MX','es','México'),('MX','fr','Mexique'),('MX','it','Messico'),('MY','de','Malaysia'),('MY','en','Malaysia'),('MY','es','Malasia'),('MY','fr','Malaisie'),('MY','it','Malesia'),('MZ','de','Mosambik'),('MZ','en','Mozambique'),('MZ','es','Mozambique'),('MZ','fr','Mozambique'),('MZ','it','Mozambico'),('NA','de','Namibia'),('NA','en','Namibia'),('NA','es','Namibia'),('NA','fr','Namibie'),('NA','it','Namibia'),('NC','de','Neukaledonien'),('NC','en','New Caledonia'),('NC','es','Nueva Caledonia'),('NC','fr','Nouvelle-Calédonie'),('NC','it','Nuova Caledonia'),('NE','de','Niger'),('NE','en','Niger'),('NE','es','Níger'),('NE','fr','Niger'),('NE','it','Niger'),('NF','de','Norfolkinsel'),('NF','en','Norfolk Island'),('NF','es','Isla Norfolk'),('NF','fr','Île Norfolk'),('NF','it','Isola Norfolk'),('NG','de','Nigeria'),('NG','en','Nigeria'),('NG','es','Nigeria'),('NG','fr','Nigéria'),('NG','it','Nigeria'),('NI','de','Nicaragua'),('NI','en','Nicaragua'),('NI','es','Nicaragua'),('NI','fr','Nicaragua'),('NI','it','Nicaragua'),('NL','de','Niederlande'),('NL','en','Netherlands'),('NL','es','Países Bajos'),('NL','fr','Pays-Bas'),('NL','it','Paesi Bassi'),('NO','de','Norwegen'),('NO','en','Norway'),('NO','es','Noruega'),('NO','fr','Norvège'),('NO','it','Norvegia'),('NP','de','Nepal'),('NP','en','Nepal'),('NP','es','Nepal'),('NP','fr','Népal'),('NP','it','Nepal'),('NR','de','Nauru'),('NR','en','Nauru'),('NR','es','Nauru'),('NR','fr','Nauru'),('NR','it','Nauru'),('NU','de','Niue'),('NU','en','Niue'),('NU','es','Isla Niue'),('NU','fr','Niue'),('NU','it','Niue'),('NZ','de','Neuseeland'),('NZ','en','New Zealand'),('NZ','es','Nueva Zelanda'),('NZ','fr','Nouvelle-Zélande'),('NZ','it','Nuova Zelanda'),('OM','de','Oman'),('OM','en','Oman'),('OM','es','Omán'),('OM','fr','Oman'),('OM','it','Oman'),('PA','de','Panama'),('PA','en','Panama'),('PA','es','Panamá'),('PA','fr','Panama'),('PA','it','Panama'),('PE','de','Peru'),('PE','en','Peru'),('PE','es','Perú'),('PE','fr','Pérou'),('PE','it','Perù'),('PF','de','Französisch-Polynesien'),('PF','en','French Polynesia'),('PF','es','Polinesia Francesa'),('PF','fr','Polynésie française'),('PF','it','Polinesia Francese'),('PG','de','Papua-Neuguinea'),('PG','en','Papua New Guinea'),('PG','es','Papúa Nueva Guinea'),('PG','fr','Papouasie-Nouvelle-Guinée'),('PG','it','Papua Nuova Guinea'),('PH','de','Philippinen'),('PH','en','Philippines'),('PH','es','Filipinas'),('PH','fr','Philippines'),('PH','it','Filippine'),('PK','de','Pakistan'),('PK','en','Pakistan'),('PK','es','Pakistán'),('PK','fr','Pakistan'),('PK','it','Pakistan'),('PL','de','Polen'),('PL','en','Poland'),('PL','es','Polonia'),('PL','fr','Pologne'),('PL','it','Polonia'),('PM','de','St. Pierre und Miquelon'),('PM','en','Saint Pierre and Miquelon'),('PM','es','San Pedro y Miquelón'),('PM','fr','Saint-Pierre-et-Miquelon'),('PM','it','Saint Pierre e Miquelon'),('PN','de','Pitcairninseln'),('PN','en','Pitcairn Islands'),('PN','es','Islas Pitcairn'),('PN','fr','Pitcairn'),('PN','it','Pitcairn'),('PR','de','Puerto Rico'),('PR','en','Puerto Rico'),('PR','es','Puerto Rico'),('PR','fr','Porto Rico'),('PR','it','Portorico'),('PS','de','Palästinensische Autonomiegebiete'),('PS','en','Palestinian Territories'),('PS','es','Territorios Palestinos'),('PS','fr','Territoire palestinien'),('PS','it','Territori palestinesi'),('PT','de','Portugal'),('PT','en','Portugal'),('PT','es','Portugal'),('PT','fr','Portugal'),('PT','it','Portogallo'),('PW','de','Palau'),('PW','en','Palau'),('PW','es','Palau'),('PW','fr','Palaos'),('PW','it','Palau'),('PY','de','Paraguay'),('PY','en','Paraguay'),('PY','es','Paraguay'),('PY','fr','Paraguay'),('PY','it','Paraguay'),('QA','de','Katar'),('QA','en','Qatar'),('QA','es','Qatar'),('QA','fr','Qatar'),('QA','it','Qatar'),('QO','de','Äußeres Ozeanien'),('QO','en','Outlying Oceania'),('QO','es','Territorios alejados de Oceanía'),('QO','fr','régions éloignées de l’Océanie'),('QO','it','Oceania lontana'),('RE','de','Réunion'),('RE','en','Réunion'),('RE','es','Reunión'),('RE','fr','Réunion'),('RE','it','Réunion'),('RO','de','Rumänien'),('RO','en','Romania'),('RO','es','Rumanía'),('RO','fr','Roumanie'),('RO','it','Romania'),('RS','de','Serbien'),('RS','en','Serbia'),('RS','es','Serbia'),('RS','fr','Serbie'),('RS','it','Serbia'),('RU','de','Russische Föderation'),('RU','en','Russia'),('RU','es','Rusia'),('RU','fr','Russie'),('RU','it','Federazione Russa'),('RW','de','Ruanda'),('RW','en','Rwanda'),('RW','es','Ruanda'),('RW','fr','Rwanda'),('RW','it','Ruanda'),('SA','de','Saudi-Arabien'),('SA','en','Saudi Arabia'),('SA','es','Arabia Saudí'),('SA','fr','Arabie saoudite'),('SA','it','Arabia Saudita'),('SB','de','Salomonen'),('SB','en','Solomon Islands'),('SB','es','Islas Salomón'),('SB','fr','Îles Salomon'),('SB','it','Isole Solomon'),('SC','de','Seychellen'),('SC','en','Seychelles'),('SC','es','Seychelles'),('SC','fr','Seychelles'),('SC','it','Seychelles'),('SD','de','Sudan'),('SD','en','Sudan'),('SD','es','Sudán'),('SD','fr','Soudan'),('SD','it','Sudan'),('SE','de','Schweden'),('SE','en','Sweden'),('SE','es','Suecia'),('SE','fr','Suède'),('SE','it','Svezia'),('SG','de','Singapur'),('SG','en','Singapore'),('SG','es','Singapur'),('SG','fr','Singapour'),('SG','it','Singapore'),('SH','de','St. Helena'),('SH','en','Saint Helena'),('SH','es','Santa Elena'),('SH','fr','Sainte-Hélène'),('SH','it','Sant’Elena'),('SI','de','Slowenien'),('SI','en','Slovenia'),('SI','es','Eslovenia'),('SI','fr','Slovénie'),('SI','it','Slovenia'),('SJ','de','Svalbard und Jan Mayen'),('SJ','en','Svalbard and Jan Mayen'),('SJ','es','Svalbard y Jan Mayen'),('SJ','fr','Svalbard et Île Jan Mayen'),('SJ','it','Svalbard e Jan Mayen'),('SK','de','Slowakei'),('SK','en','Slovakia'),('SK','es','Eslovaquia'),('SK','fr','Slovaquie'),('SK','it','Slovacchia'),('SL','de','Sierra Leone'),('SL','en','Sierra Leone'),('SL','es','Sierra Leona'),('SL','fr','Sierra Leone'),('SL','it','Sierra Leone'),('SM','de','San Marino'),('SM','en','San Marino'),('SM','es','San Marino'),('SM','fr','Saint-Marin'),('SM','it','San Marino'),('SN','de','Senegal'),('SN','en','Senegal'),('SN','es','Senegal'),('SN','fr','Sénégal'),('SN','it','Senegal'),('SO','de','Somalia'),('SO','en','Somalia'),('SO','es','Somalia'),('SO','fr','Somalie'),('SO','it','Somalia'),('SR','de','Suriname'),('SR','en','Suriname'),('SR','es','Surinam'),('SR','fr','Suriname'),('SR','it','Suriname'),('SS','de','Südsudan'),('SS','en','South Sudan'),('SS','es','Sudán del Sur'),('SS','fr','Soudan du Sud'),('SS','it','Sudan del Sud'),('ST','de','São Tomé und Príncipe'),('ST','en','São Tomé and Príncipe'),('ST','es','Santo Tomé y Príncipe'),('ST','fr','Sao Tomé-et-Príncipe'),('ST','it','Sao Tomé e Príncipe'),('SV','de','El Salvador'),('SV','en','El Salvador'),('SV','es','El Salvador'),('SV','fr','El Salvador'),('SV','it','El Salvador'),('SX','de','Sint Maarten'),('SX','en','Sint Maarten'),('SX','es','Sint Maarten'),('SX','fr','Saint-Martin [partie néerlandaise]'),('SX','it','Sint Maarten'),('SY','de','Syrien'),('SY','en','Syria'),('SY','es','Siria'),('SY','fr','Syrie'),('SY','it','Siria'),('SZ','de','Swasiland'),('SZ','en','Swaziland'),('SZ','es','Suazilandia'),('SZ','fr','Swaziland'),('SZ','it','Swaziland'),('TA','de','Tristan da Cunha'),('TA','en','Tristan da Cunha'),('TA','es','Tristán da Cunha'),('TA','fr','Tristan da Cunha'),('TA','it','Tristan da Cunha'),('TC','de','Turks- und Caicosinseln'),('TC','en','Turks and Caicos Islands'),('TC','es','Islas Turcas y Caicos'),('TC','fr','Îles Turks et Caïques'),('TC','it','Isole Turks e Caicos'),('TD','de','Tschad'),('TD','en','Chad'),('TD','es','Chad'),('TD','fr','Tchad'),('TD','it','Ciad'),('TF','de','Französische Süd- und Antarktisgebiete'),('TF','en','French Southern Territories'),('TF','es','Territorios Australes Franceses'),('TF','fr','Terres australes françaises'),('TF','it','Territori australi francesi'),('TG','de','Togo'),('TG','en','Togo'),('TG','es','Togo'),('TG','fr','Togo'),('TG','it','Togo'),('TH','de','Thailand'),('TH','en','Thailand'),('TH','es','Tailandia'),('TH','fr','Thaïlande'),('TH','it','Tailandia'),('TJ','de','Tadschikistan'),('TJ','en','Tajikistan'),('TJ','es','Tayikistán'),('TJ','fr','Tadjikistan'),('TJ','it','Tagikistan'),('TK','de','Tokelau'),('TK','en','Tokelau'),('TK','es','Tokelau'),('TK','fr','Tokelau'),('TK','it','Tokelau'),('TL','de','Osttimor'),('TL','en','East Timor'),('TL','es','Timor Oriental'),('TL','fr','Timor oriental'),('TL','it','Timor Est'),('TM','de','Turkmenistan'),('TM','en','Turkmenistan'),('TM','es','Turkmenistán'),('TM','fr','Turkménistan'),('TM','it','Turkmenistan'),('TN','de','Tunesien'),('TN','en','Tunisia'),('TN','es','Túnez'),('TN','fr','Tunisie'),('TN','it','Tunisia'),('TO','de','Tonga'),('TO','en','Tonga'),('TO','es','Tonga'),('TO','fr','Tonga'),('TO','it','Tonga'),('TR','de','Türkei'),('TR','en','Turkey'),('TR','es','Turquía'),('TR','fr','Turquie'),('TR','it','Turchia'),('TT','de','Trinidad und Tobago'),('TT','en','Trinidad and Tobago'),('TT','es','Trinidad y Tobago'),('TT','fr','Trinité-et-Tobago'),('TT','it','Trinidad e Tobago'),('TV','de','Tuvalu'),('TV','en','Tuvalu'),('TV','es','Tuvalu'),('TV','fr','Tuvalu'),('TV','it','Tuvalu'),('TW','de','Taiwan'),('TW','en','Taiwan'),('TW','es','Taiwán'),('TW','fr','Taïwan'),('TW','it','Taiwan'),('TZ','de','Tansania'),('TZ','en','Tanzania'),('TZ','es','Tanzania'),('TZ','fr','Tanzanie'),('TZ','it','Tanzania'),('UA','de','Ukraine'),('UA','en','Ukraine'),('UA','es','Ucrania'),('UA','fr','Ukraine'),('UA','it','Ucraina'),('UG','de','Uganda'),('UG','en','Uganda'),('UG','es','Uganda'),('UG','fr','Ouganda'),('UG','it','Uganda'),('UM','de','Amerikanisch-Ozeanien'),('UM','en','U.S. Outlying Islands'),('UM','es','Islas menores alejadas de los Estados Unidos'),('UM','fr','Îles éloignées des États-Unis'),('UM','it','Isole periferiche agli USA'),('US','de','Vereinigte Staaten'),('US','en','United States'),('US','es','Estados Unidos'),('US','fr','États-Unis'),('US','it','Stati Uniti'),('UY','de','Uruguay'),('UY','en','Uruguay'),('UY','es','Uruguay'),('UY','fr','Uruguay'),('UY','it','Uruguay'),('UZ','de','Usbekistan'),('UZ','en','Uzbekistan'),('UZ','es','Uzbekistán'),('UZ','fr','Ouzbékistan'),('UZ','it','Uzbekistan'),('VA','de','Vatikanstadt'),('VA','en','Vatican City'),('VA','es','Ciudad del Vaticano'),('VA','fr','État de la Cité du Vatican'),('VA','it','Città del Vaticano'),('VC','de','St. Vincent und die Grenadinen'),('VC','en','Saint Vincent and the Grenadines'),('VC','es','San Vicente y las Granadinas'),('VC','fr','Saint-Vincent-et-les Grenadines'),('VC','it','Saint Vincent e Grenadines'),('VE','de','Venezuela'),('VE','en','Venezuela'),('VE','es','Venezuela'),('VE','fr','Venezuela'),('VE','it','Venezuela'),('VG','de','Britische Jungferninseln'),('VG','en','British Virgin Islands'),('VG','es','Islas Vírgenes Británicas'),('VG','fr','Îles Vierges britanniques'),('VG','it','Isole Vergini Britanniche'),('VI','de','Amerikanische Jungferninseln'),('VI','en','U.S. Virgin Islands'),('VI','es','Islas Vírgenes de los Estados Unidos'),('VI','fr','Îles Vierges des États-Unis'),('VI','it','Isole Vergini Americane'),('VN','de','Vietnam'),('VN','en','Vietnam'),('VN','es','Vietnam'),('VN','fr','Viêt Nam'),('VN','it','Vietnam'),('VU','de','Vanuatu'),('VU','en','Vanuatu'),('VU','es','Vanuatu'),('VU','fr','Vanuatu'),('VU','it','Vanuatu'),('WF','de','Wallis und Futuna'),('WF','en','Wallis and Futuna'),('WF','es','Wallis y Futuna'),('WF','fr','Wallis-et-Futuna'),('WF','it','Wallis e Futuna'),('WS','de','Samoa'),('WS','en','Samoa'),('WS','es','Samoa'),('WS','fr','Samoa'),('WS','it','Samoa'),('YE','de','Jemen'),('YE','en','Yemen'),('YE','es','Yemen'),('YE','fr','Yémen'),('YE','it','Yemen'),('YT','de','Mayotte'),('YT','en','Mayotte'),('YT','es','Mayotte'),('YT','fr','Mayotte'),('YT','it','Mayotte'),('ZA','de','Südafrika'),('ZA','en','South Africa'),('ZA','es','Sudáfrica'),('ZA','fr','Afrique du Sud'),('ZA','it','Sudafrica'),('ZM','de','Sambia'),('ZM','en','Zambia'),('ZM','es','Zambia'),('ZM','fr','Zambie'),('ZM','it','Zambia'),('ZW','de','Simbabwe'),('ZW','en','Zimbabwe'),('ZW','es','Zimbabue'),('ZW','fr','Zimbabwe'),('ZW','it','Zimbabwe'),('ZZ','de','Unbekannte Region'),('ZZ','en','Unknown Region'),('ZZ','es','Región desconocida'),('ZZ','fr','région indéterminée'),('ZZ','it','Regione non valida o sconosciuta');
/*!40000 ALTER TABLE `core_intl_country_names` ENABLE KEYS */;
UNLOCK TABLES;

--
-- Table structure for table `core_intl_currency`
--

DROP TABLE IF EXISTS `core_intl_currency`;
/*!40101 SET @saved_cs_client     = @@character_set_client */;
/*!40101 SET character_set_client = utf8 */;
CREATE TABLE `core_intl_currency` (
  `id` varchar(3) NOT NULL,
  `currency_symbol` varchar(2) NOT NULL,
  PRIMARY KEY (`id`)
) ENGINE=InnoDB DEFAULT CHARSET=utf8;
/*!40101 SET character_set_client = @saved_cs_client */;

--
-- Dumping data for table `core_intl_currency`
--

LOCK TABLES `core_intl_currency` WRITE;
/*!40000 ALTER TABLE `core_intl_currency` DISABLE KEYS */;
INSERT INTO `core_intl_currency` VALUES ('ADP',''),('AED',''),('AFN',''),('ALL',''),('AMD',''),('ANG',''),('AOA',''),('ARA',''),('ARS',''),('ATS','öS'),('AUD','AU'),('AWG',''),('AZN',''),('BAM',''),('BBD',''),('BDT',''),('BEC',''),('BEF',''),('BEL',''),('BGN',''),('BHD',''),('BIF',''),('BMD',''),('BND',''),('BOB',''),('BOP',''),('BOV',''),('BRL','R$'),('BRZ',''),('BSD',''),('BTN',''),('BUK',''),('BWP',''),('BYR',''),('BZD',''),('CAD','CA'),('CDF',''),('CHE',''),('CHF',''),('CHW',''),('CLF',''),('CLP',''),('CNY','CN'),('COP',''),('CRC',''),('CSD',''),('CSK',''),('CUC',''),('CUP',''),('CVE',''),('CYP',''),('CZK',''),('DDM',''),('DEM',''),('DJF',''),('DKK',''),('DOP',''),('DZD',''),('ECS',''),('ECV',''),('EEK',''),('EGP',''),('ERN',''),('ESA',''),('ESB',''),('ESP',''),('ETB',''),('EUR','€'),('FIM',''),('FJD',''),('FKP',''),('FRF',''),('GBP','£'),('GEK',''),('GEL',''),('GHS',''),('GIP',''),('GMD',''),('GNF',''),('GNS',''),('GQE',''),('GRD',''),('GTQ',''),('GWE',''),('GWP',''),('GYD',''),('HKD','HK'),('HNL',''),('HRD',''),('HRK',''),('HTG',''),('HUF',''),('IDR',''),('IEP',''),('ILP',''),('ILS','₪'),('INR','₹'),('IQD',''),('IRR',''),('ISK',''),('ITL',''),('JMD',''),('JOD',''),('JPY','¥'),('KES',''),('KGS',''),('KHR',''),('KMF',''),('KPW',''),('KRW','₩'),('KWD',''),('KYD',''),('KZT',''),('LAK',''),('LBP',''),('LKR',''),('LRD',''),('LSL',''),('LTL',''),('LTT',''),('LUC',''),('LUF',''),('LUL',''),('LVL',''),('LVR',''),('LYD',''),('MAD',''),('MAF',''),('MDL',''),('MGA',''),('MGF',''),('MKD',''),('MLF',''),('MMK',''),('MNT',''),('MOP',''),('MRO',''),('MTL',''),('MTP',''),('MUR',''),('MVR',''),('MWK',''),('MXN','MX'),('MXP',''),('MXV',''),('MYR',''),('MZE',''),('MZN',''),('NAD',''),('NGN',''),('NIO',''),('NLG',''),('NOK',''),('NPR',''),('NZD','NZ'),('OMR',''),('PAB',''),('PEI',''),('PEN',''),('PES',''),('PGK',''),('PHP',''),('PKR',''),('PLN',''),('PTE',''),('PYG',''),('QAR',''),('RHD',''),('RON',''),('RSD',''),('RUB',''),('RWF',''),('SAR',''),('SBD',''),('SCR',''),('SDG',''),('SEK',''),('SGD',''),('SHP',''),('SIT',''),('SKK',''),('SLL',''),('SOS',''),('SRD',''),('SRG',''),('SSP',''),('STD',''),('SUR',''),('SVC',''),('SYP',''),('SZL',''),('THB','฿'),('TJR',''),('TJS',''),('TMT',''),('TND',''),('TOP',''),('TPE',''),('TRY',''),('TTD',''),('TWD','NT'),('TZS',''),('UAH',''),('UAK',''),('UGX',''),('USD','$'),('USN',''),('USS',''),('UYU',''),('UZS',''),('VEB',''),('VEF',''),('VND','₫'),('VUV',''),('WST',''),('XAF','FC'),('XAG',''),('XAU',''),('XBA',''),('XBB',''),('XBC',''),('XBD',''),('XCD','EC'),('XDR',''),('XEU',''),('XFO',''),('XFU',''),('XOF','CF'),('XPD',''),('XPF','CF'),('XPT',''),('XRE',''),('XTS',''),('XXX',''),('YDD',''),('YER',''),('YUN',''),('ZAL',''),('ZAR',''),('ZMK',''),('ZWL',''),('ZWR','');
/*!40000 ALTER TABLE `core_intl_currency` ENABLE KEYS */;
UNLOCK TABLES;

--
-- Table structure for table `core_intl_currency_names`
--

DROP TABLE IF EXISTS `core_intl_currency_names`;
/*!40101 SET @saved_cs_client     = @@character_set_client */;
/*!40101 SET character_set_client = utf8 */;
CREATE TABLE `core_intl_currency_names` (
  `core_intl_currency_ID` varchar(3) NOT NULL,
  `currency_name_language` varchar(2) NOT NULL,
  `currency_name` varchar(127) NOT NULL,
  PRIMARY KEY (`core_intl_currency_ID`,`currency_name_language`)
) ENGINE=InnoDB DEFAULT CHARSET=utf8;
/*!40101 SET character_set_client = @saved_cs_client */;

--
-- Dumping data for table `core_intl_currency_names`
--

LOCK TABLES `core_intl_currency_names` WRITE;
/*!40000 ALTER TABLE `core_intl_currency_names` DISABLE KEYS */;
INSERT INTO `core_intl_currency_names` VALUES ('ADP','de','Andorranische Pesete'),('ADP','en','Andorran Peseta'),('ADP','es','peseta andorrana'),('ADP','fr','peseta andorrane'),('ADP','it',''),('AED','de','VAE-Dirham'),('AED','en','United Arab Emirates Dirham'),('AED','es','dírham de los Emiratos Árabes Unidos'),('AED','fr','dirham des Émirats arabes unis'),('AED','it','Dirham degli Emirati Arabi Uniti'),('AFA','es',''),('AFA','it',''),('AFN','de','Afghanische Afghani'),('AFN','en','Afghan Afghani'),('AFN','es','afgani afgano'),('AFN','fr','afghani afghan'),('AFN','it','Afghani'),('ALL','de','Albanische Lek'),('ALL','en','Albanian Lek'),('ALL','es','lek albanés'),('ALL','fr','lek albanais'),('ALL','it','Lek Albanese'),('AMD','de','Armenische Dram'),('AMD','en','Armenian Dram'),('AMD','es','dram armenio'),('AMD','fr','dram arménien'),('AMD','it','Dram Armeno'),('ANG','de','Niederländische-Antillen-Gulden'),('ANG','en','Netherlands Antillean Guilder'),('ANG','es','florín de las Antillas Neerlandesas'),('ANG','fr','florin antillais'),('ANG','it','Fiorino delle Antille Olandesi'),('AOA','de','Angolanischer Kwanza'),('AOA','en','Angolan Kwanza'),('AOA','es','kwanza angoleño'),('AOA','fr','kwanza angolais'),('AOA','it','Kwanza Angolano'),('AOK','es',''),('AOK','it',''),('AON','es',''),('AON','it',''),('AOR','es',''),('AOR','it',''),('ARA','de','Argentinischer Austral'),('ARA','en','Argentine Austral'),('ARA','es','austral argentino'),('ARA','fr','austral argentin'),('ARA','it',''),('ARM','en','Argentine Peso (1881-1970)'),('ARP','it',''),('ARS','de','Argentinischer Peso'),('ARS','en','Argentine Peso'),('ARS','es','peso argentino'),('ARS','fr','peso argentin'),('ARS','it','Peso Argentino'),('ATS','de','Österreichischer Schilling'),('ATS','en','Austrian Schilling'),('ATS','es','chelín austriaco'),('ATS','fr','schilling autrichien'),('ATS','it',''),('AUD','de','Australischer Dollar'),('AUD','en','Australian Dollar'),('AUD','es','dólar australiano'),('AUD','fr','dollar australien'),('AUD','it','Dollaro Australiano'),('AWG','de','Aruba-Florin'),('AWG','en','Aruban Florin'),('AWG','es','florín de Aruba'),('AWG','fr','florin arubais'),('AWG','it','Fiorino di Aruba'),('AZM','es',''),('AZM','it',''),('AZN','de','Aserbaidschan-Manat'),('AZN','en','Azerbaijani Manat'),('AZN','es','manat azerí'),('AZN','fr','manat azéri'),('AZN','it','Manat Azero'),('BAD','es','dinar bosnio'),('BAD','fr','dinar bosniaque'),('BAD','it',''),('BAM','de','Bosnien und Herzegowina Konvertierbare Mark'),('BAM','en','Bosnia-Herzegovina Convertible Mark'),('BAM','es','marco convertible de Bosnia-Herzegovina'),('BAM','fr','mark convertible bosniaque'),('BAM','it','Marco Conv. Bosnia-Erzegovina'),('BBD','de','Barbados-Dollar'),('BBD','en','Barbadian Dollar'),('BBD','es','dólar de Barbados'),('BBD','fr','dollar barbadien'),('BBD','it','Dollaro di Barbados'),('BDT','de','Bangladesch-Taka'),('BDT','en','Bangladeshi Taka'),('BDT','es','taka de Bangladesh'),('BDT','fr','taka bangladeshi'),('BDT','it','Taka Bangladese'),('BEC','de','Belgischer Franc (konvertibel)'),('BEC','en','Belgian Franc (convertible)'),('BEC','es','franco belga (convertible)'),('BEC','fr','franc belge (convertible)'),('BEC','it',''),('BEF','de','Belgischer Franc'),('BEF','en','Belgian Franc'),('BEF','es','franco belga'),('BEF','fr','franc belge'),('BEF','it',''),('BEL','de','Belgischer Finanz-Franc'),('BEL','en','Belgian Franc (financial)'),('BEL','es','franco belga (financiero)'),('BEL','fr','franc belge (financier)'),('BEL','it',''),('BGL','en','Bulgarian Hard Lev'),('BGL','es','lev fuerte búlgaro'),('BGL','it',''),('BGM','en','Bulgarian Socialist Lev'),('BGN','de','Bulgarische Lew'),('BGN','en','Bulgarian Lev'),('BGN','es','leva búlgara'),('BGN','fr','nouveau lev bulgare'),('BGN','it','Nuovo Lev Bulgaro'),('BGO','en','Bulgarian Lev (1879-1952)'),('BHD','de','Bahrain-Dinar'),('BHD','en','Bahraini Dinar'),('BHD','es','dinar bahreiní'),('BHD','fr','dinar bahreïni'),('BHD','it','Dinaro del Bahraini'),('BIF','de','Burundi-Franc'),('BIF','en','Burundian Franc'),('BIF','es','franco de Burundi'),('BIF','fr','franc burundais'),('BIF','it','Franco del Burundi'),('BMD','de','Bermuda-Dollar'),('BMD','en','Bermudan Dollar'),('BMD','es','dólar de Bermudas'),('BMD','fr','dollar bermudien'),('BMD','it','Dollaro delle Bermuda'),('BND','de','Brunei-Dollar'),('BND','en','Brunei Dollar'),('BND','es','dólar de Brunéi'),('BND','fr','dollar brunéien'),('BND','it','Dollaro del Brunei'),('BOB','de','Bolivanischer Boliviano'),('BOB','en','Bolivian Boliviano'),('BOB','es','boliviano'),('BOB','fr','boliviano bolivien'),('BOB','it','Boliviano'),('BOL','en','Bolivian Boliviano (1863-1963)'),('BOP','de','Bolivianischer Peso'),('BOP','en','Bolivian Peso'),('BOP','es','peso boliviano'),('BOP','fr','peso bolivien'),('BOP','it',''),('BOV','de','Boliviansiche Mvdol'),('BOV','en','Bolivian Mvdol'),('BOV','es','MVDOL boliviano'),('BOV','fr','mvdol bolivien'),('BOV','it',''),('BRB','it',''),('BRC','es','cruzado brasileño'),('BRC','it',''),('BRE','it',''),('BRL','de','Brasilianischer Real'),('BRL','en','Brazilian Real'),('BRL','es','real brasileño'),('BRL','fr','réal brésilien'),('BRL','it','Real Brasiliano'),('BRN','es','nuevo cruzado brasileño'),('BRN','fr','nouveau cruzado'),('BRN','it',''),('BRR','es','cruceiro brasileño'),('BRR','fr','cruzeiro'),('BRR','it',''),('BRZ','de',''),('BSD','de','Bahama-Dollar'),('BSD','en','Bahamian Dollar'),('BSD','es','dólar de las Bahamas'),('BSD','fr','dollar bahaméen'),('BSD','it','Dollaro delle Bahamas'),('BTN','de','Bhutan-Ngultrum'),('BTN','en','Bhutanese Ngultrum'),('BTN','es','ngultrum butanés'),('BTN','fr','ngultrum bouthanais'),('BTN','it','Ngultrum Butanese'),('BUK','de','Birmanischer Kyat'),('BUK','en','Burmese Kyat'),('BUK','es','kyat birmano'),('BUK','fr','kyat birman'),('BUK','it',''),('BWP','de','Botswanische Pula'),('BWP','en','Botswanan Pula'),('BWP','es','pula botsuano'),('BWP','fr','pula botswanais'),('BWP','it','Pula del Botswana'),('BYB','it',''),('BYR','de','Belarus-Rubel'),('BYR','en','Belarusian Ruble'),('BYR','es','rublo bielorruso'),('BYR','fr','rouble biélorusse'),('BYR','it','Rublo Bielorussia'),('BZD','de','Belize-Dollar'),('BZD','en','Belize Dollar'),('BZD','es','dólar de Belice'),('BZD','fr','dollar bélizéen'),('BZD','it','Dollaro del Belize'),('CAD','de','Kanadischer Dollar'),('CAD','en','Canadian Dollar'),('CAD','es','dólar canadiense'),('CAD','fr','dollar canadien'),('CAD','it','Dollaro Canadese'),('CDF','de','Kongo-Franc'),('CDF','en','Congolese Franc'),('CDF','es','franco congoleño'),('CDF','fr','franc congolais'),('CDF','it','Franco Congolese'),('CHE','de','WIR-Euro'),('CHE','en','WIR Euro'),('CHE','es','euro WIR'),('CHE','fr','euro WIR'),('CHF','de','Schweizer Franken'),('CHF','en','Swiss Franc'),('CHF','es','franco suizo'),('CHF','fr','franc suisse'),('CHF','it','Franco Svizzero'),('CHW','de','WIR Franken'),('CHW','en','WIR Franc'),('CHW','es','franco WIR'),('CHW','fr','franc WIR'),('CLE','en','Chilean Escudo'),('CLF','de','Chilenische Unidades de Fomento'),('CLF','en','Chilean Unit of Account (UF)'),('CLF','es','unidad de fomento chilena'),('CLF','fr','unité d’investissement chilienne'),('CLF','it',''),('CLP','de','Chilenischer Peso'),('CLP','en','Chilean Peso'),('CLP','es','peso chileno'),('CLP','fr','peso chilien'),('CLP','it','Peso Cileno'),('CNX','en','Chinese People’s Bank Dollar'),('CNY','de','Renminbi Yuan'),('CNY','en','Chinese Yuan'),('CNY','es','yuan chino'),('CNY','fr','yuan renminbi chinois'),('CNY','it','Renmimbi Cinese'),('COP','de','Kolumbianischer Peso'),('COP','en','Colombian Peso'),('COP','es','peso colombiano'),('COP','fr','peso colombien'),('COP','it','Peso Colombiano'),('COU','en','Colombian Real Value Unit'),('COU','es','unidad de valor real colombiana'),('COU','fr','unité de valeur réelle colombienne'),('CRC','de','Costa-Rica-Colón'),('CRC','en','Costa Rican Colón'),('CRC','es','colón costarricense'),('CRC','fr','colón costaricain'),('CRC','it','Colón Costaricano'),('CSD','de','Serbischer Dinar (2002-2006)'),('CSD','en','Serbian Dinar (2002-2006)'),('CSD','es','antiguo dinar serbio'),('CSD','fr','dinar serbo-monténégrin'),('CSD','it',''),('CSK','de','Tschechoslowakische Krone'),('CSK','en','Czechoslovak Hard Koruna'),('CSK','es','corona fuerte checoslovaca'),('CSK','fr','couronne forte tchécoslovaque'),('CSK','it',''),('CUC','de','Kubanischer Peso (konvertibel)'),('CUC','en','Cuban Convertible Peso'),('CUC','es','peso cubano convertible'),('CUC','fr','peso cubain convertible'),('CUC','it','Peso Cubano Convertibile'),('CUP','de','Kubanischer Peso'),('CUP','en','Cuban Peso'),('CUP','es','peso cubano'),('CUP','fr','peso cubain'),('CUP','it','Peso Cubano'),('CVE','de','Kap-Verde-Escudo'),('CVE','en','Cape Verdean Escudo'),('CVE','es','escudo de Cabo Verde'),('CVE','fr','escudo capverdien'),('CVE','it','Escudo del Capo Verde'),('CYP','de','Zypern-Pfund'),('CYP','en','Cypriot Pound'),('CYP','es','libra chipriota'),('CYP','fr','livre chypriote'),('CYP','it',''),('CZK','de','Tschechische Krone'),('CZK','en','Czech Republic Koruna'),('CZK','es','corona checa'),('CZK','fr','couronne tchèque'),('CZK','it','Corona Ceca'),('DDM','de','Mark der DDR'),('DDM','en','East German Mark'),('DDM','es','ostmark de Alemania del Este'),('DDM','fr','mark est-allemand'),('DDM','it',''),('DEM','de','Deutsche Mark'),('DEM','en','German Mark'),('DEM','es','marco alemán'),('DEM','fr','mark allemand'),('DEM','it',''),('DJF','de','Dschibuti-Franc'),('DJF','en','Djiboutian Franc'),('DJF','es','franco de Yibuti'),('DJF','fr','franc djiboutien'),('DJF','it','Franco Gibutiano'),('DKK','de','Dänische Krone'),('DKK','en','Danish Krone'),('DKK','es','corona danesa'),('DKK','fr','couronne danoise'),('DKK','it','Corona Danese'),('DOP','de','Dominikanischer Peso'),('DOP','en','Dominican Peso'),('DOP','es','peso dominicano'),('DOP','fr','peso dominicain'),('DOP','it','Peso Dominicano'),('DZD','de','Algerischer Dinar'),('DZD','en','Algerian Dinar'),('DZD','es','dinar argelino'),('DZD','fr','dinar algérien'),('DZD','it','Dinaro Algerino'),('ECS','de','Ecuadorianischer Sucre'),('ECS','en','Ecuadorian Sucre'),('ECS','es','sucre ecuatoriano'),('ECS','fr','sucre équatorien'),('ECS','it',''),('ECV','de','Verrechnungseinheit für Ecuador'),('ECV','en','Ecuadorian Unit of Constant Value'),('ECV','es','unidad de valor constante (UVC) ecuatoriana'),('ECV','fr','unité de valeur constante équatoriale (UVC)'),('ECV','it',''),('EEK','de','Estnische Krone'),('EEK','en','Estonian Kroon'),('EEK','es','corona estonia'),('EEK','fr','couronne estonienne'),('EEK','it',''),('EGP','de','Ägyptisches Pfund'),('EGP','en','Egyptian Pound'),('EGP','es','libra egipcia'),('EGP','fr','livre égyptienne'),('EGP','it','Sterlina Egiziana'),('ERN','de','Eritreische Nakfa'),('ERN','en','Eritrean Nakfa'),('ERN','es','nakfa eritreo'),('ERN','fr','nafka érythréen'),('ERN','it','Nakfa Eritreo'),('ESA','de','Spanische Peseta (A-Konten)'),('ESA','en','Spanish Peseta (A account)'),('ESA','es','peseta española (cuenta A)'),('ESA','fr','peseta espagnole (compte A)'),('ESA','it',''),('ESB','de','Spanische Peseta (konvertibel)'),('ESB','en','Spanish Peseta (convertible account)'),('ESB','es','peseta española (cuenta convertible)'),('ESB','fr','peseta espagnole (compte convertible)'),('ESB','it',''),('ESP','de','Spanische Peseta'),('ESP','en','Spanish Peseta'),('ESP','es','peseta española'),('ESP','fr','peseta espagnole'),('ESP','it',''),('ETB','de','Äthiopische Birr'),('ETB','en','Ethiopian Birr'),('ETB','es','birr etíope'),('ETB','fr','birr éthiopien'),('ETB','it','Birr Etiopico'),('EUR','de','Euro'),('EUR','en','Euro'),('EUR','es','euro'),('EUR','fr','euro'),('EUR','it','Euro'),('FIM','de','Finnische Mark'),('FIM','en','Finnish Markka'),('FIM','es','marco finlandés'),('FIM','fr','mark finlandais'),('FIM','it',''),('FJD','de','Fidschi-Dollar'),('FJD','en','Fijian Dollar'),('FJD','es','dólar de las Islas Fiyi'),('FJD','fr','dollar fidjien'),('FJD','it','Dollaro delle Figi'),('FKP','de','Falkland-Pfund'),('FKP','en','Falkland Islands Pound'),('FKP','es','libra de las Islas Malvinas'),('FKP','fr','livre des Falkland'),('FKP','it','Sterlina delle Falkland'),('FRF','de','Französischer Franc'),('FRF','en','French Franc'),('FRF','es','franco francés'),('FRF','fr','franc français'),('FRF','it',''),('GBP','de','Britisches Pfund Sterling'),('GBP','en','British Pound Sterling'),('GBP','es','libra esterlina británica'),('GBP','fr','livre sterling'),('GBP','it','Sterlina Inglese'),('GEK','de','Georgischer Kupon Larit'),('GEK','en','Georgian Kupon Larit'),('GEK','es',''),('GEK','fr','coupon de lari géorgien'),('GEK','it',''),('GEL','de','Georgischer Lari'),('GEL','en','Georgian Lari'),('GEL','es','lari georgiano'),('GEL','fr','lari géorgien'),('GEL','it','Lari Georgiano'),('GHC','es',''),('GHC','fr','cédi'),('GHC','it',''),('GHS','de','Ghanaischer Cedi'),('GHS','en','Ghanaian Cedi'),('GHS','es','cedi ghanés'),('GHS','fr','cédi ghanéen'),('GHS','it','Cedi ghanese'),('GIP','de','Gibraltar-Pfund'),('GIP','en','Gibraltar Pound'),('GIP','es','libra de Gibraltar'),('GIP','fr','livre de Gibraltar'),('GIP','it','Sterlina di Gibilterra'),('GMD','de','Gambia-Dalasi'),('GMD','en','Gambian Dalasi'),('GMD','es','dalasi gambiano'),('GMD','fr','dalasi gambien'),('GMD','it','Dalasi del Gambia'),('GNF','de','Guinea-Franc'),('GNF','en','Guinean Franc'),('GNF','es','franco guineano'),('GNF','fr','franc guinéen'),('GNF','it','Franco della Guinea'),('GNS','de','Guineischer Syli'),('GNS','en','Guinean Syli'),('GNS','es',''),('GNS','fr','syli guinéen'),('GNS','it',''),('GQE','de','Äquatorialguinea-Ekwele'),('GQE','en','Equatorial Guinean Ekwele'),('GQE','es','ekuele de Guinea Ecuatorial'),('GQE','fr','ekwélé équatoguinéen'),('GQE','it',''),('GRD','de','Griechische Drachme'),('GRD','en','Greek Drachma'),('GRD','es','dracma griego'),('GRD','fr','drachme grecque'),('GRD','it',''),('GTQ','de','Guatemaltekischer Quetzal'),('GTQ','en','Guatemalan Quetzal'),('GTQ','es','quetzal guatemalteco'),('GTQ','fr','quetzal guatémaltèque'),('GTQ','it','Quetzal Guatemalteco'),('GWE','de','Portugiesisch Guinea Escudo'),('GWE','en','Portuguese Guinea Escudo'),('GWE','es',''),('GWE','fr','escudo de Guinée portugaise'),('GWE','it',''),('GWP','de','Guinea-Bissau Peso'),('GWP','en','Guinea-Bissau Peso'),('GWP','es',''),('GWP','fr','peso bissau-guinéen'),('GWP','it',''),('GYD','de','Guyana-Dollar'),('GYD','en','Guyanaese Dollar'),('GYD','es','dólar guyanés'),('GYD','fr','dollar du Guyana'),('GYD','it','Dollaro della Guyana'),('HKD','de','Hongkong-Dollar'),('HKD','en','Hong Kong Dollar'),('HKD','es','dólar de Hong Kong'),('HKD','fr','dollar de Hong Kong'),('HKD','it','Dollaro di Hong Kong'),('HNL','de','Honduras-Lempira'),('HNL','en','Honduran Lempira'),('HNL','es','lempira hondureño'),('HNL','fr','lempira hondurien'),('HNL','it','Lempira Hoduregno'),('HRD','de','Kroatischer Dinar'),('HRD','en','Croatian Dinar'),('HRD','es','dinar croata'),('HRD','fr','dinar croate'),('HRD','it',''),('HRK','de','Kroatischer Kuna'),('HRK','en','Croatian Kuna'),('HRK','es','kuna croata'),('HRK','fr','kuna croate'),('HRK','it','Kuna Croata'),('HTG','de','Haitianische Gourde'),('HTG','en','Haitian Gourde'),('HTG','es','gourde haitiano'),('HTG','fr','gourde haïtienne'),('HTG','it','Gourde Haitiano'),('HUF','de','Ungarische Forint'),('HUF','en','Hungarian Forint'),('HUF','es','florín húngaro'),('HUF','fr','forint hongrois'),('HUF','it','Fiorino Ungherese'),('IDR','de','Indonesische Rupiah'),('IDR','en','Indonesian Rupiah'),('IDR','es','rupia indonesia'),('IDR','fr','roupie indonésienne'),('IDR','it','Rupia Indonesiana'),('IEP','de','Irisches Pfund'),('IEP','en','Irish Pound'),('IEP','es','libra irlandesa'),('IEP','fr','livre irlandaise'),('IEP','it',''),('ILP','de','Israelisches Pfund'),('ILP','en','Israeli Pound'),('ILP','es','libra israelí'),('ILP','fr','livre israélienne'),('ILP','it',''),('ILS','de','Israelische Neuer Schekel'),('ILS','en','Israeli New Sheqel'),('ILS','es','nuevo sheqel israelí'),('ILS','fr','nouveau shekel israélien'),('ILS','it','Nuovo Shequel Israeliano'),('INR','de','Indische Rupie'),('INR','en','Indian Rupee'),('INR','es','rupia india'),('INR','fr','roupie indienne'),('INR','it','Rupia Indiana'),('IQD','de','Irakischer Dinar'),('IQD','en','Iraqi Dinar'),('IQD','es','dinar iraquí'),('IQD','fr','dinar irakien'),('IQD','it','Dinaro Iracheno'),('IRR','de','Iranische Rial'),('IRR','en','Iranian Rial'),('IRR','es','rial iraní'),('IRR','fr','rial iranien'),('IRR','it','Rial Iraniano'),('ISK','de','Isländische Krone'),('ISK','en','Icelandic Króna'),('ISK','es','corona islandesa'),('ISK','fr','couronne islandaise'),('ISK','it','Corona Islandese'),('ITL','de','Italienische Lira'),('ITL','en','Italian Lira'),('ITL','es','lira italiana'),('ITL','fr','lire italienne'),('ITL','it',''),('JMD','de','Jamaika-Dollar'),('JMD','en','Jamaican Dollar'),('JMD','es','dólar de Jamaica'),('JMD','fr','dollar jamaïcain'),('JMD','it','Dollaro Giamaicano'),('JOD','de','Jordanischer Dinar'),('JOD','en','Jordanian Dinar'),('JOD','es','dinar jordano'),('JOD','fr','dinar jordanien'),('JOD','it','Dinaro Giordano'),('JPY','de','Japanische Yen'),('JPY','en','Japanese Yen'),('JPY','es','yen japonés'),('JPY','fr','yen japonais'),('JPY','it','Yen Giapponese'),('KES','de','Kenia-Schilling'),('KES','en','Kenyan Shilling'),('KES','es','chelín keniata'),('KES','fr','shilling kényan'),('KES','it','Scellino Keniota'),('KGS','de','Kirgisischer Som'),('KGS','en','Kyrgystani Som'),('KGS','es','som kirguís'),('KGS','fr','som kirghize'),('KGS','it','Som Kirghiso'),('KHR','de','Kambodschanischer Riel'),('KHR','en','Cambodian Riel'),('KHR','es','riel camboyano'),('KHR','fr','riel cambodgien'),('KHR','it','Riel Cambogiano'),('KMF','de','Komoren-Franc'),('KMF','en','Comorian Franc'),('KMF','es','franco comorense'),('KMF','fr','franc comorien'),('KMF','it','Franco Comoriano'),('KPW','de','Nordkoreanischer Won'),('KPW','en','North Korean Won'),('KPW','es','won norcoreano'),('KPW','fr','won nord-coréen'),('KPW','it','Won Nordcoreano'),('KRW','de','Südkoreanischer Won'),('KRW','en','South Korean Won'),('KRW','es','won surcoreano'),('KRW','fr','won sud-coréen'),('KRW','it','Won Sudcoreano'),('KWD','de','Kuwait-Dinar'),('KWD','en','Kuwaiti Dinar'),('KWD','es','dinar kuwaití'),('KWD','fr','dinar koweïtien'),('KWD','it','Dinaro Kuwaitiano'),('KYD','de','Kaiman-Dollar'),('KYD','en','Cayman Islands Dollar'),('KYD','es','dólar de las Islas Caimán'),('KYD','fr','dollar des îles Caïmanes'),('KYD','it','Dollaro delle Isole Cayman'),('KZT','de','Kasachischer Tenge'),('KZT','en','Kazakhstani Tenge'),('KZT','es','tenge kazako'),('KZT','fr','tenge kazakh'),('KZT','it','Tenge Kazaco'),('LAK','de','Laotischer Kip'),('LAK','en','Laotian Kip'),('LAK','es','kip laosiano'),('LAK','fr','kip loatien'),('LAK','it','Kip Laotiano'),('LBP','de','Libanesisches Pfund'),('LBP','en','Lebanese Pound'),('LBP','es','libra libanesa'),('LBP','fr','livre libanaise'),('LBP','it','Sterlina Libanese'),('LKR','de','Sri-Lanka-Rupie'),('LKR','en','Sri Lankan Rupee'),('LKR','es','rupia de Sri Lanka'),('LKR','fr','roupie srilankaise'),('LKR','it','Rupia di Sri Lanka'),('LRD','de','Liberianischer Dollar'),('LRD','en','Liberian Dollar'),('LRD','es','dólar liberiano'),('LRD','fr','dollar libérien'),('LRD','it','Dollaro Liberiano'),('LSL','de','Loti'),('LSL','en','Lesotho Loti'),('LSL','es',''),('LSL','fr','loti lesothan'),('LSL','it',''),('LTL','de','Litauischer Litas'),('LTL','en','Lithuanian Litas'),('LTL','es','litas lituano'),('LTL','fr','litas lituanien'),('LTL','it','Lita Lituana'),('LTT','de','Litauischer Talonas'),('LTT','en','Lithuanian Talonas'),('LTT','es','talonas lituano'),('LTT','fr','talonas lituanien'),('LTT','it',''),('LUC','de','Luxemburgischer Franc (konvertibel)'),('LUC','en','Luxembourgian Convertible Franc'),('LUC','es','franco convertible luxemburgués'),('LUC','fr','franc convertible luxembourgeois'),('LUC','it',''),('LUF','de','Luxemburgischer Franc'),('LUF','en','Luxembourgian Franc'),('LUF','es','franco luxemburgués'),('LUF','fr','franc luxembourgeois'),('LUF','it',''),('LUL','de','Luxemburgischer Finanz-Franc'),('LUL','en','Luxembourg Financial Franc'),('LUL','es','franco financiero luxemburgués'),('LUL','fr','franc financier luxembourgeois'),('LUL','it',''),('LVL','de','Lettischer Lats'),('LVL','en','Latvian Lats'),('LVL','es','lats letón'),('LVL','fr','lats letton'),('LVL','it','Lat Lettone'),('LVR','de','Lettischer Rubel'),('LVR','en','Latvian Ruble'),('LVR','es','rublo letón'),('LVR','fr','rouble letton'),('LVR','it',''),('LYD','de','Libyscher Dinar'),('LYD','en','Libyan Dinar'),('LYD','es','dinar libio'),('LYD','fr','dinar lybien'),('LYD','it','Dinaro Libico'),('MAD','de','Marokkanischer Dirham'),('MAD','en','Moroccan Dirham'),('MAD','es','dirham marroquí'),('MAD','fr','dirham marocain'),('MAD','it','Dirham Marocchino'),('MAF','de','Marokkanischer Franc'),('MAF','en','Moroccan Franc'),('MAF','es','franco marroquí'),('MAF','fr','franc marocain'),('MAF','it',''),('MCF','en','Monegasque Franc'),('MDC','en','Moldovan Cupon'),('MDL','de','Moldau-Leu'),('MDL','en','Moldovan Leu'),('MDL','es','leu moldavo'),('MDL','fr','leu moldave'),('MDL','it','Leu Moldavo'),('MGA','de','Madagaskar-Ariary'),('MGA','en','Malagasy Ariary'),('MGA','es','ariary malgache'),('MGA','fr','ariary malgache'),('MGA','it','Ariary Malgascio'),('MGF','de','Madagaskar-Franc'),('MGF','en','Malagasy Franc'),('MGF','es',''),('MGF','fr','franc malgache'),('MGF','it',''),('MKD','de','Mazedonischer Denar'),('MKD','en','Macedonian Denar'),('MKD','es','dinar macedonio'),('MKD','fr','denar macédonien'),('MKD','it','Dinaro Macedone'),('MLF','de','Malischer Franc'),('MLF','en','Malian Franc'),('MLF','es',''),('MLF','fr','franc malien'),('MLF','it',''),('MMK','de','Myanmarischer Kyat'),('MMK','en','Myanma Kyat'),('MMK','es','kyat de Myanmar'),('MMK','fr','kyat myanmarais'),('MMK','it','Kyat di Myanmar'),('MNT','de','Mongolischer Tögrög'),('MNT','en','Mongolian Tugrik'),('MNT','es','tugrik mongol'),('MNT','fr','tugrik mongol'),('MNT','it','Tugrik Mongolo'),('MOP','de','Macao-Pataca'),('MOP','en','Macanese Pataca'),('MOP','es','pataca de Macao'),('MOP','fr','pataca macanaise'),('MOP','it','Pataca di Macao'),('MRO','de','Mauretanischer Ouguiya'),('MRO','en','Mauritanian Ouguiya'),('MRO','es','ouguiya mauritano'),('MRO','fr','ouguiya mauritanien'),('MRO','it','Ouguiya della Mauritania'),('MTL','de','Maltesische Lira'),('MTL','en','Maltese Lira'),('MTL','es','lira maltesa'),('MTL','fr','lire maltaise'),('MTL','it',''),('MTP','de','Maltesisches Pfund'),('MTP','en','Maltese Pound'),('MTP','es','libra maltesa'),('MTP','fr','livre maltaise'),('MTP','it',''),('MUR','de','Mauritius-Rupie'),('MUR','en','Mauritian Rupee'),('MUR','es','rupia mauriciana'),('MUR','fr','roupie mauricienne'),('MUR','it','Rupia Mauriziana'),('MVP','en','Maldivian Rupee'),('MVR','de','Malediven-Rupie'),('MVR','en','Maldivian Rufiyaa'),('MVR','es','rufiyaa de Maldivas'),('MVR','fr','rufiyaa maldivien'),('MVR','it',''),('MWK','de','Malawi-Kwacha'),('MWK','en','Malawian Kwacha'),('MWK','es','kwacha de Malawi'),('MWK','fr','kwacha malawite'),('MWK','it','Kwacha Malawiano'),('MXN','de','Mexikanischer Peso'),('MXN','en','Mexican Peso'),('MXN','es','peso mexicano'),('MXN','fr','peso mexicain'),('MXN','it','Peso Messicano'),('MXP','de','Mexikanischer Silber-Peso (1861-1992)'),('MXP','en','Mexican Silver Peso (1861-1992)'),('MXP','es','peso de plata mexicano (1861-1992)'),('MXP','fr','peso d’argent mexicain (1861–1992)'),('MXP','it',''),('MXV','de','Mexicanischer Unidad de Inversion (UDI)'),('MXV','en','Mexican Investment Unit'),('MXV','es','unidad de inversión (UDI) mexicana'),('MXV','fr','unité de conversion mexicaine (UDI)'),('MXV','it',''),('MYR','de','Malaysischer Ringgit'),('MYR','en','Malaysian Ringgit'),('MYR','es','ringgit malasio'),('MYR','fr','ringgit malais'),('MYR','it','Ringgit della Malesia'),('MZE','de','Mosambikanischer Escudo'),('MZE','en','Mozambican Escudo'),('MZE','es','escudo mozambiqueño'),('MZE','fr','escudo mozambicain'),('MZE','it',''),('MZM','es',''),('MZM','fr','métical'),('MZN','de','Mosambikanischer Metical'),('MZN','en','Mozambican Metical'),('MZN','es','metical mozambiqueño'),('MZN','fr','metical mozambicain'),('MZN','it','Metical mozambicano'),('NAD','de','Namibia-Dollar'),('NAD','en','Namibian Dollar'),('NAD','es','dólar de Namibia'),('NAD','fr','dollar namibien'),('NAD','it','Dollaro Namibiano'),('NGN','de','Nigerianischer Naira'),('NGN','en','Nigerian Naira'),('NGN','es','naira nigeriano'),('NGN','fr','naira nigérian'),('NGN','it','Naira Nigeriana'),('NIC','fr','cordoba'),('NIC','it','Cordoba Nicaraguense'),('NIO','de','Nicaragua-Cordoba'),('NIO','en','Nicaraguan Córdoba'),('NIO','es','córdoba nicaragüense'),('NIO','fr','córdoba oro nicaraguayen'),('NIO','it','Córdoba oro nicaraguense'),('NLG','de','Niederländischer Gulden'),('NLG','en','Dutch Guilder'),('NLG','es','florín neerlandés'),('NLG','fr','florin néerlandais'),('NLG','it',''),('NOK','de','Norwegische Krone'),('NOK','en','Norwegian Krone'),('NOK','es','corona noruega'),('NOK','fr','couronne norvégienne'),('NOK','it','Corona Norvegese'),('NPR','de','Nepalesische Rupie'),('NPR','en','Nepalese Rupee'),('NPR','es','rupia nepalesa'),('NPR','fr','roupie népalaise'),('NPR','it','Rupia Nepalese'),('NZD','de','Neuseeland-Dollar'),('NZD','en','New Zealand Dollar'),('NZD','es','dólar neozelandés'),('NZD','fr','dollar néo-zélandais'),('NZD','it','Dollaro Neozelandese'),('OMR','de','Omanischer Rial'),('OMR','en','Omani Rial'),('OMR','es','rial omaní'),('OMR','fr','rial omanais'),('OMR','it','Rial Omanita'),('PAB','de','Panamaischer Balboa'),('PAB','en','Panamanian Balboa'),('PAB','es','balboa panameño'),('PAB','fr','balboa panaméen'),('PAB','it','Balboa di Panama'),('PEI','de','Peruanischer Inti'),('PEI','en','Peruvian Inti'),('PEI','es','inti peruano'),('PEI','fr','inti péruvien'),('PEI','it',''),('PEN','de','Peruanischer Neuer Sol'),('PEN','en','Peruvian Nuevo Sol'),('PEN','es','nuevo sol peruano'),('PEN','fr','nouveau sol péruvien'),('PEN','it','Sol Nuevo Peruviano'),('PES','de','Peruanischer Sol (1863-1965)'),('PES','en','Peruvian Sol (1863-1965)'),('PES','es','sol peruano'),('PES','fr','sol péruvien'),('PES','it',''),('PGK','de','Papua-Neuguineischer Kina'),('PGK','en','Papua New Guinean Kina'),('PGK','es','kina de Papúa Nueva Guinea'),('PGK','fr','kina papouan-néo-guinéen'),('PGK','it','Kina della Papua Nuova Guinea'),('PHP','de','Philippinischer Peso'),('PHP','en','Philippine Peso'),('PHP','es','peso filipino'),('PHP','fr','peso philippin'),('PHP','it','Peso delle Filippine'),('PKR','de','Pakistanische Rupie'),('PKR','en','Pakistani Rupee'),('PKR','es','rupia pakistaní'),('PKR','fr','roupie pakistanaise'),('PKR','it','Rupia del Pakistan'),('PLN','de','Polnischer Złoty'),('PLN','en','Polish Zloty'),('PLN','es','zloty polaco'),('PLN','fr','zloty polonais'),('PLN','it','Zloty Polacco'),('PLZ','it',''),('PTE','de','Portugiesischer Escudo'),('PTE','en','Portuguese Escudo'),('PTE','es','escudo portugués'),('PTE','fr','escudo portugais'),('PTE','it',''),('PYG','de','Paraguayischer Guaraní'),('PYG','en','Paraguayan Guarani'),('PYG','es','guaraní paraguayo'),('PYG','fr','guaraní paraguayen'),('PYG','it','Guarani del Paraguay'),('QAR','de','Katar-Riyal'),('QAR','en','Qatari Rial'),('QAR','es','riyal de Qatar'),('QAR','fr','rial qatari'),('QAR','it','Rial del Qatar'),('RHD','de','Rhodesischer Dollar'),('RHD','en','Rhodesian Dollar'),('RHD','es',''),('RHD','fr','dollar rhodésien'),('RHD','it',''),('ROL','es','antiguo leu rumano'),('ROL','fr','ancien leu roumain'),('ROL','it',''),('RON','de','Rumänischer Leu'),('RON','en','Romanian Leu'),('RON','es','leu rumano'),('RON','fr','leu roumain'),('RON','it','Leu Rumeno'),('RSD','de','Serbischer Dinar'),('RSD','en','Serbian Dinar'),('RSD','es','dinar serbio'),('RSD','fr','dinar serbe'),('RSD','it','Dinaro Serbo'),('RUB','de','Russischer Rubel'),('RUB','en','Russian Ruble'),('RUB','es','rublo ruso'),('RUB','fr','rouble russe'),('RUB','it','Rublo Russo'),('RUR','it',''),('RWF','de','Ruanda-Franc'),('RWF','en','Rwandan Franc'),('RWF','es','franco ruandés'),('RWF','fr','franc rwandais'),('RWF','it','Franco Ruandese'),('SAR','de','Saudi-Rial'),('SAR','en','Saudi Riyal'),('SAR','es','riyal saudí'),('SAR','fr','rial saoudien'),('SAR','it','Ryal Saudita'),('SBD','de','Salomonen-Dollar'),('SBD','en','Solomon Islands Dollar'),('SBD','es','dólar de las Islas Salomón'),('SBD','fr','dollar des îles Salomon'),('SBD','it','Dollaro delle Isole Solomon'),('SCR','de','Seychellen-Rupie'),('SCR','en','Seychellois Rupee'),('SCR','es','rupia de Seychelles'),('SCR','fr','roupie des Seychelles'),('SCR','it','Rupia delle Seychelles'),('SDD','es','dinar sudanés'),('SDD','fr','dinar soudanais'),('SDD','it',''),('SDG','de','Sudanesisches Pfund'),('SDG','en','Sudanese Pound'),('SDG','es','libra sudanesa'),('SDG','fr','livre soudanaise'),('SDG','it','Sterlina Sudanese'),('SDP','es','libra sudanesa antigua'),('SEK','de','Schwedische Krone'),('SEK','en','Swedish Krona'),('SEK','es','corona sueca'),('SEK','fr','couronne suédoise'),('SEK','it','Corona Svedese'),('SGD','de','Singapur-Dollar'),('SGD','en','Singapore Dollar'),('SGD','es','dólar singapurense'),('SGD','fr','dollar de Singapour'),('SGD','it','Dollaro di Singapore'),('SHP','de','St. Helena-Pfund'),('SHP','en','Saint Helena Pound'),('SHP','es','libra de Santa Elena'),('SHP','fr','livre de Sainte-Hélène'),('SHP','it','Sterlina di Sant’Elena'),('SIT','de','Slowenischer Tolar'),('SIT','en','Slovenian Tolar'),('SIT','es','tólar esloveno'),('SIT','fr','tolar slovène'),('SIT','it',''),('SKK','de','Slowakische Krone'),('SKK','en','Slovak Koruna'),('SKK','es','corona eslovaca'),('SKK','fr','couronne slovaque'),('SKK','it',''),('SLL','de','Sierra-leonischer Leone'),('SLL','en','Sierra Leonean Leone'),('SLL','es','leone de Sierra Leona'),('SLL','fr','leone sierra-léonais'),('SLL','it','Leone della Sierra Leone'),('SOS','de','Somalia-Schilling'),('SOS','en','Somali Shilling'),('SOS','es','chelín somalí'),('SOS','fr','shilling somalien'),('SOS','it','Scellino Somalo'),('SRD','de','Surinamischer Dollar'),('SRD','en','Surinamese Dollar'),('SRD','es','dólar surinamés'),('SRD','fr','dollar surinamais'),('SRD','it','Dollaro Surinamese'),('SRG','de','Suriname Gulden'),('SRG','en','Surinamese Guilder'),('SRG','es',''),('SRG','fr','florin surinamais'),('SRG','it',''),('SSP','de','Südsudanesisches Pfund'),('SSP','en','South Sudanese Pound'),('SSP','es','libra sursudanesa'),('SSP','fr','livre sud-soudanaise'),('SSP','it','Sterlina sudsudanese'),('STD','de','São-toméischer Dobra'),('STD','en','São Tomé and Príncipe Dobra'),('STD','es','dobra de Santo Tomé y Príncipe'),('STD','fr','dobra santoméen'),('STD','it','Dobra di Sao Tomé e Principe'),('SUR','de','Sowjetischer Rubel'),('SUR','en','Soviet Rouble'),('SUR','es','rublo soviético'),('SUR','fr','rouble soviétique'),('SUR','it',''),('SVC','de','El Salvador Colon'),('SVC','en','Salvadoran Colón'),('SVC','es','colón salvadoreño'),('SVC','fr','colón salvadorien'),('SVC','it',''),('SYP','de','Syrisches Pfund'),('SYP','en','Syrian Pound'),('SYP','es','libra siria'),('SYP','fr','livre syrienne'),('SYP','it','Sterlina Siriana'),('SZL','de','Swasiländischer Lilangeni'),('SZL','en','Swazi Lilangeni'),('SZL','es','lilangeni suazi'),('SZL','fr','lilangeni swazi'),('SZL','it','Lilangeni dello Swaziland'),('THB','de','Thailändischer Baht'),('THB','en','Thai Baht'),('THB','es','baht tailandés'),('THB','fr','baht thaïlandais'),('THB','it','Baht Tailandese'),('TJR','de','Tadschikistan Rubel'),('TJR','en','Tajikistani Ruble'),('TJR','es',''),('TJR','fr','rouble tadjik'),('TJR','it',''),('TJS','de','Tadschikistan-Somoni'),('TJS','en','Tajikistani Somoni'),('TJS','es','somoni tayiko'),('TJS','fr','somoni tadjik'),('TJS','it','Somoni del Tajikistan'),('TMM','fr','manat turkmène'),('TMM','it',''),('TMT','de','Turkmenistan-Manat'),('TMT','en','Turkmenistani Manat'),('TMT','es','manat turcomano'),('TMT','fr','nouveau manat turkmène'),('TMT','it','Manat Turkmeno'),('TND','de','Tunesischer Dinar'),('TND','en','Tunisian Dinar'),('TND','es','dinar tunecino'),('TND','fr','dinar tunisien'),('TND','it','Dinaro Tunisino'),('TOP','de','Tongaischer Paʻanga'),('TOP','en','Tongan Paʻanga'),('TOP','es','paʻanga tongano'),('TOP','fr','pa’anga tongan'),('TOP','it','Paʻanga di Tonga'),('TPE','de','Timor-Escudo'),('TPE','en','Timorese Escudo'),('TPE','es',''),('TPE','fr','escudo timorais'),('TPE','it',''),('TRL','fr','livre turque (1844-2005)'),('TRL','it','Lira Turca'),('TRY','de','Türkische Lira'),('TRY','en','Turkish Lira'),('TRY','es','lira turca'),('TRY','fr','livre turque'),('TRY','it','Nuova Lira Turca'),('TTD','de','Trinidad und Tobago-Dollar'),('TTD','en','Trinidad and Tobago Dollar'),('TTD','es','dólar de Trinidad y Tobago'),('TTD','fr','dollar de Trinité-et-Tobago'),('TTD','it','Dollaro di Trinidad e Tobago'),('TWD','de','Neuer Taiwan-Dollar'),('TWD','en','New Taiwan Dollar'),('TWD','es','nuevo dólar taiwanés'),('TWD','fr','nouveau dollar taïwanais'),('TWD','it','Nuovo dollaro taiwanese'),('TZS','de','Tansania-Schilling'),('TZS','en','Tanzanian Shilling'),('TZS','es','chelín tanzano'),('TZS','fr','shilling tanzanien'),('TZS','it','Scellino della Tanzania'),('UAH','de','Ukrainische Hrywnja'),('UAH','en','Ukrainian Hryvnia'),('UAH','es','grivna ucraniana'),('UAH','fr','hryvnia ukrainienne'),('UAH','it','Grivnia Ucraina'),('UAK','de','Ukrainischer Karbovanetz'),('UAK','en','Ukrainian Karbovanets'),('UAK','es','karbovanet ucraniano'),('UAK','fr','karbovanetz'),('UAK','it',''),('UGS','es',''),('UGS','it',''),('UGX','de','Uganda-Schilling'),('UGX','en','Ugandan Shilling'),('UGX','es','chelín ugandés'),('UGX','fr','shilling ougandais'),('UGX','it','Scellino Ugandese'),('USD','de','US-Dollar'),('USD','en','US Dollar'),('USD','es','dólar estadounidense'),('USD','fr','dollar des États-Unis'),('USD','it','Dollaro Statunitense'),('USN','de','US Dollar (Nächster Tag)'),('USN','en','US Dollar (Next day)'),('USN','es','dólar estadounidense (día siguiente)'),('USN','fr','dollar des Etats-Unis (jour suivant)'),('USN','it',''),('USS','de','US Dollar (Gleicher Tag)'),('USS','en','US Dollar (Same day)'),('USS','es','dólar estadounidense (mismo día)'),('USS','fr','dollar des Etats-Unis (jour même)'),('USS','it',''),('UYI','en','Uruguayan Peso (Indexed Units)'),('UYI','es','peso uruguayo en unidades indexadas'),('UYI','fr','peso uruguayen (unités indexées)'),('UYI','it',''),('UYP','it',''),('UYU','de','Uruguayischer Peso'),('UYU','en','Uruguayan Peso'),('UYU','es','peso uruguayo'),('UYU','fr','peso uruguayen'),('UYU','it','Peso Uruguaiano'),('UZS','de','Usbekistan-Sum'),('UZS','en','Uzbekistan Som'),('UZS','es','sum uzbeko'),('UZS','fr','sum ouzbek'),('UZS','it','Sum dell’Uzbekistan'),('VEB','de','Venezolanischer Bolívar (1871-2008)'),('VEB','en','Venezuelan Bolívar (1871-2008)'),('VEB','es','bolívar venezolano (1871-2008)'),('VEB','fr','bolivar'),('VEB','it','Bolivar Venezuelano'),('VEF','de','Venezolanischer Bolívar'),('VEF','en','Venezuelan Bolívar'),('VEF','es','bolívar venezolano'),('VEF','fr','bolivar fuerte vénézuélien'),('VEF','it','Bolívar venezuelano forte'),('VND','de','Vietnamesischer Dong'),('VND','en','Vietnamese Dong'),('VND','es','dong vietnamita'),('VND','fr','dông vietnamien'),('VND','it','Dong Vietnamita'),('VUV','de','Vanuatu-Vatu'),('VUV','en','Vanuatu Vatu'),('VUV','es','vatu vanuatuense'),('VUV','fr','vatu vanuatuan'),('VUV','it','Vatu di Vanuatu'),('WST','de','Samoanischer Tala'),('WST','en','Samoan Tala'),('WST','es','tala samoano'),('WST','fr','tala samoan'),('WST','it','Tala della Samoa Occidentale'),('XAF','de','CFA-Franc (BEAC)'),('XAF','en','CFA Franc BEAC'),('XAF','es','franco CFA BEAC'),('XAF','fr','franc CFA (BEAC)'),('XAF','it','Franco CFA BEAC'),('XAG','de','Unze Silber'),('XAG','en','Silver'),('XAG','es','plata'),('XAG','fr','argent'),('XAG','it',''),('XAU','de','Unze Gold'),('XAU','en','Gold'),('XAU','es','oro'),('XAU','fr','or'),('XAU','it',''),('XBA','de','Europäische Rechnungseinheit'),('XBA','en','European Composite Unit'),('XBA','es','unidad compuesta europea'),('XBA','fr','unité européenne composée'),('XBA','it',''),('XBB','de','Europäische Währungseinheit (XBB)'),('XBB','en','European Monetary Unit'),('XBB','es','unidad monetaria europea'),('XBB','fr','unité monétaire européenne'),('XBB','it',''),('XBC','de','Europäische Rechnungseinheit (XBC)'),('XBC','en','European Unit of Account (XBC)'),('XBC','es','unidad de cuenta europea (XBC)'),('XBC','fr','unité de compte européenne (XBC)'),('XBC','it',''),('XBD','de','Europäische Rechnungseinheit (XBD)'),('XBD','en','European Unit of Account (XBD)'),('XBD','es','unidad de cuenta europea (XBD)'),('XBD','fr','unité de compte européenne (XBD)'),('XBD','it',''),('XCD','de','Ostkaribischer Dollar'),('XCD','en','East Caribbean Dollar'),('XCD','es','dólar del Caribe Oriental'),('XCD','fr','dollar des Caraïbes orientales'),('XCD','it','Dollaro dei Caraibi Orientali'),('XDR','de','Sonderziehungsrechte'),('XDR','en','Special Drawing Rights'),('XDR','es',''),('XDR','fr','droit de tirage spécial'),('XDR','it',''),('XEU','de','Europäische Währungseinheit (XEU)'),('XEU','en','European Currency Unit'),('XEU','es','unidad de moneda europea'),('XEU','fr','unité de compte européenne (ECU)'),('XFO','de','Französischer Gold-Franc'),('XFO','en','French Gold Franc'),('XFO','es','franco oro francés'),('XFO','fr','franc or'),('XFO','it',''),('XFU','de','Französischer UIC-Franc'),('XFU','en','French UIC-Franc'),('XFU','es','franco UIC francés'),('XFU','fr','franc UIC'),('XFU','it',''),('XOF','de','CFA-Franc (BCEAO)'),('XOF','en','CFA Franc BCEAO'),('XOF','es','franco CFA BCEAO'),('XOF','fr','franc CFA (BCEAO)'),('XOF','it','Franco CFA BCEAO'),('XPD','de','Unze Palladium'),('XPD','en','Palladium'),('XPD','es','paladio'),('XPD','fr','palladium'),('XPD','it',''),('XPF','de','CFP-Franc'),('XPF','en','CFP Franc'),('XPF','es','franco CFP'),('XPF','fr','franc CFP'),('XPF','it','Franco CFP'),('XPT','de','Unze Platin'),('XPT','en','Platinum'),('XPT','es','platino'),('XPT','fr','platine'),('XPT','it',''),('XRE','de','RINET Funds'),('XRE','en','RINET Funds'),('XRE','es',''),('XRE','fr','type de fonds RINET'),('XRE','it',''),('XSU','en','Sucre'),('XTS','de','Testwährung'),('XTS','en','Testing Currency Code'),('XTS','es',''),('XTS','fr','(devise de test)'),('XTS','it',''),('XUA','en','ADB Unit of Account'),('XXX','de','Unbekannte Währung'),('XXX','en','Unknown Currency'),('XXX','es','divisa desconocida'),('XXX','fr','devise inconnue ou non valide'),('XXX','it','Nessuna valuta'),('YDD','de','Jemen-Dinar'),('YDD','en','Yemeni Dinar'),('YDD','es',''),('YDD','fr','dinar du Yémen'),('YDD','it',''),('YER','de','Jemen-Rial'),('YER','en','Yemeni Rial'),('YER','es','rial yemení'),('YER','fr','rial yéménite'),('YER','it','Rial dello Yemen'),('YUD','es',''),('YUD','fr','nouveau dinar yougoslave'),('YUD','it',''),('YUM','es',''),('YUM','fr','dinar yougoslave Noviy'),('YUM','it',''),('YUN','de','Jugoslawischer Dinar (konvertibel)'),('YUN','es','dinar convertible yugoslavo'),('YUN','fr','dinar yougoslave convertible'),('YUN','it',''),('ZAL','de','Südafrikanischer Rand (Finanz)'),('ZAL','en','South African Rand (financial)'),('ZAL','es',''),('ZAL','fr','rand sud-africain (financier)'),('ZAL','it',''),('ZAR','de','Südafrikanischer Rand'),('ZAR','en','South African Rand'),('ZAR','es','rand sudafricano'),('ZAR','fr','rand sud-africain'),('ZAR','it','Rand Sudafricano'),('ZMK','de','Kwacha'),('ZMK','en','Zambian Kwacha'),('ZMK','es','kwacha zambiano'),('ZMK','fr','kwacha zambien'),('ZMK','it','Kwacha dello Zambia'),('ZRN','es',''),('ZRN','fr','nouveau zaïre zaïrien'),('ZRN','it',''),('ZRZ','es',''),('ZRZ','fr','zaïre zaïrois'),('ZRZ','it',''),('ZWD','es',''),('ZWD','fr','dollar zimbabwéen'),('ZWD','it',''),('ZWL','de','Simbabwe-Dollar (2009)'),('ZWL','en','Zimbabwean Dollar (2009)'),('ZWL','es',''),('ZWL','fr','dollar zimbabwéen (2009)'),('ZWL','it',''),('ZWR','de','Simbabwe-Dollar (2008)'),('ZWR','en','Zimbabwean Dollar (2008)'),('ZWR','fr','dollar zimbabwéen (2008)');
/*!40000 ALTER TABLE `core_intl_currency_names` ENABLE KEYS */;
UNLOCK TABLES;

--
-- Table structure for table `core_intl_language`
--

DROP TABLE IF EXISTS `core_intl_language`;
/*!40101 SET @saved_cs_client     = @@character_set_client */;
/*!40101 SET character_set_client = utf8 */;
CREATE TABLE `core_intl_language` (
  `id` varchar(2) NOT NULL,
  `core_intl_country_ID` varchar(2) NOT NULL,
  PRIMARY KEY (`id`,`core_intl_country_ID`)
) ENGINE=InnoDB DEFAULT CHARSET=utf8;
/*!40101 SET character_set_client = @saved_cs_client */;

--
-- Dumping data for table `core_intl_language`
--

LOCK TABLES `core_intl_language` WRITE;
/*!40000 ALTER TABLE `core_intl_language` DISABLE KEYS */;
INSERT INTO `core_intl_language` VALUES ('aa',''),('aa','DJ'),('aa','ER'),('aa','ET'),('af',''),('af','NA'),('af','ZA'),('ak',''),('ak','GH'),('am',''),('am','ET'),('ar',''),('ar','AE'),('ar','BH'),('ar','DJ'),('ar','DZ'),('ar','EG'),('ar','EH'),('ar','ER'),('ar','IL'),('ar','IQ'),('ar','JO'),('ar','KM'),('ar','KW'),('ar','LB'),('ar','LY'),('ar','MA'),('ar','MR'),('ar','OM'),('ar','PS'),('ar','QA'),('ar','SA'),('ar','SD'),('ar','SO'),('ar','SY'),('ar','TD'),('ar','TN'),('ar','YE'),('as',''),('as','IN'),('az',''),('be',''),('be','BY'),('bg',''),('bg','BG'),('bm',''),('bm','ML'),('bn',''),('bn','BD'),('bn','IN'),('bo',''),('bo','CN'),('bo','IN'),('br',''),('br','FR'),('bs',''),('ca',''),('ca','AD'),('ca','ES'),('cs',''),('cs','CZ'),('cy',''),('cy','GB'),('da',''),('da','DK'),('de',''),('de','AT'),('de','BE'),('de','CH'),('de','DE'),('de','LI'),('de','LU'),('dz',''),('dz','BT'),('ee',''),('ee','GH'),('ee','TG'),('el',''),('el','CY'),('el','GR'),('en',''),('en','AG'),('en','AS'),('en','AU'),('en','BB'),('en','BE'),('en','BM'),('en','BS'),('en','BW'),('en','BZ'),('en','CA'),('en','CM'),('en','DM'),('en','FJ'),('en','FM'),('en','GB'),('en','GD'),('en','GG'),('en','GH'),('en','GI'),('en','GM'),('en','GU'),('en','GY'),('en','HK'),('en','IE'),('en','IM'),('en','IN'),('en','JE'),('en','JM'),('en','KE'),('en','KI'),('en','KN'),('en','KY'),('en','LC'),('en','LR'),('en','LS'),('en','MG'),('en','MH'),('en','MP'),('en','MT'),('en','MU'),('en','MW'),('en','NA'),('en','NG'),('en','NZ'),('en','PG'),('en','PH'),('en','PK'),('en','PR'),('en','PW'),('en','SB'),('en','SC'),('en','SG'),('en','SL'),('en','SS'),('en','SZ'),('en','TC'),('en','TO'),('en','TT'),('en','TZ'),('en','UG'),('en','UM'),('en','US'),('en','VC'),('en','VG'),('en','VI'),('en','VU'),('en','WS'),('en','ZA'),('en','ZM'),('en','ZW'),('eo',''),('es',''),('es','AR'),('es','BO'),('es','CL'),('es','CO'),('es','CR'),('es','CU'),('es','DO'),('es','EA'),('es','EC'),('es','ES'),('es','GQ'),('es','GT'),('es','HN'),('es','IC'),('es','MX'),('es','NI'),('es','PA'),('es','PE'),('es','PH'),('es','PR'),('es','PY'),('es','SV'),('es','US'),('es','UY'),('es','VE'),('et',''),('et','EE'),('eu',''),('eu','ES'),('fa',''),('fa','AF'),('fa','IR'),('ff',''),('ff','SN'),('fi',''),('fi','FI'),('fo',''),('fo','FO'),('fr',''),('fr','BE'),('fr','BF'),('fr','BI'),('fr','BJ'),('fr','BL'),('fr','CA'),('fr','CD'),('fr','CF'),('fr','CG'),('fr','CH'),('fr','CI'),('fr','CM'),('fr','DJ'),('fr','DZ'),('fr','FR'),('fr','GA'),('fr','GF'),('fr','GN'),('fr','GP'),('fr','GQ'),('fr','HT'),('fr','KM'),('fr','LU'),('fr','MA'),('fr','MC'),('fr','MF'),('fr','MG'),('fr','ML'),('fr','MQ'),('fr','MR'),('fr','MU'),('fr','NC'),('fr','NE'),('fr','PF'),('fr','RE'),('fr','RW'),('fr','SC'),('fr','SN'),('fr','SY'),('fr','TD'),('fr','TG'),('fr','TN'),('fr','VU'),('fr','YT'),('ga',''),('ga','IE'),('gd',''),('gd','GB'),('gl',''),('gl','ES'),('gu',''),('gu','IN'),('gv',''),('gv','GB'),('ha',''),('he',''),('he','IL'),('hi',''),('hi','IN'),('hr',''),('hr','BA'),('hr','HR'),('hu',''),('hu','HU'),('hy',''),('hy','AM'),('ia',''),('id',''),('id','ID'),('ig',''),('ig','NG'),('ii',''),('ii','CN'),('is',''),('is','IS'),('it',''),('it','CH'),('it','IT'),('it','SM'),('ja',''),('ja','JP'),('ka',''),('ka','GE'),('ki',''),('ki','KE'),('kk',''),('kl',''),('kl','GL'),('km',''),('km','KH'),('kn',''),('kn','IN'),('ko',''),('ko','KP'),('ko','KR'),('ks',''),('kw',''),('kw','GB'),('ky',''),('ky','KG'),('lg',''),('lg','UG'),('ln',''),('ln','AO'),('ln','CD'),('ln','CF'),('ln','CG'),('lo',''),('lo','LA'),('lt',''),('lt','LT'),('lu',''),('lu','CD'),('lv',''),('lv','LV'),('mg',''),('mg','MG'),('mk',''),('mk','MK'),('ml',''),('ml','IN'),('mr',''),('mr','IN'),('ms',''),('ms','BN'),('ms','MY'),('ms','SG'),('mt',''),('mt','MT'),('my',''),('my','MM'),('nb',''),('nb','NO'),('nd',''),('nd','ZW'),('ne',''),('ne','IN'),('ne','NP'),('nl',''),('nl','AW'),('nl','BE'),('nl','CW'),('nl','NL'),('nl','SR'),('nl','SX'),('nn',''),('nn','NO'),('nr',''),('nr','ZA'),('om',''),('om','ET'),('om','KE'),('or',''),('or','IN'),('os',''),('os','GE'),('os','RU'),('pa',''),('pl',''),('pl','PL'),('ps',''),('ps','AF'),('pt',''),('pt','AO'),('pt','BR'),('pt','CV'),('pt','GW'),('pt','MO'),('pt','MZ'),('pt','PT'),('pt','ST'),('pt','TL'),('rm',''),('rm','CH'),('rn',''),('rn','BI'),('ro',''),('ro','MD'),('ro','RO'),('ru',''),('ru','BY'),('ru','KG'),('ru','KZ'),('ru','MD'),('ru','RU'),('ru','UA'),('rw',''),('rw','RW'),('se',''),('se','FI'),('se','NO'),('sg',''),('sg','CF'),('si',''),('si','LK'),('sk',''),('sk','SK'),('sl',''),('sl','SI'),('sn',''),('sn','ZW'),('so',''),('so','DJ'),('so','ET'),('so','KE'),('so','SO'),('sq',''),('sq','AL'),('sq','MK'),('sr',''),('ss',''),('ss','SZ'),('ss','ZA'),('st',''),('st','LS'),('st','ZA'),('sv',''),('sv','AX'),('sv','FI'),('sv','SE'),('sw',''),('sw','KE'),('sw','TZ'),('sw','UG'),('ta',''),('ta','IN'),('ta','LK'),('ta','MY'),('ta','SG'),('te',''),('te','IN'),('tg',''),('th',''),('th','TH'),('ti',''),('ti','ER'),('ti','ET'),('tn',''),('tn','BW'),('tn','ZA'),('to',''),('to','TO'),('tr',''),('tr','CY'),('tr','TR'),('ts',''),('ts','ZA'),('uk',''),('uk','UA'),('ur',''),('ur','IN'),('ur','PK'),('uz',''),('ve',''),('ve','ZA'),('vi',''),('vi','VN'),('vo',''),('xh',''),('xh','ZA'),('yo',''),('yo','NG'),('zh',''),('zu',''),('zu','ZA');
/*!40000 ALTER TABLE `core_intl_language` ENABLE KEYS */;
UNLOCK TABLES;

--
-- Table structure for table `core_intl_language_names`
--

DROP TABLE IF EXISTS `core_intl_language_names`;
/*!40101 SET @saved_cs_client     = @@character_set_client */;
/*!40101 SET character_set_client = utf8 */;
CREATE TABLE `core_intl_language_names` (
  `core_intl_language_ID` varchar(2) NOT NULL,
  `language_name_language` varchar(2) NOT NULL,
  `language_name` varchar(127) NOT NULL,
  PRIMARY KEY (`core_intl_language_ID`,`language_name_language`)
) ENGINE=InnoDB DEFAULT CHARSET=utf8;
/*!40101 SET character_set_client = @saved_cs_client */;

--
-- Dumping data for table `core_intl_language_names`
--

LOCK TABLES `core_intl_language_names` WRITE;
/*!40000 ALTER TABLE `core_intl_language_names` DISABLE KEYS */;
INSERT INTO `core_intl_language_names` VALUES ('aa','de','Afar'),('aa','en','Afar'),('aa','es','afar'),('aa','fr','afar'),('aa','it','afar'),('ab','de','Abchasisch'),('ab','en','Abkhazian'),('ab','es','abjasio'),('ab','fr','abkhaze'),('ab','it','abkhazian'),('ae','de','Avestisch'),('ae','en','Avestan'),('ae','es','avéstico'),('ae','fr','avestique'),('ae','it','avestan'),('af','de','Afrikaans'),('af','en','Afrikaans'),('af','es','afrikaans'),('af','fr','afrikaans'),('af','it','afrikaans'),('ak','de','Akan'),('ak','en','Akan'),('ak','es','akan'),('ak','fr','akan'),('ak','it','akan'),('am','de','Amharisch'),('am','en','Amharic'),('am','es','amárico'),('am','fr','amharique'),('am','it','amarico'),('an','de','Aragonesisch'),('an','en','Aragonese'),('an','es','aragonés'),('an','fr','aragonais'),('an','it','aragonese'),('ar','de','Arabisch'),('ar','en','Arabic'),('ar','es','árabe'),('ar','fr','arabe'),('ar','it','arabo'),('as','de','Assamesisch'),('as','en','Assamese'),('as','es','asamés'),('as','fr','assamais'),('as','it','assamese'),('av','de','Awarisch'),('av','en','Avaric'),('av','es','avar'),('av','fr','avar'),('av','it','avaro'),('ay','de','Aymara'),('ay','en','Aymara'),('ay','es','aimara'),('ay','fr','aymara'),('ay','it','aymara'),('az','de','Aserbaidschanisch'),('az','en','Azerbaijani'),('az','es','azerí'),('az','fr','azéri'),('az','it','azerbaigiano'),('ba','de','Baschkirisch'),('ba','en','Bashkir'),('ba','es','bashkir'),('ba','fr','bachkir'),('ba','it','baschiro'),('be','de','Weißrussisch'),('be','en','Belarusian'),('be','es','bielorruso'),('be','fr','biélorusse'),('be','it','bielorusso'),('bg','de','Bulgarisch'),('bg','en','Bulgarian'),('bg','es','búlgaro'),('bg','fr','bulgare'),('bg','it','bulgaro'),('bh','de','Biharisch'),('bh','en','Bihari'),('bh','es','bihari'),('bh','fr','bihari'),('bh','it','bihari'),('bi','de','Bislama'),('bi','en','Bislama'),('bi','es','bislama'),('bi','fr','bichelamar'),('bi','it','bislama'),('bm','de','Bambara-Sprache'),('bm','en','Bambara'),('bm','es','bambara'),('bm','fr','bambara'),('bm','it','bambara'),('bn','de','Bengalisch'),('bn','en','Bengali'),('bn','es','bengalí'),('bn','fr','bengali'),('bn','it','bengalese'),('bo','de','Tibetisch'),('bo','en','Tibetan'),('bo','es','tibetano'),('bo','fr','tibétain'),('bo','it','tibetano'),('br','de','Bretonisch'),('br','en','Breton'),('br','es','bretón'),('br','fr','breton'),('br','it','bretone'),('bs','de','Bosnisch'),('bs','en','Bosnian'),('bs','es','bosnio'),('bs','fr','bosniaque'),('bs','it','bosniaco'),('ca','de','Katalanisch'),('ca','en','Catalan'),('ca','es','catalán'),('ca','fr','catalan'),('ca','it','catalano'),('ce','de','Tschetschenisch'),('ce','en','Chechen'),('ce','es','checheno'),('ce','fr','tchétchène'),('ce','it','ceceno'),('ch','de','Chamorro-Sprache'),('ch','en','Chamorro'),('ch','es','chamorro'),('ch','fr','chamorro'),('ch','it','chamorro'),('co','de','Korsisch'),('co','en','Corsican'),('co','es','corso'),('co','fr','corse'),('co','it','corso'),('cr','de','Cree'),('cr','en','Cree'),('cr','es','cree'),('cr','fr','cree'),('cr','it','cree'),('cs','de','Tschechisch'),('cs','en','Czech'),('cs','es','checo'),('cs','fr','tchèque'),('cs','it','ceco'),('cu','de','Kirchenslawisch'),('cu','en','Church Slavic'),('cu','es','eslavo eclesiástico'),('cu','fr','slavon d’église'),('cu','it','slavo della Chiesa'),('cv','de','Tschuwaschisch'),('cv','en','Chuvash'),('cv','es','chuvash'),('cv','fr','tchouvache'),('cv','it','chuvash'),('cy','de','Walisisch'),('cy','en','Welsh'),('cy','es','galés'),('cy','fr','gallois'),('cy','it','gallese'),('da','de','Dänisch'),('da','en','Danish'),('da','es','danés'),('da','fr','danois'),('da','it','danese'),('de','de','Deutsch'),('de','en','German'),('de','es','alemán'),('de','fr','allemand'),('de','it','tedesco'),('dv','de','Maledivisch'),('dv','en','Divehi'),('dv','es','divehi'),('dv','fr','maldivien'),('dv','it','divehi'),('dz','de','Bhutanisch'),('dz','en','Dzongkha'),('dz','es','dzongkha'),('dz','fr','dzongkha'),('dz','it','dzongkha'),('ee','de','Ewe-Sprache'),('ee','en','Ewe'),('ee','es','ewe'),('ee','fr','éwé'),('ee','it','ewe'),('el','de','Griechisch'),('el','en','Greek'),('el','es','griego'),('el','fr','grec'),('el','it','greco'),('en','de','Englisch'),('en','en','English'),('en','es','inglés'),('en','fr','anglais'),('en','it','inglese'),('eo','de','Esperanto'),('eo','en','Esperanto'),('eo','es','esperanto'),('eo','fr','espéranto'),('eo','it','esperanto'),('es','de','Spanisch'),('es','en','Spanish'),('es','es','español'),('es','fr','espagnol'),('es','it','spagnolo'),('et','de','Estnisch'),('et','en','Estonian'),('et','es','estonio'),('et','fr','estonien'),('et','it','estone'),('eu','de','Baskisch'),('eu','en','Basque'),('eu','es','vasco'),('eu','fr','basque'),('eu','it','basco'),('fa','de','Persisch'),('fa','en','Persian'),('fa','es','persa'),('fa','fr','persan'),('fa','it','persiano'),('ff','de','Ful'),('ff','en','Fulah'),('ff','es','fula'),('ff','fr','peul'),('ff','it','fulah'),('fi','de','Finnisch'),('fi','en','Finnish'),('fi','es','finés'),('fi','fr','finnois'),('fi','it','finlandese'),('fj','de','Fidschianisch'),('fj','en','Fijian'),('fj','es','fidjiano'),('fj','fr','fidjien'),('fj','it','figiano'),('fo','de','Färöisch'),('fo','en','Faroese'),('fo','es','feroés'),('fo','fr','féroïen'),('fo','it','faroese'),('fr','de','Französisch'),('fr','en','French'),('fr','es','francés'),('fr','fr','français'),('fr','it','francese'),('fy','de','Westfriesisch'),('fy','en','Western Frisian'),('fy','es','frisón occidental'),('fy','fr','frison'),('fy','it','frisone occidentale'),('ga','de','Irisch'),('ga','en','Irish'),('ga','es','irlandés'),('ga','fr','irlandais'),('ga','it','irlandese'),('gd','de','Schottisches Gälisch'),('gd','en','Scottish Gaelic'),('gd','es','gaélico escocés'),('gd','fr','gaélique écossais'),('gd','it','gaelico scozzese'),('gl','de','Galizisch'),('gl','en','Galician'),('gl','es','gallego'),('gl','fr','galicien'),('gl','it','galiziano'),('gn','de','Guarani'),('gn','en','Guarani'),('gn','es','guaraní'),('gn','fr','guarani'),('gn','it','guarana'),('gu','de','Gujarati'),('gu','en','Gujarati'),('gu','es','gujarati'),('gu','fr','goudjarâtî'),('gu','it','gujarati'),('gv','de','Manx'),('gv','en','Manx'),('gv','es','gaélico manés'),('gv','fr','manx'),('gv','it','manx'),('ha','de','Hausa'),('ha','en','Hausa'),('ha','es','hausa'),('ha','fr','haoussa'),('ha','it','haussa'),('he','de','Hebräisch'),('he','en','Hebrew'),('he','es','hebreo'),('he','fr','hébreu'),('he','it','ebraico'),('hi','de','Hindi'),('hi','en','Hindi'),('hi','es','hindi'),('hi','fr','hindi'),('hi','it','hindi'),('ho','de','Hiri-Motu'),('ho','en','Hiri Motu'),('ho','es','hiri motu'),('ho','fr','hiri motu'),('ho','it','hiri motu'),('hr','de','Kroatisch'),('hr','en','Croatian'),('hr','es','croata'),('hr','fr','croate'),('hr','it','croato'),('ht','de','Haitianisch'),('ht','en','Haitian'),('ht','es','haitiano'),('ht','fr','haïtien'),('ht','it','haitiano'),('hu','de','Ungarisch'),('hu','en','Hungarian'),('hu','es','húngaro'),('hu','fr','hongrois'),('hu','it','ungherese'),('hy','de','Armenisch'),('hy','en','Armenian'),('hy','es','armenio'),('hy','fr','arménien'),('hy','it','armeno'),('hz','de','Herero-Sprache'),('hz','en','Herero'),('hz','es','herero'),('hz','fr','héréro'),('hz','it','herero'),('ia','de','Interlingua'),('ia','en','Interlingua'),('ia','es','interlingua'),('ia','fr','interlingua'),('ia','it','interlingua'),('id','de','Indonesisch'),('id','en','Indonesian'),('id','es','indonesio'),('id','fr','indonésien'),('id','it','indonesiano'),('ie','de','Interlingue'),('ie','en','Interlingue'),('ie','es','interlingue'),('ie','fr','interlingue'),('ie','it','interlingue'),('ig','de','Igbo-Sprache'),('ig','en','Igbo'),('ig','es','igbo'),('ig','fr','igbo'),('ig','it','igbo'),('ii','de','Sichuan Yi'),('ii','en','Sichuan Yi'),('ii','es','sichuan yi'),('ii','fr','yi de Sichuan'),('ii','it','sichuan yi'),('ik','de','Inupiak'),('ik','en','Inupiaq'),('ik','es','inupiaq'),('ik','fr','inupiaq'),('ik','it','inupiak'),('io','de','Ido-Sprache'),('io','en','Ido'),('io','es','ido'),('io','fr','ido'),('io','it','ido'),('is','de','Isländisch'),('is','en','Icelandic'),('is','es','islandés'),('is','fr','islandais'),('is','it','islandese'),('it','de','Italienisch'),('it','en','Italian'),('it','es','italiano'),('it','fr','italien'),('it','it','italiano'),('iu','de','Inukitut'),('iu','en','Inuktitut'),('iu','es','inuktitut'),('iu','fr','inuktitut'),('iu','it','inuktitut'),('ja','de','Japanisch'),('ja','en','Japanese'),('ja','es','japonés'),('ja','fr','japonais'),('ja','it','giapponese'),('jv','de','Javanisch'),('jv','en','Javanese'),('jv','es','javanés'),('jv','fr','javanais'),('jv','it','giavanese'),('ka','de','Georgisch'),('ka','en','Georgian'),('ka','es','georgiano'),('ka','fr','géorgien'),('ka','it','georgiano'),('kg','de','Kongolesisch'),('kg','en','Kongo'),('kg','es','kongo'),('kg','fr','kongo'),('kg','it','kongo'),('ki','de','Kikuyu-Sprache'),('ki','en','Kikuyu'),('ki','es','kikuyu'),('ki','fr','kikuyu'),('ki','it','kikuyu'),('kj','de','Kwanyama'),('kj','en','Kuanyama'),('kj','es','kuanyama'),('kj','fr','kuanyama'),('kj','it','kuanyama'),('kk','de','Kasachisch'),('kk','en','Kazakh'),('kk','es','kazajo'),('kk','fr','kazakh'),('kk','it','kazako'),('kl','de','Grönländisch'),('kl','en','Kalaallisut'),('kl','es','groenlandés'),('kl','fr','groenlandais'),('kl','it','kalaallisut'),('km','de','Kambodschanisch'),('km','en','Khmer'),('km','es','jemer'),('km','fr','khmer'),('km','it','khmer'),('kn','de','Kannada'),('kn','en','Kannada'),('kn','es','canarés'),('kn','fr','kannada'),('kn','it','kannada'),('ko','de','Koreanisch'),('ko','en','Korean'),('ko','es','coreano'),('ko','fr','coréen'),('ko','it','coreano'),('kr','de','Kanuri-Sprache'),('kr','en','Kanuri'),('kr','es','kanuri'),('kr','fr','kanouri'),('kr','it','kanuri'),('ks','de','Kaschmirisch'),('ks','en','Kashmiri'),('ks','es','cachemiro'),('ks','fr','kâshmîrî'),('ks','it','kashmiri'),('ku','de','Kurdisch'),('ku','en','Kurdish'),('ku','es','kurdo'),('ku','fr','kurde'),('ku','it','curdo'),('kv','de','Komi-Sprache'),('kv','en','Komi'),('kv','es','komi'),('kv','fr','komi'),('kv','it','komi'),('kw','de','Kornisch'),('kw','en','Cornish'),('kw','es','córnico'),('kw','fr','cornique'),('kw','it','cornico'),('ky','de','Kirgisisch'),('ky','en','Kirghiz'),('ky','es','kirghiz'),('ky','fr','kirghize'),('ky','it','kirghiso'),('la','de','Latein'),('la','en','Latin'),('la','es','latín'),('la','fr','latin'),('la','it','latino'),('lb','de','Luxemburgisch'),('lb','en','Luxembourgish'),('lb','es','luxemburgués'),('lb','fr','luxembourgeois'),('lb','it','lussemburghese'),('lg','de','Ganda-Sprache'),('lg','en','Ganda'),('lg','es','ganda'),('lg','fr','ganda'),('lg','it','ganda'),('li','de','Limburgisch'),('li','en','Limburgish'),('li','es','limburgués'),('li','fr','limbourgeois'),('li','it','limburgese'),('ln','de','Lingala'),('ln','en','Lingala'),('ln','es','lingala'),('ln','fr','lingala'),('ln','it','lingala'),('lo','de','Laotisch'),('lo','en','Lao'),('lo','es','laosiano'),('lo','fr','lao'),('lo','it','lao'),('lt','de','Litauisch'),('lt','en','Lithuanian'),('lt','es','lituano'),('lt','fr','lituanien'),('lt','it','lituano'),('lu','de','Luba-Katanga'),('lu','en','Luba-Katanga'),('lu','es','luba-katanga'),('lu','fr','luba-katanga'),('lu','it','luba-katanga'),('lv','de','Lettisch'),('lv','en','Latvian'),('lv','es','letón'),('lv','fr','letton'),('lv','it','lettone'),('mg','de','Malagassi-Sprache'),('mg','en','Malagasy'),('mg','es','malgache'),('mg','fr','malgache'),('mg','it','malgascio'),('mh','de','Marschallesisch'),('mh','en','Marshallese'),('mh','es','marshalés'),('mh','fr','marshall'),('mh','it','marshallese'),('mi','de','Maori'),('mi','en','Maori'),('mi','es','maorí'),('mi','fr','maori'),('mi','it','maori'),('mk','de','Mazedonisch'),('mk','en','Macedonian'),('mk','es','macedonio'),('mk','fr','macédonien'),('mk','it','macedone'),('ml','de','Malayalam'),('ml','en','Malayalam'),('ml','es','malayalam'),('ml','fr','malayalam'),('ml','it','malayalam'),('mn','de','Mongolisch'),('mn','en','Mongolian'),('mn','es','mongol'),('mn','fr','mongol'),('mn','it','mongolo'),('mo','de','Moldauisch'),('mo','en','Moldavian'),('mo','es','moldavo'),('mo','fr','moldave'),('mo','it','moldavo'),('mr','de','Marathi'),('mr','en','Marathi'),('mr','es','marathi'),('mr','fr','marathe'),('mr','it','marathi'),('ms','de','Malaiisch'),('ms','en','Malay'),('ms','es','malayo'),('ms','fr','malais'),('ms','it','malese'),('mt','de','Maltesisch'),('mt','en','Maltese'),('mt','es','maltés'),('mt','fr','maltais'),('mt','it','maltese'),('my','de','Birmanisch'),('my','en','Burmese'),('my','es','birmano'),('my','fr','birman'),('my','it','birmano'),('na','de','Nauruisch'),('na','en','Nauru'),('na','es','nauruano'),('na','fr','nauruan'),('na','it','nauru'),('nb','de','Norwegisch Bokmål'),('nb','en','Norwegian Bokmål'),('nb','es','bokmal noruego'),('nb','fr','norvégien bokmål'),('nb','it','norvegese bokmal'),('nd','de','Nord-Ndebele-Sprache'),('nd','en','North Ndebele'),('nd','es','ndebele septentrional'),('nd','fr','ndébélé du Nord'),('nd','it','ndebele del nord'),('ne','de','Nepalesisch'),('ne','en','Nepali'),('ne','es','nepalí'),('ne','fr','népalais'),('ne','it','nepalese'),('ng','de','Ndonga'),('ng','en','Ndonga'),('ng','es','ndonga'),('ng','fr','ndonga'),('ng','it','ndonga'),('nl','de','Niederländisch'),('nl','en','Dutch'),('nl','es','neerlandés'),('nl','fr','néerlandais'),('nl','it','olandese'),('nn','de','Norwegisch Nynorsk'),('nn','en','Norwegian Nynorsk'),('nn','es','nynorsk noruego'),('nn','fr','norvégien nynorsk'),('nn','it','norvegese nynorsk'),('no','de','Norwegisch'),('no','en','Norwegian'),('no','es','noruego'),('no','fr','norvégien'),('no','it','norvegese'),('nr','de','Süd-Ndebele-Sprache'),('nr','en','South Ndebele'),('nr','es','ndebele meridional'),('nr','fr','ndébélé du Sud'),('nr','it','ndebele del sud'),('nv','de','Navajo'),('nv','en','Navajo'),('nv','es','navajo'),('nv','fr','navaho'),('nv','it','navajo'),('ny','de','Nyanja-Sprache'),('ny','en','Nyanja'),('ny','es','nyanja'),('ny','fr','nyanja'),('ny','it','nyanja'),('oc','de','Okzitanisch'),('oc','en','Occitan'),('oc','es','occitano'),('oc','fr','occitan'),('oc','it','occitano'),('oj','de','Ojibwa-Sprache'),('oj','en','Ojibwa'),('oj','es','ojibwa'),('oj','fr','ojibwa'),('oj','it','ojibwa'),('om','de','Oromo'),('om','en','Oromo'),('om','es','oromo'),('om','fr','oromo'),('om','it','oromo'),('or','de','Orija'),('or','en','Oriya'),('or','es','oriya'),('or','fr','oriya'),('or','it','oriya'),('os','de','Ossetisch'),('os','en','Ossetic'),('os','es','osético'),('os','fr','ossète'),('os','it','ossetico'),('pa','de','Pandschabisch'),('pa','en','Punjabi'),('pa','es','punjabí'),('pa','fr','pendjabi'),('pa','it','punjabi'),('pi','de','Pali'),('pi','en','Pali'),('pi','es','pali'),('pi','fr','pali'),('pi','it','pali'),('pl','de','Polnisch'),('pl','en','Polish'),('pl','es','polaco'),('pl','fr','polonais'),('pl','it','polacco'),('ps','de','Paschtu'),('ps','en','Pashto'),('ps','es','pastún'),('ps','fr','pachto'),('ps','it','pashto'),('pt','de','Portugiesisch'),('pt','en','Portuguese'),('pt','es','portugués'),('pt','fr','portugais'),('pt','it','portoghese'),('qu','de','Quechua'),('qu','en','Quechua'),('qu','es','quechua'),('qu','fr','quechua'),('qu','it','quechua'),('rm','de','Rätoromanisch'),('rm','en','Romansh'),('rm','es','retorrománico'),('rm','fr','romanche'),('rm','it','romancio'),('rn','de','Rundi-Sprache'),('rn','en','Rundi'),('rn','es','kiroundi'),('rn','fr','roundi'),('rn','it','rundi'),('ro','de','Rumänisch'),('ro','en','Romanian'),('ro','es','rumano'),('ro','fr','roumain'),('ro','it','rumeno'),('ru','de','Russisch'),('ru','en','Russian'),('ru','es','ruso'),('ru','fr','russe'),('ru','it','russo'),('rw','de','Ruandisch'),('rw','en','Kinyarwanda'),('rw','es','kinyarwanda'),('rw','fr','rwanda'),('rw','it','kinyarwanda'),('sa','de','Sanskrit'),('sa','en','Sanskrit'),('sa','es','sánscrito'),('sa','fr','sanskrit'),('sa','it','sanscrito'),('sc','de','Sardisch'),('sc','en','Sardinian'),('sc','es','sardo'),('sc','fr','sarde'),('sc','it','sardo'),('sd','de','Sindhi'),('sd','en','Sindhi'),('sd','es','sindhi'),('sd','fr','sindhî'),('sd','it','sindhi'),('se','de','Nord-Samisch'),('se','en','Northern Sami'),('se','es','sami septentrional'),('se','fr','sami du Nord'),('se','it','sami del nord'),('sg','de','Sango'),('sg','en','Sango'),('sg','es','sango'),('sg','fr','sangho'),('sg','it','sango'),('sh','de','Serbo-Kroatisch'),('sh','en','Serbo-Croatian'),('sh','es','serbocroata'),('sh','fr','serbo-croate'),('sh','it','serbo-croato'),('si','de','Singhalesisch'),('si','en','Sinhala'),('si','es','cingalés'),('si','fr','cinghalais'),('si','it','singalese'),('sk','de','Slowakisch'),('sk','en','Slovak'),('sk','es','eslovaco'),('sk','fr','slovaque'),('sk','it','slovacco'),('sl','de','Slowenisch'),('sl','en','Slovenian'),('sl','es','esloveno'),('sl','fr','slovène'),('sl','it','sloveno'),('sm','de','Samoanisch'),('sm','en','Samoan'),('sm','es','samoano'),('sm','fr','samoan'),('sm','it','samoano'),('sn','de','Shona'),('sn','en','Shona'),('sn','es','shona'),('sn','fr','shona'),('sn','it','shona'),('so','de','Somali'),('so','en','Somali'),('so','es','somalí'),('so','fr','somali'),('so','it','somalo'),('sq','de','Albanisch'),('sq','en','Albanian'),('sq','es','albanés'),('sq','fr','albanais'),('sq','it','albanese'),('sr','de','Serbisch'),('sr','en','Serbian'),('sr','es','serbio'),('sr','fr','serbe'),('sr','it','serbo'),('ss','de','Swazi'),('ss','en','Swati'),('ss','es','siswati'),('ss','fr','swati'),('ss','it','swati'),('st','de','Süd-Sotho-Sprache'),('st','en','Southern Sotho'),('st','es','sesotho meridional'),('st','fr','sesotho'),('st','it','sotho del sud'),('su','de','Sundanesisch'),('su','en','Sundanese'),('su','es','sundanés'),('su','fr','soundanais'),('su','it','sundanese'),('sv','de','Schwedisch'),('sv','en','Swedish'),('sv','es','sueco'),('sv','fr','suédois'),('sv','it','svedese'),('sw','de','Suaheli'),('sw','en','Swahili'),('sw','es','swahili'),('sw','fr','swahili'),('sw','it','swahili'),('ta','de','Tamilisch'),('ta','en','Tamil'),('ta','es','tamil'),('ta','fr','tamoul'),('ta','it','tamil'),('te','de','Telugu'),('te','en','Telugu'),('te','es','telugu'),('te','fr','télougou'),('te','it','telugu'),('tg','de','Tadschikisch'),('tg','en','Tajik'),('tg','es','tayiko'),('tg','fr','tadjik'),('tg','it','tagicco'),('th','de','Thailändisch'),('th','en','Thai'),('th','es','tailandés'),('th','fr','thaï'),('th','it','thai'),('ti','de','Tigrinja'),('ti','en','Tigrinya'),('ti','es','tigriña'),('ti','fr','tigrigna'),('ti','it','tigrinya'),('tk','de','Turkmenisch'),('tk','en','Turkmen'),('tk','es','turcomano'),('tk','fr','turkmène'),('tk','it','turcomanno'),('tl','de','Tagalog'),('tl','en','Tagalog'),('tl','es','tagalo'),('tl','fr','tagalog'),('tl','it','tagalog'),('tn','de','Tswana-Sprache'),('tn','en','Tswana'),('tn','es','setchwana'),('tn','fr','tswana'),('tn','it','tswana'),('to','de','Tongaisch'),('to','en','Tongan'),('to','es','tongano'),('to','fr','tongien'),('to','it','tongano'),('tr','de','Türkisch'),('tr','en','Turkish'),('tr','es','turco'),('tr','fr','turc'),('tr','it','turco'),('ts','de','Tsonga'),('ts','en','Tsonga'),('ts','es','tsonga'),('ts','fr','tsonga'),('ts','it','tsonga'),('tt','de','Tatarisch'),('tt','en','Tatar'),('tt','es','tártaro'),('tt','fr','tatar'),('tt','it','tatarico'),('tw','de','Twi'),('tw','en','Twi'),('tw','es','twi'),('tw','fr','twi'),('tw','it','ci'),('ty','de','Tahitisch'),('ty','en','Tahitian'),('ty','es','tahitiano'),('ty','fr','tahitien'),('ty','it','taitiano'),('ug','de','Uigurisch'),('ug','en','Uighur'),('ug','es','uigur'),('ug','fr','ouïghour'),('ug','it','uigurico'),('uk','de','Ukrainisch'),('uk','en','Ukrainian'),('uk','es','ucraniano'),('uk','fr','ukrainien'),('uk','it','ucraino'),('ur','de','Urdu'),('ur','en','Urdu'),('ur','es','urdu'),('ur','fr','ourdou'),('ur','it','urdu'),('uz','de','Usbekisch'),('uz','en','Uzbek'),('uz','es','uzbeko'),('uz','fr','ouzbek'),('uz','it','usbeco'),('ve','de','Venda-Sprache'),('ve','en','Venda'),('ve','es','venda'),('ve','fr','venda'),('ve','it','venda'),('vi','de','Vietnamesisch'),('vi','en','Vietnamese'),('vi','es','vietnamita'),('vi','fr','vietnamien'),('vi','it','vietnamita'),('vo','de','Volapük'),('vo','en','Volapük'),('vo','es','volapük'),('vo','fr','volapuk'),('vo','it','volapük'),('wa','de','Wallonisch'),('wa','en','Walloon'),('wa','es','valón'),('wa','fr','wallon'),('wa','it','vallone'),('wo','de','Wolof'),('wo','en','Wolof'),('wo','es','uolof'),('wo','fr','wolof'),('wo','it','volof'),('xh','de','Xhosa'),('xh','en','Xhosa'),('xh','es','xhosa'),('xh','fr','xhosa'),('xh','it','xosa'),('yi','de','Jiddisch'),('yi','en','Yiddish'),('yi','es','yídish'),('yi','fr','yiddish'),('yi','it','yiddish'),('yo','de','Yoruba'),('yo','en','Yoruba'),('yo','es','yoruba'),('yo','fr','yoruba'),('yo','it','yoruba'),('za','de','Zhuang'),('za','en','Zhuang'),('za','es','zhuang'),('za','fr','zhuang'),('za','it','zhuang'),('zh','de','Chinesisch'),('zh','en','Chinese'),('zh','es','chino'),('zh','fr','chinois'),('zh','it','cinese'),('zu','de','Zulu'),('zu','en','Zulu'),('zu','es','zulú'),('zu','fr','zoulou'),('zu','it','zulu');
/*!40000 ALTER TABLE `core_intl_language_names` ENABLE KEYS */;
UNLOCK TABLES;

--
-- Table structure for table `core_plugins`
--

DROP TABLE IF EXISTS `core_plugins`;
/*!40101 SET @saved_cs_client     = @@character_set_client */;
/*!40101 SET character_set_client = utf8 */;
CREATE TABLE `core_plugins` (
  `id` int(11) NOT NULL AUTO_INCREMENT,
  `name` varchar(50) NOT NULL,
  `sort_order` smallint(5) unsigned NOT NULL,
  PRIMARY KEY (`id`)
) ENGINE=InnoDB AUTO_INCREMENT=5 DEFAULT CHARSET=latin1;
/*!40101 SET character_set_client = @saved_cs_client */;

--
-- Dumping data for table `core_plugins`
--

LOCK TABLES `core_plugins` WRITE;
/*!40000 ALTER TABLE `core_plugins` DISABLE KEYS */;
INSERT INTO `core_plugins` VALUES (1,'baseLayout',1),(4,'payroll',2);
/*!40000 ALTER TABLE `core_plugins` ENABLE KEYS */;
UNLOCK TABLES;

--
-- Table structure for table `core_registry`
--

DROP TABLE IF EXISTS `core_registry`;
/*!40101 SET @saved_cs_client     = @@character_set_client */;
/*!40101 SET character_set_client = utf8 */;
CREATE TABLE `core_registry` (
  `path` varchar(255) NOT NULL,
  `name` varchar(255) NOT NULL,
  `type` tinyint(4) NOT NULL,
  `value` varchar(512) NOT NULL,
  PRIMARY KEY (`path`,`name`) USING BTREE
) ENGINE=InnoDB DEFAULT CHARSET=latin1;
/*!40101 SET character_set_client = @saved_cs_client */;

--
-- Dumping data for table `core_registry`
--

LOCK TABLES `core_registry` WRITE;
/*!40000 ALTER TABLE `core_registry` DISABLE KEYS */;
INSERT INTO `core_registry` VALUES ('GLOBAL/SETTINGS/CORE','dateformat_long',0,'%e. %B %Y'),('GLOBAL/SETTINGS/CORE','dateformat_medium',0,'%d.%m.%Y'),('GLOBAL/SETTINGS/CORE','dateformat_short',0,'%d.%m.%y'),('GLOBAL/SETTINGS/CORE','datetimeformat_hm',0,'%d.%m.%Y %H:%M'),('GLOBAL/SETTINGS/CORE','datetimeformat_hms',0,'%d.%m.%Y %H:%M:%s'),('GLOBAL/SETTINGS/CORE','numberformat_dec_point',0,'.'),('GLOBAL/SETTINGS/CORE','numberformat_thousands_sep',0,'\''),('GLOBAL/SETTINGS/CORE','timeformat_hm',0,'%H:%M'),('GLOBAL/SETTINGS/CORE','timeformat_hms',0,'%H:%M:%s'),('GLOBAL/SETTINGS/CORE/payroll','pensioner_relief',0,'16800.00'),('GROUPS/2/ModulePermission/baseLayout','configEnabled',0,'0'),('GROUPS/2/ModulePermission/baseLayout','groupAdd',0,'0'),('GROUPS/2/ModulePermission/baseLayout','groupDelete',0,'0'),('GROUPS/2/ModulePermission/baseLayout','groupDetailDisplay',0,'0'),('GROUPS/2/ModulePermission/baseLayout','groupEdit',0,'0'),('GROUPS/2/ModulePermission/baseLayout','groupListDisplay',0,'1'),('GROUPS/2/ModulePermission/baseLayout','userAdd',0,'0'),('GROUPS/2/ModulePermission/baseLayout','userAdminEnabled',0,'1'),('GROUPS/2/ModulePermission/baseLayout','userDelete',0,'0'),('GROUPS/2/ModulePermission/baseLayout','userDetailDisplay',0,'0'),('GROUPS/2/ModulePermission/baseLayout','userEdit',0,'0'),('GROUPS/2/ModulePermission/baseLayout','userListDisplay',0,'1'),('USERS/1/ExtendedSecurity','bFri',0,'1'),('USERS/1/ExtendedSecurity','bMon',0,'1'),('USERS/1/ExtendedSecurity','bSat',0,'0'),('USERS/1/ExtendedSecurity','bSun',0,'0'),('USERS/1/ExtendedSecurity','bThu',0,'0'),('USERS/1/ExtendedSecurity','bTue',0,'0'),('USERS/1/ExtendedSecurity','bWed',0,'1'),('USERS/1/ExtendedSecurity','ipInclude1',0,'192.168.1.205'),('USERS/1/ExtendedSecurity','ipInclude2',0,''),('USERS/1/ExtendedSecurity','ipInclude3',0,''),('USERS/1/ExtendedSecurity','ipInclude4',0,''),('USERS/1/ExtendedSecurity','ipInclude5',0,''),('USERS/1/ExtendedSecurity','ipRestriction',0,'0'),('USERS/1/ExtendedSecurity','subnetInclude1',0,'255.255.255.0'),('USERS/1/ExtendedSecurity','subnetInclude2',0,''),('USERS/1/ExtendedSecurity','subnetInclude3',0,''),('USERS/1/ExtendedSecurity','subnetInclude4',0,''),('USERS/1/ExtendedSecurity','subnetInclude5',0,''),('USERS/1/ExtendedSecurity','timeFrom',0,'07:30'),('USERS/1/ExtendedSecurity','timeRestriction',0,'0'),('USERS/1/ExtendedSecurity','timeUntil',0,'17:30'),('USERS/1/SETTINGS','acc_fin_fiscalyear_ID',0,'1'),('USERS/1/SETTINGS','acc_fin_fiscalyear_name',0,'2012'),('USERS/1/SETTINGS/acc','acc_fin_fiscalyear_ID',0,'1'),('USERS/1/SETTINGS/acc','acc_fin_fiscalyear_name',0,'2012'),('USERS/1/SETTINGS/payroll','calcOvSettings',0,'a:3:{s:18:\"quickFilterEnabled\";b:0;s:12:\"columnsWidth\";a:8:{i:0;d:80;i:1;d:127;i:2;d:113;i:3;d:53;i:4;d:151;i:5;d:119;i:6;d:110;i:7;d:111;}s:4:\"sort\";a:1:{i:0;a:2:{s:8:\"columnId\";s:8:\"Lastname\";s:7:\"sortAsc\";b:1;}}}'),('USERS/1/SETTINGS/payroll','cmpcSettings',0,'a:3:{s:18:\"quickFilterEnabled\";b:0;s:12:\"columnsWidth\";a:5:{i:0;d:85;i:1;d:120;i:2;d:160;i:3;d:60;i:4;d:174;}s:4:\"sort\";a:1:{i:0;a:2:{s:8:\"columnId\";s:17:\"company_shortname\";s:7:\"sortAsc\";b:1;}}}'),('USERS/1/SETTINGS/payroll','finalizeEqualDates',0,'1'),('USERS/1/SETTINGS/payroll','inscSettings',0,'a:3:{s:18:\"quickFilterEnabled\";b:0;s:12:\"columnsWidth\";a:12:{i:0;d:95;i:1;d:106;i:2;d:116;i:3;d:102;i:4;d:70;i:5;d:75;i:6;d:73;i:7;d:55;i:8;d:89;i:9;d:84;i:10;d:95;i:11;d:84;}s:4:\"sort\";a:1:{i:0;a:2:{s:8:\"columnId\";s:13:\"InsuranceCode\";s:7:\"sortAsc\";b:1;}}}'),('USERS/1/SETTINGS/payroll','loacSettings',0,'a:3:{s:18:\"quickFilterEnabled\";b:0;s:12:\"columnsWidth\";a:3:{i:0;d:85;i:1;d:366;i:2;d:135;}s:4:\"sort\";a:1:{i:0;a:2:{s:8:\"columnId\";s:2:\"id\";s:7:\"sortAsc\";b:1;}}}'),('USERS/1/SETTINGS/payroll','psoCurrentEmplForm',0,'2'),('USERS/1/SETTINGS/payroll','psoDbFilter',0,''),('USERS/1/SETTINGS/payroll','psoSettings',0,'a:3:{s:18:\"quickFilterEnabled\";b:0;s:12:\"columnsWidth\";a:7:{i:0;d:80;i:1;d:137;i:2;d:122;i:3;d:203;i:4;d:69;i:5;d:157;i:6;d:53;}s:4:\"sort\";a:1:{i:0;a:2:{s:8:\"columnId\";s:8:\"Lastname\";s:7:\"sortAsc\";b:1;}}}'),('USERS/1/SETTINGS/payroll','syacSettings',0,'a:3:{s:18:\"quickFilterEnabled\";b:0;s:12:\"columnsWidth\";a:2:{i:0;d:90;i:1;d:300;}s:4:\"sort\";a:1:{i:0;a:2:{s:8:\"columnId\";s:18:\"payroll_account_ID\";s:7:\"sortAsc\";b:1;}}}'),('USERS/4/ExtendedSecurity','bFri',0,'1'),('USERS/4/ExtendedSecurity','bMon',0,'1'),('USERS/4/ExtendedSecurity','bSat',0,'0'),('USERS/4/ExtendedSecurity','bSun',0,'0'),('USERS/4/ExtendedSecurity','bThu',0,'1'),('USERS/4/ExtendedSecurity','bTue',0,'1'),('USERS/4/ExtendedSecurity','bWed',0,'1'),('USERS/4/ExtendedSecurity','ipInclude1',0,'213.188.228.86'),('USERS/4/ExtendedSecurity','ipInclude2',0,''),('USERS/4/ExtendedSecurity','ipInclude3',0,''),('USERS/4/ExtendedSecurity','ipInclude4',0,''),('USERS/4/ExtendedSecurity','ipInclude5',0,''),('USERS/4/ExtendedSecurity','ipRestriction',0,'0'),('USERS/4/ExtendedSecurity','subnetInclude1',0,'255.255.255.0'),('USERS/4/ExtendedSecurity','subnetInclude2',0,''),('USERS/4/ExtendedSecurity','subnetInclude3',0,''),('USERS/4/ExtendedSecurity','subnetInclude4',0,''),('USERS/4/ExtendedSecurity','subnetInclude5',0,''),('USERS/4/ExtendedSecurity','timeFrom',0,'06:30'),('USERS/4/ExtendedSecurity','timeRestriction',0,'0'),('USERS/4/ExtendedSecurity','timeUntil',0,'17:30'),('USERS/4/SETTINGS','acc_fin_fiscalyear_ID',0,'1'),('USERS/4/SETTINGS','acc_fin_fiscalyear_name',0,'2012'),('USERS/4/SETTINGS/acc','acc_fin_fiscalyear_ID',0,'1'),('USERS/4/SETTINGS/acc','acc_fin_fiscalyear_name',0,'2012'),('USERS/4/SETTINGS/payroll','calcOvSettings',0,'a:3:{s:18:\"quickFilterEnabled\";b:0;s:12:\"columnsWidth\";a:8:{i:0;d:100;i:1;d:140;i:2;d:131;i:3;d:40;i:4;d:163;i:5;d:125;i:6;d:116;i:7;d:132;}s:4:\"sort\";a:1:{i:0;a:2:{s:8:\"columnId\";s:8:\"Lastname\";s:7:\"sortAsc\";b:1;}}}'),('USERS/4/SETTINGS/payroll','cmpcSettings',0,'a:3:{s:18:\"quickFilterEnabled\";b:0;s:12:\"columnsWidth\";a:5:{i:0;d:60;i:1;d:173;i:2;d:184;i:3;d:60;i:4;d:60;}s:4:\"sort\";a:0:{}}'),('USERS/4/SETTINGS/payroll','finalizeEqualDates',0,'1'),('USERS/4/SETTINGS/payroll','inscSettings',0,'a:3:{s:18:\"quickFilterEnabled\";b:0;s:12:\"columnsWidth\";a:12:{i:0;d:93;i:1;d:202;i:2;d:93;i:3;d:104;i:4;d:89;i:5;d:70;i:6;d:70;i:7;d:55;i:8;d:70;i:9;d:70;i:10;d:70;i:11;d:70;}s:4:\"sort\";a:0:{}}'),('USERS/4/SETTINGS/payroll','loacSettings',0,'a:4:{s:18:\"quickFilterEnabled\";b:1;s:17:\"quickFilterValues\";a:0:{}s:12:\"columnsWidth\";a:3:{i:0;d:107;i:1;d:286;i:2;d:80;}s:4:\"sort\";a:0:{}}'),('USERS/4/SETTINGS/payroll','psoCurrentEmplForm',0,'6'),('USERS/4/SETTINGS/payroll','psoDbFilter',0,''),('USERS/4/SETTINGS/payroll','psoSettings',0,'a:4:{s:18:\"quickFilterEnabled\";b:1;s:17:\"quickFilterValues\";a:0:{}s:12:\"columnsWidth\";a:7:{i:0;d:60;i:1;d:138;i:2;d:144;i:3;d:150;i:4;d:71;i:5;d:180;i:6;d:40;}s:4:\"sort\";a:1:{i:0;a:2:{s:8:\"columnId\";s:14:\"EmployeeNumber\";s:7:\"sortAsc\";b:1;}}}');
/*!40000 ALTER TABLE `core_registry` ENABLE KEYS */;
UNLOCK TABLES;

--
-- Table structure for table `core_user`
--

DROP TABLE IF EXISTS `core_user`;
/*!40101 SET @saved_cs_client     = @@character_set_client */;
/*!40101 SET character_set_client = utf8 */;
CREATE TABLE `core_user` (
  `id` int(11) NOT NULL AUTO_INCREMENT,
  `uid` varchar(25) NOT NULL,
  `pwd` varchar(50) NOT NULL,
  `full_name` varchar(50) NOT NULL,
  `email` varchar(255) NOT NULL,
  `plugin_settings` text NOT NULL,
  `language` varchar(6) NOT NULL,
  `active` tinyint(1) NOT NULL DEFAULT '1',
  `hidden` tinyint(1) NOT NULL DEFAULT '0',
  `timeout_minutes` smallint(5) unsigned NOT NULL DEFAULT '30',
  `allow_pwd_change` tinyint(1) NOT NULL DEFAULT '1',
  `force_pwd_change` tinyint(1) NOT NULL DEFAULT '0',
  `pwd_change_period_days` tinyint(3) unsigned NOT NULL DEFAULT '0',
  `datetime_pwd_change` datetime NOT NULL,
  `datetime_change` datetime NOT NULL,
  `core_user_ID_pwd_change` int(11) NOT NULL,
  `core_user_ID_change` int(11) NOT NULL,
  `datetime_create` datetime NOT NULL,
  `core_user_ID_create` int(11) NOT NULL,
  `deleted` tinyint(1) NOT NULL DEFAULT '0',
  `core_user_ID_delete` int(11) NOT NULL,
  `datetime_delete` datetime NOT NULL,
  PRIMARY KEY (`id`)
) ENGINE=InnoDB AUTO_INCREMENT=5 DEFAULT CHARSET=utf8;
/*!40101 SET character_set_client = @saved_cs_client */;

--
-- Dumping data for table `core_user`
--

LOCK TABLES `core_user` WRITE;
/*!40000 ALTER TABLE `core_user` DISABLE KEYS */;
INSERT INTO `core_user` VALUES (1,'dwm','*611AA6ACB6F28026B141446E6C85F36423226BB3','Daniel Müller','daniel.mueller@pesaris.com','','de',1,0,90,1,0,0,'0000-00-00 00:00:00','2011-07-28 07:52:27',0,1,'0000-00-00 00:00:00',0,0,0,'0000-00-00 00:00:00'),(4,'p.moulin','*3491839C4810A0EB87F3CE7ABBDE7A80B0325089','Pascal Moulin','pascal.moulin@pesaris.com','','de',1,0,30,1,0,0,'0000-00-00 00:00:00','2012-12-12 09:33:33',0,1,'2012-12-12 09:33:33',1,0,0,'0000-00-00 00:00:00');
/*!40000 ALTER TABLE `core_user` ENABLE KEYS */;
UNLOCK TABLES;

--
-- Table structure for table `core_user_group`
--

DROP TABLE IF EXISTS `core_user_group`;
/*!40101 SET @saved_cs_client     = @@character_set_client */;
/*!40101 SET character_set_client = utf8 */;
CREATE TABLE `core_user_group` (
  `core_user_ID` int(11) NOT NULL,
  `core_group_ID` int(11) NOT NULL,
  PRIMARY KEY (`core_user_ID`,`core_group_ID`)
) ENGINE=InnoDB DEFAULT CHARSET=latin1;
/*!40101 SET character_set_client = @saved_cs_client */;

--
-- Dumping data for table `core_user_group`
--

LOCK TABLES `core_user_group` WRITE;
/*!40000 ALTER TABLE `core_user_group` DISABLE KEYS */;
INSERT INTO `core_user_group` VALUES (1,1),(4,1);
/*!40000 ALTER TABLE `core_user_group` ENABLE KEYS */;
UNLOCK TABLES;

--
-- Table structure for table `payroll_account`
--

DROP TABLE IF EXISTS `payroll_account`;
/*!40101 SET @saved_cs_client     = @@character_set_client */;
/*!40101 SET character_set_client = utf8 */;
CREATE TABLE `payroll_account` (
  `id` varchar(5) CHARACTER SET latin1 NOT NULL,
  `payroll_year_ID` smallint(6) NOT NULL,
  `processing_order` smallint(6) NOT NULL DEFAULT '0',
  `sign` tinyint(1) NOT NULL,
  `print_account` tinyint(4) NOT NULL,
  `var_fields` tinyint(4) NOT NULL,
  `input_assignment` tinyint(4) NOT NULL,
  `output_assignment` tinyint(4) NOT NULL,
  `having_limits` tinyint(1) NOT NULL DEFAULT '0',
  `having_calculation` tinyint(1) NOT NULL DEFAULT '0',
  `having_rounding` tinyint(1) NOT NULL DEFAULT '0',
  `payroll_formula_ID` smallint(6) NOT NULL,
  `surcharge` decimal(12,5) NOT NULL,
  `factor` decimal(12,5) NOT NULL,
  `quantity` decimal(12,5) NOT NULL,
  `rate` decimal(12,5) NOT NULL,
  `amount` decimal(12,5) NOT NULL,
  `round_param` decimal(6,4) NOT NULL,
  `limits_aux_account_ID` varchar(5) CHARACTER SET latin1 NOT NULL,
  `limits_calc_mode` tinyint(4) NOT NULL,
  `max_limit` decimal(8,2) NOT NULL,
  `min_limit` decimal(8,2) NOT NULL,
  `deduction` decimal(8,2) NOT NULL,
  `quantity_conversion` decimal(9,4) NOT NULL DEFAULT '1.0000',
  `quantity_decimal` tinyint(4) NOT NULL DEFAULT '10',
  `quantity_print` tinyint(1) NOT NULL DEFAULT '1',
  `rate_conversion` decimal(9,4) NOT NULL DEFAULT '1.0000',
  `rate_decimal` tinyint(4) NOT NULL DEFAULT '10',
  `rate_print` tinyint(1) NOT NULL DEFAULT '1',
  `amount_conversion` decimal(9,4) NOT NULL DEFAULT '1.0000',
  `amount_decimal` tinyint(4) NOT NULL DEFAULT '10',
  `amount_print` tinyint(1) NOT NULL DEFAULT '1',
  `mandatory` tinyint(1) NOT NULL DEFAULT '1',
  `carry_over` tinyint(4) NOT NULL DEFAULT '0',
  `insertion_rules` tinyint(4) NOT NULL DEFAULT '0',
  PRIMARY KEY (`id`,`payroll_year_ID`),
  KEY `fk_payroll_account_payroll_year1_idx` (`payroll_year_ID`),
  CONSTRAINT `fk_payroll_account_payroll_year1_idx` FOREIGN KEY (`payroll_year_ID`) REFERENCES `payroll_year` (`id`) ON DELETE CASCADE ON UPDATE NO ACTION
) ENGINE=InnoDB DEFAULT CHARSET=utf8;
/*!40101 SET character_set_client = @saved_cs_client */;

--
-- Dumping data for table `payroll_account`
--

LOCK TABLES `payroll_account` WRITE;
/*!40000 ALTER TABLE `payroll_account` DISABLE KEYS */;
INSERT INTO `payroll_account` VALUES ('1000',2011,1,0,1,4,0,0,0,0,0,8,0.00000,0.00000,0.00000,0.00000,0.00000,0.0500,'0',0,0.00,0.00,0.00,1.0000,2,1,1.0000,2,1,1.0000,2,1,0,0,0),('1000',2012,1,0,1,4,0,0,0,0,0,8,0.00000,0.00000,0.00000,0.00000,0.00000,0.0500,'0',0,0.00,0.00,0.00,1.0000,2,1,1.0000,2,1,1.0000,2,1,0,0,0),('1001',2011,1,0,1,4,0,0,0,0,0,1,0.00000,0.00000,0.00000,0.00000,0.00000,0.0000,'0',0,0.00,0.00,0.00,1.0000,10,1,1.0000,10,1,1.0000,10,1,0,0,0),('1001',2012,1,0,1,4,0,0,0,0,0,1,0.00000,0.00000,0.00000,0.00000,0.00000,0.0000,'0',0,0.00,0.00,0.00,1.0000,10,1,1.0000,10,1,1.0000,10,1,0,0,0),('1005',2011,1,0,1,3,3,5,0,1,1,8,0.00000,0.00000,0.00000,0.00000,0.00000,0.0500,'0',0,0.00,0.00,0.00,1.0000,2,1,1.0000,2,1,1.0000,2,1,0,0,0),('1005',2012,2,0,1,0,0,5,0,1,1,8,0.00000,0.00000,0.00000,0.00000,0.00000,0.0500,'0',0,0.00,0.00,0.00,1.0000,2,1,1.0000,2,1,1.0000,2,1,0,0,0),('1007',2011,1,0,1,3,3,5,0,1,1,8,0.00000,0.00000,0.00000,0.00000,0.00000,0.0500,'0',0,0.00,0.00,0.00,1.0000,2,1,1.0000,2,1,1.0000,2,1,0,0,0),('1007',2012,1,0,1,3,3,5,0,1,1,8,0.00000,0.00000,0.00000,0.00000,0.00000,0.0500,'0',0,0.00,0.00,0.00,1.0000,2,1,1.0000,2,1,1.0000,2,1,0,0,0),('1010',2011,1,0,1,1,0,5,0,1,1,8,0.00000,0.00000,0.00000,1.00000,0.00000,0.0500,'0',0,0.00,0.00,0.00,1.0000,2,1,1.0000,2,1,1.0000,2,1,0,0,0),('1010',2012,1,0,1,1,0,5,0,1,1,8,0.00000,0.00000,0.00000,1.00000,0.00000,0.0500,'0',0,0.00,0.00,0.00,1.0000,2,1,1.0000,2,1,1.0000,2,1,0,0,0),('1015',2011,1,0,1,1,3,5,0,1,1,8,0.00000,0.00000,0.00000,1.00000,0.00000,0.0500,'0',0,0.00,0.00,0.00,1.0000,2,1,1.0000,2,1,1.0000,2,1,0,0,0),('1015',2012,1,0,1,1,3,5,0,1,1,8,0.00000,0.00000,0.00000,1.00000,0.00000,0.0500,'0',0,0.00,0.00,0.00,1.0000,2,1,1.0000,2,1,1.0000,2,1,0,0,0),('1016',2011,1,0,1,1,3,5,0,1,1,8,0.00000,0.00000,0.00000,1.00000,0.00000,0.0500,'0',0,0.00,0.00,0.00,1.0000,2,1,1.0000,2,1,1.0000,2,1,0,0,0),('1016',2012,1,0,1,1,3,5,0,1,1,8,0.00000,0.00000,0.00000,1.00000,0.00000,0.0500,'0',0,0.00,0.00,0.00,1.0000,2,1,1.0000,2,1,1.0000,2,1,0,0,0),('1017',2011,1,0,1,1,3,5,0,1,1,8,0.00000,0.00000,0.00000,1.00000,0.00000,0.0500,'0',0,0.00,0.00,0.00,1.0000,2,1,1.0000,2,1,1.0000,2,1,0,0,0),('1017',2012,1,0,1,1,3,5,0,1,1,8,0.00000,0.00000,0.00000,1.00000,0.00000,0.0500,'0',0,0.00,0.00,0.00,1.0000,2,1,1.0000,2,1,1.0000,2,1,0,0,0),('1018',2011,1,0,1,1,3,5,0,1,1,8,0.00000,0.00000,0.00000,1.00000,0.00000,0.0500,'0',0,0.00,0.00,0.00,1.0000,2,1,1.0000,2,1,1.0000,2,1,0,0,0),('1018',2012,1,0,1,1,3,5,0,1,1,8,0.00000,0.00000,0.00000,1.00000,0.00000,0.0500,'0',0,0.00,0.00,0.00,1.0000,2,1,1.0000,2,1,1.0000,2,1,0,0,0),('1021',2011,1,0,1,1,3,5,0,1,1,8,0.00000,0.00000,0.00000,1.00000,0.00000,0.0500,'0',0,0.00,0.00,0.00,1.0000,2,1,1.0000,2,1,1.0000,2,1,0,0,0),('1021',2012,1,0,1,1,3,5,0,1,1,8,0.00000,0.00000,0.00000,1.00000,0.00000,0.0500,'0',0,0.00,0.00,0.00,1.0000,2,1,1.0000,2,1,1.0000,2,1,0,0,0),('1030',2011,1,0,1,1,3,5,0,1,1,8,0.00000,0.00000,0.00000,1.00000,0.00000,0.0500,'0',0,0.00,0.00,0.00,1.0000,2,1,1.0000,2,1,1.0000,2,1,0,0,0),('1030',2012,1,0,1,1,3,5,0,1,1,8,0.00000,0.00000,0.00000,1.00000,0.00000,0.0500,'0',0,0.00,0.00,0.00,1.0000,2,1,1.0000,2,1,1.0000,2,1,0,0,0),('1031',2011,1,0,1,1,3,5,0,1,1,8,0.00000,0.00000,0.00000,1.00000,0.00000,0.0500,'0',0,0.00,0.00,0.00,1.0000,2,1,1.0000,2,1,1.0000,2,1,0,0,0),('1031',2012,1,0,1,1,3,5,0,1,1,8,0.00000,0.00000,0.00000,1.00000,0.00000,0.0500,'0',0,0.00,0.00,0.00,1.0000,2,1,1.0000,2,1,1.0000,2,1,0,0,0),('1032',2011,1,0,1,1,3,5,0,1,1,8,0.00000,0.00000,0.00000,1.00000,0.00000,0.0500,'0',0,0.00,0.00,0.00,1.0000,2,1,1.0000,2,1,1.0000,2,1,0,0,0),('1032',2012,1,0,1,1,0,5,0,1,1,8,0.00000,0.00000,0.00000,1.00000,0.00000,0.0500,'0',0,0.00,0.00,0.00,1.0000,2,1,1.0000,2,1,1.0000,2,1,0,0,0),('1050',2011,1,0,1,4,0,0,0,0,0,1,0.00000,0.00000,0.00000,0.00000,0.00000,0.0000,'0',0,0.00,0.00,0.00,1.0000,10,1,1.0000,10,1,1.0000,10,1,0,0,0),('1050',2012,1,0,1,4,0,0,0,0,0,1,0.00000,0.00000,0.00000,0.00000,0.00000,0.0000,'0',0,0.00,0.00,0.00,1.0000,10,1,1.0000,10,1,1.0000,10,1,0,0,0),('1055',2011,1,0,1,3,3,5,0,1,1,8,0.00000,0.00000,0.00000,1.00000,0.00000,0.0500,'0',0,0.00,0.00,0.00,1.0000,2,1,1.0000,2,1,1.0000,2,1,0,0,0),('1055',2012,1,0,1,3,3,5,0,1,1,8,0.00000,0.00000,0.00000,1.00000,0.00000,0.0500,'0',0,0.00,0.00,0.00,1.0000,2,1,1.0000,2,1,1.0000,2,1,0,0,0),('1061',2011,2,0,3,1,0,5,0,1,1,3,0.00000,1.25000,0.00000,0.00000,0.00000,0.0500,'0',0,0.00,0.00,0.00,1.0000,10,1,1.0000,10,1,1.0000,10,1,1,0,0),('1061',2012,2,0,3,1,0,5,0,1,1,3,0.00000,1.25000,0.00000,0.00000,0.00000,0.0500,'0',0,0.00,0.00,0.00,1.0000,10,1,1.0000,10,1,1.0000,10,1,1,0,0),('1065',2011,1,0,1,3,3,5,0,1,1,8,0.00000,0.00000,0.00000,0.00000,0.00000,0.0500,'0',0,0.00,0.00,0.00,1.0000,2,1,1.0000,2,1,1.0000,2,1,0,0,0),('1065',2012,1,0,1,3,3,5,0,1,1,8,0.00000,0.00000,0.00000,0.00000,0.00000,0.0500,'0',0,0.00,0.00,0.00,1.0000,2,1,1.0000,2,1,1.0000,2,1,0,0,0),('1071',2011,1,0,3,3,0,5,0,1,1,8,0.00000,0.00000,0.00000,0.00000,0.00000,0.0500,'0',0,0.00,0.00,0.00,1.0000,10,1,1.0000,10,1,1.0000,10,1,0,0,0),('1071',2012,1,0,3,3,0,5,0,1,1,8,0.00000,0.00000,0.00000,0.00000,0.00000,0.0500,'0',0,0.00,0.00,0.00,1.0000,10,1,1.0000,10,1,1.0000,10,1,0,0,0),('1072',2011,1,0,1,1,3,5,0,1,1,8,0.00000,0.00000,0.00000,1.00000,0.00000,0.0500,'0',0,0.00,0.00,0.00,1.0000,2,1,1.0000,2,1,1.0000,2,1,0,0,0),('1072',2012,1,0,1,1,3,5,0,1,1,8,0.00000,0.00000,0.00000,1.00000,0.00000,0.0500,'0',0,0.00,0.00,0.00,1.0000,2,1,1.0000,2,1,1.0000,2,1,0,0,0),('1073',2011,1,0,1,3,0,5,0,1,1,8,0.00000,0.00000,0.00000,0.00000,0.00000,0.0500,'0',0,0.00,0.00,0.00,1.0000,10,1,1.0000,10,1,1.0000,10,1,0,0,0),('1073',2012,1,0,1,3,0,5,0,1,1,8,0.00000,0.00000,0.00000,0.00000,0.00000,0.0500,'0',0,0.00,0.00,0.00,1.0000,10,1,1.0000,10,1,1.0000,10,1,0,0,0),('1074',2011,1,0,1,3,0,5,0,1,1,8,0.00000,0.00000,0.00000,0.00000,0.00000,0.0500,'0',0,0.00,0.00,0.00,1.0000,10,1,1.0000,10,1,1.0000,10,1,0,0,0),('1074',2012,1,0,1,3,0,5,0,1,1,8,0.00000,0.00000,0.00000,0.00000,0.00000,0.0500,'0',0,0.00,0.00,0.00,1.0000,10,1,1.0000,10,1,1.0000,10,1,0,0,0),('1075',2011,1,0,1,3,0,5,0,1,1,8,0.00000,0.00000,0.00000,0.00000,0.00000,0.0500,'0',0,0.00,0.00,0.00,1.0000,10,1,1.0000,10,1,1.0000,10,1,0,0,0),('1075',2012,1,0,1,3,0,5,0,1,1,8,0.00000,0.00000,0.00000,0.00000,0.00000,0.0500,'0',0,0.00,0.00,0.00,1.0000,10,1,1.0000,10,1,1.0000,10,1,0,0,0),('1076',2011,1,0,1,3,0,5,0,1,1,8,0.00000,0.00000,0.00000,0.00000,0.00000,0.0500,'0',0,0.00,0.00,0.00,1.0000,10,1,1.0000,10,1,1.0000,10,1,0,0,0),('1076',2012,1,0,1,3,0,5,0,1,1,8,0.00000,0.00000,0.00000,0.00000,0.00000,0.0500,'0',0,0.00,0.00,0.00,1.0000,10,1,1.0000,10,1,1.0000,10,1,0,0,0),('1101',2011,1,0,1,1,3,5,0,1,1,8,0.00000,0.00000,0.00000,1.00000,0.00000,0.0500,'0',0,0.00,0.00,0.00,1.0000,2,1,1.0000,2,1,1.0000,2,1,0,0,0),('1101',2012,1,0,1,1,3,5,0,1,1,8,0.00000,0.00000,0.00000,1.00000,0.00000,0.0500,'0',0,0.00,0.00,0.00,1.0000,2,1,1.0000,2,1,1.0000,2,1,0,0,0),('1102',2011,1,0,1,3,0,5,0,1,1,8,0.00000,0.00000,0.00000,0.00000,0.00000,0.0500,'0',0,0.00,0.00,0.00,1.0000,10,1,1.0000,10,1,1.0000,10,1,0,0,0),('1102',2012,1,0,1,3,0,5,0,1,1,8,0.00000,0.00000,0.00000,0.00000,0.00000,0.0500,'0',0,0.00,0.00,0.00,1.0000,10,1,1.0000,10,1,1.0000,10,1,0,0,0),('1112',2011,1,0,1,1,3,5,0,1,1,8,0.00000,0.00000,0.00000,1.00000,0.00000,0.0500,'0',0,0.00,0.00,0.00,1.0000,2,1,1.0000,2,1,1.0000,2,1,0,0,0),('1112',2012,1,0,1,1,3,5,0,1,1,8,0.00000,0.00000,0.00000,1.00000,0.00000,0.0500,'0',0,0.00,0.00,0.00,1.0000,2,1,1.0000,2,1,1.0000,2,1,0,0,0),('1160',2011,4,0,1,2,0,5,0,1,1,13,0.00000,0.00000,0.00000,0.08330,0.00000,0.0500,'0',0,0.00,0.00,0.00,1.0000,2,1,1.0000,2,1,1.0000,2,1,1,0,1),('1160',2012,4,0,1,2,0,5,0,1,1,13,0.00000,0.00000,0.00000,0.08330,0.00000,0.0500,'0',0,0.00,0.00,0.00,1.0000,2,1,1.0000,2,1,1.0000,2,1,1,0,1),('1161',2011,4,0,1,2,0,5,0,1,1,13,0.00000,0.00000,0.00000,0.03580,0.00000,0.0500,'0',0,0.00,0.00,0.00,1.0000,2,1,1.0000,2,1,1.0000,2,1,1,0,1),('1161',2012,4,0,1,2,0,5,0,1,1,13,0.00000,0.00000,0.00000,0.03580,0.00000,0.0500,'0',0,0.00,0.00,0.00,1.0000,2,1,1.0000,2,1,1.0000,2,1,1,0,1),('1162',2011,1,0,1,3,0,5,0,1,1,8,0.00000,0.00000,0.00000,0.00000,0.00000,0.0500,'0',0,0.00,0.00,0.00,1.0000,10,1,1.0000,10,1,1.0000,10,1,0,0,0),('1162',2012,1,0,1,3,0,5,0,1,1,8,0.00000,0.00000,0.00000,0.00000,0.00000,0.0500,'0',0,0.00,0.00,0.00,1.0000,10,1,1.0000,10,1,1.0000,10,1,0,0,0),('1200',2011,1,0,1,3,3,5,0,1,1,8,0.00000,0.00000,0.00000,1.00000,0.00000,0.0500,'0',0,0.00,0.00,0.00,1.0000,2,1,1.0000,2,1,1.0000,2,1,0,0,0),('1200',2012,1,0,1,3,3,5,0,1,1,8,0.00000,0.00000,0.00000,1.00000,0.00000,0.0500,'0',0,0.00,0.00,0.00,1.0000,2,1,1.0000,2,1,1.0000,2,1,0,0,0),('1201',2011,1,0,1,1,3,5,0,1,1,8,0.00000,0.00000,0.00000,1.00000,0.00000,0.0500,'0',0,0.00,0.00,0.00,1.0000,2,1,1.0000,2,1,1.0000,2,1,0,0,0),('1201',2012,1,0,1,1,3,5,0,1,1,8,0.00000,0.00000,0.00000,1.00000,0.00000,0.0500,'0',0,0.00,0.00,0.00,1.0000,2,1,1.0000,2,1,1.0000,2,1,0,0,0),('1202',2011,1,0,1,1,3,5,0,1,1,8,0.00000,0.00000,0.00000,1.00000,0.00000,0.0500,'0',0,0.00,0.00,0.00,1.0000,2,1,1.0000,2,1,1.0000,2,1,0,0,0),('1202',2012,1,0,1,1,3,5,0,1,1,8,0.00000,0.00000,0.00000,1.00000,0.00000,0.0500,'0',0,0.00,0.00,0.00,1.0000,2,1,1.0000,2,1,1.0000,2,1,0,0,0),('1210',2011,1,0,1,1,3,5,0,1,1,8,0.00000,0.00000,0.00000,1.00000,0.00000,0.0500,'0',0,0.00,0.00,0.00,1.0000,2,1,1.0000,2,1,1.0000,2,1,0,0,0),('1210',2012,1,0,1,1,3,5,0,1,1,8,0.00000,0.00000,0.00000,1.00000,0.00000,0.0500,'0',0,0.00,0.00,0.00,1.0000,2,1,1.0000,2,1,1.0000,2,1,0,0,0),('1211',2011,1,0,1,1,3,5,0,1,1,8,0.00000,0.00000,0.00000,1.00000,0.00000,0.0500,'0',0,0.00,0.00,0.00,1.0000,2,1,1.0000,2,1,1.0000,2,1,0,0,0),('1211',2012,1,0,1,1,3,5,0,1,1,8,0.00000,0.00000,0.00000,1.00000,0.00000,0.0500,'0',0,0.00,0.00,0.00,1.0000,2,1,1.0000,2,1,1.0000,2,1,0,0,0),('1212',2011,1,0,1,1,3,5,0,1,1,8,0.00000,0.00000,0.00000,1.00000,0.00000,0.0500,'0',0,0.00,0.00,0.00,1.0000,2,1,1.0000,2,1,1.0000,2,1,0,0,0),('1212',2012,1,0,1,1,3,5,0,1,1,8,0.00000,0.00000,0.00000,1.00000,0.00000,0.0500,'0',0,0.00,0.00,0.00,1.0000,2,1,1.0000,2,1,1.0000,2,1,0,0,0),('1213',2011,1,0,1,1,3,5,0,1,1,8,0.00000,0.00000,0.00000,1.00000,0.00000,0.0500,'0',0,0.00,0.00,0.00,1.0000,2,1,1.0000,2,1,1.0000,2,1,0,0,0),('1213',2012,1,0,1,1,3,5,0,1,1,8,0.00000,0.00000,0.00000,1.00000,0.00000,0.0500,'0',0,0.00,0.00,0.00,1.0000,2,1,1.0000,2,1,1.0000,2,1,0,0,0),('1214',2011,1,0,1,1,3,5,0,1,1,8,0.00000,0.00000,0.00000,1.00000,0.00000,0.0500,'0',0,0.00,0.00,0.00,1.0000,2,1,1.0000,2,1,1.0000,2,1,0,0,0),('1214',2012,1,0,1,1,3,5,0,1,1,8,0.00000,0.00000,0.00000,1.00000,0.00000,0.0500,'0',0,0.00,0.00,0.00,1.0000,2,1,1.0000,2,1,1.0000,2,1,0,0,0),('1215',2011,1,0,1,1,3,5,0,1,1,8,0.00000,0.00000,0.00000,1.00000,0.00000,0.0500,'0',0,0.00,0.00,0.00,1.0000,2,1,1.0000,2,1,1.0000,2,1,0,0,0),('1215',2012,1,0,1,1,3,5,0,1,1,8,0.00000,0.00000,0.00000,1.00000,0.00000,0.0500,'0',0,0.00,0.00,0.00,1.0000,2,1,1.0000,2,1,1.0000,2,1,0,0,0),('1216',2011,1,0,1,1,3,5,0,1,1,8,0.00000,0.00000,0.00000,1.00000,0.00000,0.0500,'0',0,0.00,0.00,0.00,1.0000,2,1,1.0000,2,1,1.0000,2,1,0,0,0),('1216',2012,1,0,1,1,3,5,0,1,1,8,0.00000,0.00000,0.00000,1.00000,0.00000,0.0500,'0',0,0.00,0.00,0.00,1.0000,2,1,1.0000,2,1,1.0000,2,1,0,0,0),('1217',2011,1,0,1,1,3,5,0,1,1,8,0.00000,0.00000,0.00000,1.00000,0.00000,0.0500,'0',0,0.00,0.00,0.00,1.0000,2,1,1.0000,2,1,1.0000,2,1,0,0,0),('1217',2012,1,0,1,1,3,5,0,1,1,8,0.00000,0.00000,0.00000,1.00000,0.00000,0.0500,'0',0,0.00,0.00,0.00,1.0000,2,1,1.0000,2,1,1.0000,2,1,0,0,0),('1218',2011,1,0,1,1,3,5,0,1,1,8,0.00000,0.00000,0.00000,1.00000,0.00000,0.0500,'0',0,0.00,0.00,0.00,1.0000,2,1,1.0000,2,1,1.0000,2,1,0,0,0),('1218',2012,1,0,1,1,3,5,0,1,1,8,0.00000,0.00000,0.00000,1.00000,0.00000,0.0500,'0',0,0.00,0.00,0.00,1.0000,2,1,1.0000,2,1,1.0000,2,1,0,0,0),('1219',2011,1,0,1,4,0,0,0,0,0,1,0.00000,0.00000,0.00000,0.00000,0.00000,0.0000,'0',0,0.00,0.00,0.00,1.0000,10,1,1.0000,10,1,1.0000,10,1,0,0,0),('1219',2012,1,0,1,4,0,0,0,0,0,1,0.00000,0.00000,0.00000,0.00000,0.00000,0.0000,'0',0,0.00,0.00,0.00,1.0000,10,1,1.0000,10,1,1.0000,10,1,0,0,0),('1230',2011,1,0,1,1,3,5,0,1,1,8,0.00000,0.00000,0.00000,1.00000,0.00000,0.0500,'0',0,0.00,0.00,0.00,1.0000,2,1,1.0000,2,1,1.0000,2,1,0,0,0),('1230',2012,1,0,1,1,3,5,0,1,1,8,0.00000,0.00000,0.00000,1.00000,0.00000,0.0500,'0',0,0.00,0.00,0.00,1.0000,2,1,1.0000,2,1,1.0000,2,1,0,0,0),('1231',2011,1,0,1,1,3,5,0,1,1,8,0.00000,0.00000,0.00000,1.00000,0.00000,0.0500,'0',0,0.00,0.00,0.00,1.0000,2,1,1.0000,2,1,1.0000,2,1,0,0,0),('1231',2012,1,0,1,1,3,5,0,1,1,8,0.00000,0.00000,0.00000,1.00000,0.00000,0.0500,'0',0,0.00,0.00,0.00,1.0000,2,1,1.0000,2,1,1.0000,2,1,0,0,0),('1232',2011,1,0,1,1,3,5,0,1,1,8,0.00000,0.00000,0.00000,1.00000,0.00000,0.0500,'0',0,0.00,0.00,0.00,1.0000,2,1,1.0000,2,1,1.0000,2,1,0,0,0),('1232',2012,1,0,1,1,3,5,0,1,1,8,0.00000,0.00000,0.00000,1.00000,0.00000,0.0500,'0',0,0.00,0.00,0.00,1.0000,2,1,1.0000,2,1,1.0000,2,1,0,0,0),('1250',2011,1,0,1,1,3,5,0,1,1,8,0.00000,0.00000,0.00000,1.00000,0.00000,0.0500,'0',0,0.00,0.00,0.00,1.0000,2,1,1.0000,2,1,1.0000,2,1,0,0,0),('1250',2012,1,0,1,1,3,5,0,1,1,8,0.00000,0.00000,0.00000,1.00000,0.00000,0.0500,'0',0,0.00,0.00,0.00,1.0000,2,1,1.0000,2,1,1.0000,2,1,0,0,0),('1310',2011,1,0,1,2,3,5,0,1,1,8,0.00000,0.00000,0.00000,1.00000,0.00000,0.0500,'0',0,0.00,0.00,0.00,1.0000,2,1,1.0000,2,1,1.0000,2,1,0,0,0),('1310',2012,1,0,2,1,0,0,0,0,0,8,0.00000,0.00000,0.00000,1.00000,0.00000,0.0500,'0',0,0.00,0.00,0.00,1.0000,2,1,1.0000,2,1,1.0000,2,1,1,0,0),('1330',2011,1,0,1,2,3,5,0,1,1,8,0.00000,0.00000,0.00000,1.00000,0.00000,0.0500,'0',0,0.00,0.00,0.00,1.0000,2,1,1.0000,2,1,1.0000,2,1,0,0,0),('1330',2012,1,0,3,3,0,5,0,1,1,8,0.00000,0.00000,0.00000,1.00000,0.00000,0.0500,'0',0,0.00,0.00,0.00,1.0000,2,1,1.0000,2,1,1.0000,2,1,0,0,0),('1410',2011,1,0,1,1,3,5,0,1,1,8,0.00000,0.00000,0.00000,1.00000,0.00000,0.0500,'0',0,0.00,0.00,0.00,1.0000,2,1,1.0000,2,1,1.0000,2,1,0,0,0),('1410',2012,1,0,1,1,3,5,0,1,1,8,0.00000,0.00000,0.00000,1.00000,0.00000,0.0500,'0',0,0.00,0.00,0.00,1.0000,2,1,1.0000,2,1,1.0000,2,1,0,0,0),('1500',2011,1,0,1,1,3,5,0,1,1,8,0.00000,0.00000,0.00000,1.00000,0.00000,0.0500,'0',0,0.00,0.00,0.00,1.0000,2,1,1.0000,2,1,1.0000,2,1,0,0,0),('1500',2012,1,0,1,1,3,5,0,1,1,8,0.00000,0.00000,0.00000,1.00000,0.00000,0.0500,'0',0,0.00,0.00,0.00,1.0000,2,1,1.0000,2,1,1.0000,2,1,0,0,0),('1501',2011,1,0,1,1,3,5,0,1,1,8,0.00000,0.00000,0.00000,1.00000,0.00000,0.0500,'0',0,0.00,0.00,0.00,1.0000,2,1,1.0000,2,1,1.0000,2,1,0,0,0),('1501',2012,1,0,1,1,3,5,0,1,1,8,0.00000,0.00000,0.00000,1.00000,0.00000,0.0500,'0',0,0.00,0.00,0.00,1.0000,2,1,1.0000,2,1,1.0000,2,1,0,0,0),('1503',2011,1,0,1,3,0,5,0,1,1,8,0.00000,0.00000,0.00000,0.00000,0.00000,0.0500,'0',0,0.00,0.00,0.00,1.0000,10,1,1.0000,10,1,1.0000,10,1,0,0,0),('1503',2012,1,0,1,3,0,5,0,1,1,8,0.00000,0.00000,0.00000,0.00000,0.00000,0.0500,'0',0,0.00,0.00,0.00,1.0000,10,1,1.0000,10,1,1.0000,10,1,0,0,0),('1902',2011,1,0,1,1,3,5,0,1,1,8,0.00000,0.00000,0.00000,1.00000,0.00000,0.0500,'0',0,0.00,0.00,0.00,1.0000,2,1,1.0000,2,1,1.0000,2,1,0,0,0),('1902',2012,1,0,1,1,0,5,0,1,1,8,0.00000,0.00000,0.00000,1.00000,0.00000,0.0500,'0',0,0.00,0.00,0.00,1.0000,2,1,1.0000,2,1,1.0000,2,1,0,0,0),('1910',2011,1,0,1,1,3,5,0,1,1,8,0.00000,0.00000,0.00000,1.00000,0.00000,0.0500,'0',0,0.00,0.00,0.00,1.0000,2,1,1.0000,2,1,1.0000,2,1,0,0,0),('1910',2012,1,0,1,1,3,5,0,1,1,8,0.00000,0.00000,0.00000,1.00000,0.00000,0.0500,'0',0,0.00,0.00,0.00,1.0000,2,1,1.0000,2,1,1.0000,2,1,0,0,0),('1950',2011,1,0,1,1,3,5,0,1,1,8,0.00000,0.00000,0.00000,1.00000,0.00000,0.0500,'0',0,0.00,0.00,0.00,1.0000,2,1,1.0000,2,1,1.0000,2,1,0,0,0),('1950',2012,1,0,1,1,3,5,0,1,1,8,0.00000,0.00000,0.00000,1.00000,0.00000,0.0500,'0',0,0.00,0.00,0.00,1.0000,2,1,1.0000,2,1,1.0000,2,1,0,0,0),('1961',2011,1,0,1,1,3,5,0,1,1,8,0.00000,0.00000,0.00000,1.00000,0.00000,0.0500,'0',0,0.00,0.00,0.00,1.0000,2,1,1.0000,2,1,1.0000,2,1,0,0,0),('1961',2012,1,0,1,1,3,5,0,1,1,8,0.00000,0.00000,0.00000,1.00000,0.00000,0.0500,'0',0,0.00,0.00,0.00,1.0000,2,1,1.0000,2,1,1.0000,2,1,0,0,0),('1962',2011,1,0,1,1,3,5,0,1,1,8,0.00000,0.00000,0.00000,1.00000,0.00000,0.0500,'0',0,0.00,0.00,0.00,1.0000,2,1,1.0000,2,1,1.0000,2,1,0,0,0),('1962',2012,1,0,1,1,3,5,0,1,1,8,0.00000,0.00000,0.00000,1.00000,0.00000,0.0500,'0',0,0.00,0.00,0.00,1.0000,2,1,1.0000,2,1,1.0000,2,1,0,0,0),('1971',2011,1,0,1,1,3,5,0,1,1,8,0.00000,0.00000,0.00000,1.00000,0.00000,0.0500,'0',0,0.00,0.00,0.00,1.0000,2,1,1.0000,2,1,1.0000,2,1,0,0,0),('1971',2012,1,0,1,1,3,5,0,1,1,8,0.00000,0.00000,0.00000,1.00000,0.00000,0.0500,'0',0,0.00,0.00,0.00,1.0000,2,1,1.0000,2,1,1.0000,2,1,0,0,0),('1972',2011,1,0,1,1,3,5,0,1,1,8,0.00000,0.00000,0.00000,1.00000,0.00000,0.0500,'0',0,0.00,0.00,0.00,1.0000,2,1,1.0000,2,1,1.0000,2,1,0,0,0),('1972',2012,1,0,1,1,3,5,0,1,1,8,0.00000,0.00000,0.00000,1.00000,0.00000,0.0500,'0',0,0.00,0.00,0.00,1.0000,2,1,1.0000,2,1,1.0000,2,1,0,0,0),('1973',2011,1,0,1,1,3,5,0,1,1,8,0.00000,0.00000,0.00000,1.00000,0.00000,0.0500,'0',0,0.00,0.00,0.00,1.0000,2,1,1.0000,2,1,1.0000,2,1,0,0,0),('1973',2012,1,0,1,1,3,5,0,1,1,8,0.00000,0.00000,0.00000,1.00000,0.00000,0.0500,'0',0,0.00,0.00,0.00,1.0000,2,1,1.0000,2,1,1.0000,2,1,0,0,0),('1975',2011,1,0,1,3,0,5,0,1,1,8,0.00000,0.00000,0.00000,0.00000,0.00000,0.0500,'0',0,0.00,0.00,0.00,1.0000,10,1,1.0000,10,1,1.0000,10,1,0,0,0),('1975',2012,1,0,1,3,0,5,0,1,1,8,0.00000,0.00000,0.00000,0.00000,0.00000,0.0500,'0',0,0.00,0.00,0.00,1.0000,10,1,1.0000,10,1,1.0000,10,1,0,0,0),('1976',2011,1,0,1,1,3,5,0,1,1,8,0.00000,0.00000,0.00000,1.00000,0.00000,0.0500,'0',0,0.00,0.00,0.00,1.0000,2,1,1.0000,2,1,1.0000,2,1,0,0,0),('1976',2012,1,0,1,1,3,5,0,1,1,8,0.00000,0.00000,0.00000,1.00000,0.00000,0.0500,'0',0,0.00,0.00,0.00,1.0000,2,1,1.0000,2,1,1.0000,2,1,0,0,0),('1977',2011,1,0,1,1,3,5,0,1,1,8,0.00000,0.00000,0.00000,1.00000,0.00000,0.0500,'0',0,0.00,0.00,0.00,1.0000,2,1,1.0000,2,1,1.0000,2,1,0,0,0),('1977',2012,1,0,1,1,3,5,0,1,1,8,0.00000,0.00000,0.00000,1.00000,0.00000,0.0500,'0',0,0.00,0.00,0.00,1.0000,2,1,1.0000,2,1,1.0000,2,1,0,0,0),('1980',2011,1,0,1,1,3,5,0,1,1,8,0.00000,0.00000,0.00000,1.00000,0.00000,0.0500,'0',0,0.00,0.00,0.00,1.0000,2,1,1.0000,2,1,1.0000,2,1,0,0,0),('1980',2012,1,0,1,1,3,5,0,1,1,8,0.00000,0.00000,0.00000,1.00000,0.00000,0.0500,'0',0,0.00,0.00,0.00,1.0000,2,1,1.0000,2,1,1.0000,2,1,0,0,0),('1999',2011,1,0,0,2,0,5,0,1,0,9,0.00000,0.00000,0.00000,0.00000,10.00000,0.0000,'0',0,0.00,0.00,0.00,1.0000,10,1,1.0000,10,1,1.0000,10,1,1,5,0),('1999',2012,1,0,0,2,0,5,0,1,0,9,0.00000,0.00000,0.00000,0.00000,10.00000,0.0000,'0',0,0.00,0.00,0.00,1.0000,10,1,1.0000,10,1,1.0000,10,1,1,5,0),('2000',2011,1,0,1,3,3,5,0,1,1,8,0.00000,0.00000,0.00000,1.00000,0.00000,0.0500,'0',0,0.00,0.00,0.00,1.0000,2,1,1.0000,2,1,1.0000,2,1,0,0,0),('2000',2012,1,0,1,3,3,5,0,1,1,8,0.00000,0.00000,0.00000,1.00000,0.00000,0.0500,'0',0,0.00,0.00,0.00,1.0000,2,1,1.0000,2,1,1.0000,2,1,0,0,0),('2005',2011,1,0,1,3,3,5,0,1,1,8,0.00000,0.00000,0.00000,1.00000,0.00000,0.0500,'0',0,0.00,0.00,0.00,1.0000,2,1,1.0000,2,1,1.0000,2,1,0,0,0),('2005',2012,1,0,1,3,3,5,0,1,1,8,0.00000,0.00000,0.00000,1.00000,0.00000,0.0500,'0',0,0.00,0.00,0.00,1.0000,2,1,1.0000,2,1,1.0000,2,1,0,0,0),('2010',2011,1,0,1,3,3,5,0,1,1,8,0.00000,0.00000,0.00000,1.00000,0.00000,0.0500,'0',0,0.00,0.00,0.00,1.0000,2,1,1.0000,2,1,1.0000,2,1,0,0,0),('2010',2012,1,0,1,3,3,5,0,1,1,8,0.00000,0.00000,0.00000,1.00000,0.00000,0.0500,'0',0,0.00,0.00,0.00,1.0000,2,1,1.0000,2,1,1.0000,2,1,0,0,0),('2015',2011,1,0,1,3,3,5,0,1,1,8,0.00000,0.00000,0.00000,1.00000,0.00000,0.0500,'0',0,0.00,0.00,0.00,1.0000,2,1,1.0000,2,1,1.0000,2,1,0,0,0),('2015',2012,1,0,1,3,3,5,0,1,1,8,0.00000,0.00000,0.00000,1.00000,0.00000,0.0500,'0',0,0.00,0.00,0.00,1.0000,2,1,1.0000,2,1,1.0000,2,1,0,0,0),('2020',2011,1,0,1,3,3,5,0,1,1,8,0.00000,0.00000,0.00000,1.00000,0.00000,0.0500,'0',0,0.00,0.00,0.00,1.0000,2,1,1.0000,2,1,1.0000,2,1,0,0,0),('2020',2012,1,0,1,3,3,5,0,1,1,8,0.00000,0.00000,0.00000,1.00000,0.00000,0.0500,'0',0,0.00,0.00,0.00,1.0000,2,1,1.0000,2,1,1.0000,2,1,0,0,0),('2025',2011,1,0,1,3,3,5,0,1,1,8,0.00000,0.00000,0.00000,1.00000,0.00000,0.0500,'0',0,0.00,0.00,0.00,1.0000,2,1,1.0000,2,1,1.0000,2,1,0,0,0),('2025',2012,1,0,1,3,3,5,0,1,1,8,0.00000,0.00000,0.00000,1.00000,0.00000,0.0500,'0',0,0.00,0.00,0.00,1.0000,2,1,1.0000,2,1,1.0000,2,1,0,0,0),('2030',2011,1,0,1,3,3,5,0,1,1,8,0.00000,0.00000,0.00000,1.00000,0.00000,0.0500,'0',0,0.00,0.00,0.00,1.0000,2,1,1.0000,2,1,1.0000,2,1,0,0,0),('2030',2012,1,0,1,3,3,5,0,1,1,8,0.00000,0.00000,0.00000,1.00000,0.00000,0.0500,'0',0,0.00,0.00,0.00,1.0000,2,1,1.0000,2,1,1.0000,2,1,0,0,0),('2035',2011,1,0,1,3,3,5,0,1,1,8,0.00000,0.00000,0.00000,1.00000,0.00000,0.0500,'0',0,0.00,0.00,0.00,1.0000,2,1,1.0000,2,1,1.0000,2,1,0,0,0),('2035',2012,1,0,1,3,3,5,0,1,1,8,0.00000,0.00000,0.00000,1.00000,0.00000,0.0500,'0',0,0.00,0.00,0.00,1.0000,2,1,1.0000,2,1,1.0000,2,1,0,0,0),('2050',2011,1,1,1,1,0,5,0,1,0,8,0.00000,0.00000,0.00000,1.00000,0.00000,0.0500,'0',0,0.00,0.00,0.00,1.0000,2,1,1.0000,2,1,1.0000,2,1,0,0,0),('2050',2012,1,1,1,1,0,5,0,1,0,8,0.00000,0.00000,0.00000,1.00000,0.00000,0.0500,'0',0,0.00,0.00,0.00,1.0000,2,1,1.0000,2,1,1.0000,2,1,0,0,0),('2060',2011,1,1,1,3,3,5,0,1,1,8,0.00000,0.00000,0.00000,1.00000,0.00000,0.0500,'0',0,0.00,0.00,0.00,1.0000,2,1,1.0000,2,1,1.0000,2,1,0,0,0),('2060',2012,1,1,1,3,3,5,0,1,1,8,0.00000,0.00000,0.00000,1.00000,0.00000,0.0500,'0',0,0.00,0.00,0.00,1.0000,2,1,1.0000,2,1,1.0000,2,1,0,0,0),('2065',2011,1,0,1,3,3,5,0,1,1,8,0.00000,0.00000,0.00000,1.00000,0.00000,0.0500,'0',0,0.00,0.00,0.00,1.0000,2,1,1.0000,2,1,1.0000,2,1,0,0,0),('2065',2012,1,0,1,3,3,5,0,1,1,8,0.00000,0.00000,0.00000,1.00000,0.00000,0.0500,'0',0,0.00,0.00,0.00,1.0000,2,1,1.0000,2,1,1.0000,2,1,0,0,0),('2070',2011,1,0,1,3,3,5,0,1,1,8,0.00000,0.00000,0.00000,1.00000,0.00000,0.0500,'0',0,0.00,0.00,0.00,1.0000,2,1,1.0000,2,1,1.0000,2,1,0,0,0),('2070',2012,1,0,1,3,3,5,0,1,1,8,0.00000,0.00000,0.00000,1.00000,0.00000,0.0500,'0',0,0.00,0.00,0.00,1.0000,2,1,1.0000,2,1,1.0000,2,1,0,0,0),('2075',2011,1,0,1,3,3,5,0,1,1,8,0.00000,0.00000,0.00000,1.00000,0.00000,0.0500,'0',0,0.00,0.00,0.00,1.0000,2,1,1.0000,2,1,1.0000,2,1,0,0,0),('2075',2012,1,0,1,3,3,5,0,1,1,8,0.00000,0.00000,0.00000,1.00000,0.00000,0.0500,'0',0,0.00,0.00,0.00,1.0000,2,1,1.0000,2,1,1.0000,2,1,0,0,0),('3000',2011,1,0,1,4,0,0,0,0,0,1,0.00000,0.00000,0.00000,0.00000,0.00000,0.0000,'0',0,0.00,0.00,0.00,1.0000,10,1,1.0000,10,1,1.0000,10,1,0,0,0),('3000',2012,1,0,1,4,0,0,0,0,0,1,0.00000,0.00000,0.00000,0.00000,0.00000,0.0000,'0',0,0.00,0.00,0.00,1.0000,10,1,1.0000,10,1,1.0000,10,1,0,0,0),('3030',2011,1,0,1,3,3,5,0,1,1,8,0.00000,0.00000,0.00000,1.00000,0.00000,0.0500,'0',0,0.00,0.00,0.00,1.0000,2,1,1.0000,2,1,1.0000,2,1,0,0,0),('3030',2012,1,0,1,3,3,5,0,1,1,8,0.00000,0.00000,0.00000,1.00000,0.00000,0.0500,'0',0,0.00,0.00,0.00,1.0000,2,1,1.0000,2,1,1.0000,2,1,0,0,0),('3031',2011,1,0,1,1,3,5,0,1,1,8,0.00000,0.00000,0.00000,1.00000,0.00000,0.0500,'0',0,0.00,0.00,0.00,1.0000,2,1,1.0000,2,1,1.0000,2,1,0,0,0),('3031',2012,1,0,1,1,3,5,0,1,1,8,0.00000,0.00000,0.00000,1.00000,0.00000,0.0500,'0',0,0.00,0.00,0.00,1.0000,2,1,1.0000,2,1,1.0000,2,1,0,0,0),('3032',2011,1,0,1,1,3,5,0,1,1,8,0.00000,0.00000,0.00000,1.00000,0.00000,0.0500,'0',0,0.00,0.00,0.00,1.0000,2,1,1.0000,2,1,1.0000,2,1,0,0,0),('3032',2012,1,0,1,1,3,5,0,1,1,8,0.00000,0.00000,0.00000,1.00000,0.00000,0.0500,'0',0,0.00,0.00,0.00,1.0000,2,1,1.0000,2,1,1.0000,2,1,0,0,0),('3034',2011,1,0,1,1,3,5,0,1,1,8,0.00000,0.00000,0.00000,1.00000,0.00000,0.0500,'0',0,0.00,0.00,0.00,1.0000,2,1,1.0000,2,1,1.0000,2,1,0,0,0),('3034',2012,1,0,1,1,3,5,0,1,1,8,0.00000,0.00000,0.00000,1.00000,0.00000,0.0500,'0',0,0.00,0.00,0.00,1.0000,2,1,1.0000,2,1,1.0000,2,1,0,0,0),('5000',2011,5,0,1,0,0,0,0,0,0,8,0.00000,0.00000,0.00000,0.00000,0.00000,0.0500,'0',0,0.00,0.00,0.00,1.0000,2,1,1.0000,2,1,1.0000,2,1,1,0,0),('5000',2012,5,0,1,0,0,0,0,0,0,8,0.00000,0.00000,0.00000,0.00000,0.00000,0.0500,'0',0,0.00,0.00,0.00,1.0000,2,1,1.0000,2,1,1.0000,2,1,1,0,0),('5010',2011,6,1,2,0,0,5,0,1,1,3,0.00000,0.01000,0.00000,0.05050,0.00000,0.0500,'0',0,0.00,0.00,0.00,1.0000,2,1,1.0000,2,1,1.0000,2,1,0,0,0),('5010',2012,6,1,2,0,0,5,0,1,1,3,0.00000,0.01000,0.00000,0.05050,0.00000,0.0500,'0',0,0.00,0.00,0.00,1.0000,2,1,1.0000,2,1,1.0000,2,1,0,0,0),('5013',2011,7,0,3,0,0,0,0,0,0,8,0.00000,0.00000,0.00000,0.00000,0.00000,0.0500,'0',0,0.00,0.00,0.00,1.0000,2,1,1.0000,2,1,1.0000,2,1,0,0,0),('5013',2012,7,0,3,0,0,0,0,0,0,8,0.00000,0.00000,0.00000,0.00000,0.00000,0.0500,'0',0,0.00,0.00,0.00,1.0000,2,1,1.0000,2,1,1.0000,2,1,0,0,0),('5020',2011,7,1,0,0,3,5,1,1,1,3,0.00000,0.01000,0.00000,0.01000,0.00000,0.0500,'9120',0,106800.00,0.00,0.00,1.0000,2,1,1.0000,2,1,1.0000,2,1,0,0,0),('5020',2012,7,1,0,0,3,5,1,1,1,3,0.00000,0.01000,0.00000,0.01000,0.00000,0.0500,'9120',0,106800.00,0.00,0.00,1.0000,2,1,1.0000,2,1,1.0000,2,1,0,0,0),('5023',2011,8,0,0,0,0,0,0,0,0,8,0.00000,0.00000,0.00000,0.00000,0.00000,0.0500,'0',0,0.00,0.00,0.00,1.0000,2,1,1.0000,2,1,1.0000,2,1,0,0,0),('5023',2012,8,0,0,0,0,0,0,0,0,8,0.00000,0.00000,0.00000,0.00000,0.00000,0.0500,'0',0,0.00,0.00,0.00,1.0000,2,1,1.0000,2,1,1.0000,2,1,0,0,0),('5025',2011,7,1,0,0,3,5,1,1,1,3,0.00000,0.01000,0.00000,0.00500,0.00000,0.0500,'9120',0,267000.00,106800.00,0.00,1.0000,2,1,1.0000,2,1,1.0000,2,1,0,0,0),('5025',2012,7,1,0,0,3,5,1,1,1,3,0.00000,0.01000,0.00000,0.00500,0.00000,0.0500,'9120',0,267000.00,106800.00,0.00,1.0000,2,1,1.0000,2,1,1.0000,2,1,0,0,0),('5030',2011,8,1,0,0,0,5,0,1,1,3,0.00000,0.01000,0.00000,0.01460,0.00000,0.0500,'0',0,106800.00,0.00,0.00,1.0000,2,1,1.0000,2,1,1.0000,2,1,0,0,0),('5030',2012,8,1,0,0,0,5,0,1,1,3,0.00000,0.01000,0.00000,0.01460,0.00000,0.0500,'0',0,106800.00,0.00,0.00,1.0000,2,1,1.0000,2,1,1.0000,2,1,0,0,0),('5031',2011,8,1,0,0,0,5,0,1,1,3,0.00000,0.01000,0.00000,0.01620,0.00000,0.0500,'0',0,106800.00,0.00,0.00,1.0000,2,1,1.0000,2,1,1.0000,2,1,0,0,0),('5031',2012,8,1,0,0,0,5,0,1,1,3,0.00000,0.01000,0.00000,0.01620,0.00000,0.0500,'0',0,106800.00,0.00,0.00,1.0000,2,1,1.0000,2,1,1.0000,2,1,0,0,0),('5032',2011,8,1,0,0,0,5,0,1,1,3,0.00000,0.01000,0.00000,0.01190,0.00000,0.0500,'0',0,106800.00,0.00,0.00,1.0000,2,1,1.0000,2,1,1.0000,2,1,0,0,0),('5032',2012,8,1,0,0,0,5,0,1,1,3,0.00000,0.01000,0.00000,0.01190,0.00000,0.0500,'0',0,106800.00,0.00,0.00,1.0000,2,1,1.0000,2,1,1.0000,2,1,0,0,0),('5035',2011,7,0,3,0,3,5,1,1,1,4,0.00000,0.01000,0.00000,0.60900,0.00000,0.0500,'9130',0,106800.00,0.00,0.00,1.0000,10,0,1.0000,10,0,1.0000,10,0,0,0,0),('5035',2012,7,0,3,0,3,5,1,1,1,4,0.00000,0.01000,0.00000,0.60900,0.00000,0.0500,'9130',0,106800.00,0.00,0.00,1.0000,10,0,1.0000,10,0,1.0000,10,0,0,0,0),('5036',2011,7,0,3,0,3,5,1,1,1,4,0.00000,0.01000,0.00000,0.94000,0.00000,0.0500,'9131',0,106800.00,0.00,0.00,1.0000,10,0,1.0000,10,0,1.0000,10,0,0,0,0),('5036',2012,7,0,3,0,3,5,1,1,1,4,0.00000,0.01000,0.00000,0.94000,0.00000,0.0500,'9131',0,106800.00,0.00,0.00,1.0000,10,0,1.0000,10,0,1.0000,10,0,0,0,0),('5037',2011,7,0,3,0,3,5,1,1,1,4,0.00000,0.01000,0.00000,0.53000,0.00000,0.0500,'9132',0,106800.00,0.00,0.00,1.0000,10,0,1.0000,10,0,1.0000,10,0,0,0,0),('5037',2012,7,0,3,0,3,5,1,1,1,4,0.00000,0.01000,0.00000,0.53000,0.00000,0.0500,'9132',0,106800.00,0.00,0.00,1.0000,10,0,1.0000,10,0,1.0000,10,0,0,0,0),('5039',2011,9,0,0,0,0,5,0,1,0,8,0.00000,0.00000,0.00000,0.00000,0.00000,0.0000,'0',0,0.00,0.00,0.00,1.0000,10,0,1.0000,10,0,1.0000,10,0,0,0,0),('5039',2012,9,0,0,0,0,5,0,1,0,8,0.00000,0.00000,0.00000,0.00000,0.00000,0.0000,'0',0,0.00,0.00,0.00,1.0000,10,0,1.0000,10,0,1.0000,10,0,0,0,0),('5040',2011,7,1,0,0,3,5,1,1,1,3,0.00000,0.01000,0.00000,0.00201,0.00000,0.0500,'9140',0,106800.00,0.00,0.00,1.0000,2,1,1.0000,2,1,1.0000,2,1,0,0,0),('5040',2012,7,1,0,0,3,5,1,1,1,3,0.00000,0.01000,0.00000,0.00201,0.00000,0.0500,'9140',0,106800.00,0.00,0.00,1.0000,2,1,1.0000,2,1,1.0000,2,1,0,0,0),('5041',2011,7,1,0,0,3,5,1,1,1,3,0.00000,0.01000,0.00000,0.00634,0.00000,0.0500,'9141',0,300000.00,106800.00,0.00,1.0000,2,1,1.0000,2,1,1.0000,2,1,0,0,0),('5041',2012,7,1,0,0,3,5,1,1,1,3,0.00000,0.01000,0.00000,0.00634,0.00000,0.0500,'9141',0,300000.00,106800.00,0.00,1.0000,2,1,1.0000,2,1,1.0000,2,1,0,0,0),('5050',2011,7,1,0,0,3,5,1,1,1,3,0.00000,0.01000,0.00000,0.00543,0.00000,0.0500,'9150',0,200000.00,0.00,0.00,1.0000,2,1,1.0000,2,1,1.0000,2,1,0,0,0),('5050',2012,7,1,0,0,3,5,1,1,1,3,0.00000,0.01000,0.00000,0.00543,0.00000,0.0500,'9150',0,200000.00,0.00,0.00,1.0000,2,1,1.0000,2,1,1.0000,2,1,0,0,0),('5051',2011,7,1,0,0,3,5,1,1,1,3,0.00000,0.01000,0.00000,0.00678,0.00000,0.0500,'9151',0,500000.00,0.00,0.00,1.0000,2,1,1.0000,2,1,1.0000,2,1,0,0,0),('5051',2012,7,1,0,0,3,5,1,1,1,3,0.00000,0.01000,0.00000,0.00678,0.00000,0.0500,'9151',0,500000.00,0.00,0.00,1.0000,2,1,1.0000,2,1,1.0000,2,1,0,0,0),('5060',2011,6,1,0,4,0,0,0,0,0,3,0.00000,0.01000,0.00000,1.00000,0.00000,0.0500,'0',0,0.00,0.00,0.00,1.0000,2,1,1.0000,2,1,1.0000,2,1,0,0,0),('5060',2012,6,1,0,4,0,0,0,0,0,3,0.00000,0.01000,0.00000,1.00000,0.00000,0.0500,'0',0,0.00,0.00,0.00,1.0000,2,1,1.0000,2,1,1.0000,2,1,0,0,0),('5065',2011,1,1,1,1,3,5,0,1,1,8,0.00000,0.00000,0.00000,1.00000,0.00000,0.0500,'0',0,0.00,0.00,0.00,1.0000,2,1,1.0000,2,1,1.0000,2,1,0,0,0),('5065',2012,1,1,1,1,3,5,0,1,1,8,0.00000,0.00000,0.00000,1.00000,0.00000,0.0500,'0',0,0.00,0.00,0.00,1.0000,2,1,1.0000,2,1,1.0000,2,1,0,0,0),('5070',2011,1,1,1,0,0,0,0,0,0,1,0.00000,0.00000,0.00000,0.00000,0.00000,0.0000,'0',0,0.00,0.00,0.00,1.0000,10,1,1.0000,10,1,1.0000,10,1,1,0,0),('5070',2012,1,1,1,0,0,0,0,0,0,1,0.00000,0.00000,0.00000,0.00000,0.00000,0.0000,'0',0,0.00,0.00,0.00,1.0000,10,1,1.0000,10,1,1.0000,10,1,1,0,0),('5100',2011,2,1,1,1,0,5,0,1,1,8,0.00000,0.00000,0.00000,-1.00000,0.00000,0.0500,'0',0,0.00,0.00,0.00,1.0000,2,1,1.0000,2,1,1.0000,2,1,0,0,0),('5100',2012,2,1,1,0,0,5,0,1,1,8,0.00000,0.00000,0.00000,1.00000,0.00000,0.0500,'0',0,0.00,0.00,0.00,1.0000,2,1,1.0000,2,1,1.0000,2,1,1,0,0),('5110',2011,2,1,0,1,0,5,0,1,1,8,0.00000,0.00000,0.00000,-1.00000,0.00000,0.0500,'0',0,0.00,0.00,0.00,1.0000,2,1,1.0000,2,1,1.0000,2,1,0,0,0),('5110',2012,2,1,0,0,0,5,0,1,1,8,0.00000,0.00000,0.00000,1.00000,0.00000,0.0500,'0',0,0.00,0.00,0.00,1.0000,2,1,1.0000,2,1,1.0000,2,1,1,0,0),('5111',2011,2,1,1,1,0,5,0,1,1,8,0.00000,0.00000,0.00000,-1.00000,0.00000,0.0500,'0',0,0.00,0.00,0.00,1.0000,2,1,1.0000,2,1,1.0000,2,1,0,0,0),('5111',2012,2,1,1,0,0,5,0,1,1,8,0.00000,0.00000,0.00000,1.00000,0.00000,0.0500,'0',0,0.00,0.00,0.00,1.0000,2,1,1.0000,2,1,1.0000,2,1,1,0,0),('5112',2011,2,1,1,1,0,5,0,1,1,8,0.00000,0.00000,0.00000,-1.00000,0.00000,0.0500,'0',0,0.00,0.00,0.00,1.0000,2,1,1.0000,2,1,1.0000,2,1,0,0,0),('5112',2012,2,1,1,0,0,5,0,1,1,8,0.00000,0.00000,0.00000,1.00000,0.00000,0.0500,'0',0,0.00,0.00,0.00,1.0000,2,1,1.0000,2,1,1.0000,2,1,1,0,0),('5930',2011,1,0,0,5,0,0,0,0,0,1,0.00000,0.00000,0.00000,0.00000,0.00000,0.0000,'0',0,0.00,0.00,0.00,1.0000,10,0,1.0000,10,0,1.0000,10,0,0,0,0),('5930',2012,1,0,0,5,0,0,0,0,0,1,0.00000,0.00000,0.00000,0.00000,0.00000,0.0000,'0',0,0.00,0.00,0.00,1.0000,10,0,1.0000,10,0,1.0000,10,0,0,0,0),('6000',2011,1,0,1,1,3,5,0,1,1,8,0.00000,0.00000,0.00000,1.00000,0.00000,0.0500,'0',0,0.00,0.00,0.00,1.0000,2,1,1.0000,2,1,1.0000,2,1,0,0,0),('6000',2012,1,0,1,1,3,5,0,1,1,8,0.00000,0.00000,0.00000,1.00000,0.00000,0.0500,'0',0,0.00,0.00,0.00,1.0000,2,1,1.0000,2,1,1.0000,2,1,0,0,0),('6001',2011,1,0,1,1,3,5,0,1,1,8,0.00000,0.00000,0.00000,1.00000,0.00000,0.0500,'0',0,0.00,0.00,0.00,1.0000,2,1,1.0000,2,1,1.0000,2,1,0,0,0),('6001',2012,1,0,1,1,3,5,0,1,1,8,0.00000,0.00000,0.00000,1.00000,0.00000,0.0500,'0',0,0.00,0.00,0.00,1.0000,2,1,1.0000,2,1,1.0000,2,1,0,0,0),('6002',2011,1,0,1,1,3,5,0,1,1,8,0.00000,0.00000,0.00000,1.00000,0.00000,0.0500,'0',0,0.00,0.00,0.00,1.0000,2,1,1.0000,2,1,1.0000,2,1,0,0,0),('6002',2012,1,0,1,1,3,5,0,1,1,8,0.00000,0.00000,0.00000,1.00000,0.00000,0.0500,'0',0,0.00,0.00,0.00,1.0000,2,1,1.0000,2,1,1.0000,2,1,0,0,0),('6010',2011,1,0,1,1,3,5,0,1,1,8,0.00000,0.00000,0.00000,1.00000,0.00000,0.0500,'0',0,0.00,0.00,0.00,1.0000,2,1,1.0000,2,1,1.0000,2,1,0,0,0),('6010',2012,1,0,1,1,3,5,0,1,1,8,0.00000,0.00000,0.00000,1.00000,0.00000,0.0500,'0',0,0.00,0.00,0.00,1.0000,2,1,1.0000,2,1,1.0000,2,1,0,0,0),('6020',2011,1,0,1,1,3,5,0,1,1,8,0.00000,0.00000,0.00000,1.00000,0.00000,0.0500,'0',0,0.00,0.00,0.00,1.0000,2,1,1.0000,2,1,1.0000,2,1,0,0,0),('6020',2012,1,0,1,1,3,5,0,1,1,8,0.00000,0.00000,0.00000,1.00000,0.00000,0.0500,'0',0,0.00,0.00,0.00,1.0000,2,1,1.0000,2,1,1.0000,2,1,0,0,0),('6030',2011,1,0,1,1,3,5,0,1,1,8,0.00000,0.00000,0.00000,1.00000,0.00000,0.0500,'0',0,0.00,0.00,0.00,1.0000,2,1,1.0000,2,1,1.0000,2,1,0,0,0),('6030',2012,1,0,1,1,3,5,0,1,1,8,0.00000,0.00000,0.00000,1.00000,0.00000,0.0500,'0',0,0.00,0.00,0.00,1.0000,2,1,1.0000,2,1,1.0000,2,1,0,0,0),('6040',2011,1,0,1,1,3,5,0,1,1,8,0.00000,0.00000,0.00000,1.00000,0.00000,0.0500,'0',0,0.00,0.00,0.00,1.0000,2,1,1.0000,2,1,1.0000,2,1,0,0,0),('6040',2012,1,0,1,1,3,5,0,1,1,8,0.00000,0.00000,0.00000,1.00000,0.00000,0.0500,'0',0,0.00,0.00,0.00,1.0000,2,1,1.0000,2,1,1.0000,2,1,0,0,0),('6050',2011,1,0,1,1,3,5,0,1,1,8,0.00000,0.00000,0.00000,1.00000,0.00000,0.0500,'0',0,0.00,0.00,0.00,1.0000,2,1,1.0000,2,1,1.0000,2,1,0,0,0),('6050',2012,1,0,1,1,3,5,0,1,1,8,0.00000,0.00000,0.00000,1.00000,0.00000,0.0500,'0',0,0.00,0.00,0.00,1.0000,2,1,1.0000,2,1,1.0000,2,1,0,0,0),('6060',2011,1,0,1,4,0,0,0,0,0,1,0.00000,0.00000,0.00000,0.00000,0.00000,0.0000,'0',0,0.00,0.00,0.00,1.0000,10,1,1.0000,10,1,1.0000,10,1,0,0,0),('6060',2012,1,0,1,4,0,0,0,0,0,1,0.00000,0.00000,0.00000,0.00000,0.00000,0.0000,'0',0,0.00,0.00,0.00,1.0000,10,1,1.0000,10,1,1.0000,10,1,0,0,0),('6070',2011,1,0,1,1,3,5,0,1,1,8,0.00000,0.00000,0.00000,1.00000,0.00000,0.0500,'0',0,0.00,0.00,0.00,1.0000,2,1,1.0000,2,1,1.0000,2,1,0,0,0),('6070',2012,1,0,1,1,3,5,0,1,1,8,0.00000,0.00000,0.00000,1.00000,0.00000,0.0500,'0',0,0.00,0.00,0.00,1.0000,2,1,1.0000,2,1,1.0000,2,1,0,0,0),('6500',2011,10,0,0,3,0,0,0,0,1,8,0.00000,0.00000,0.00000,0.00000,0.00000,0.0500,'0',0,0.00,0.00,0.00,1.0000,2,1,1.0000,2,1,1.0000,2,1,1,0,0),('6500',2012,10,0,0,3,0,0,0,0,1,8,0.00000,0.00000,0.00000,0.00000,0.00000,0.0500,'0',0,0.00,0.00,0.00,1.0000,2,1,1.0000,2,1,1.0000,2,1,1,0,0),('6510',2011,1,1,1,4,0,0,0,0,0,1,0.00000,0.00000,0.00000,0.00000,0.00000,0.0000,'0',0,0.00,0.00,0.00,1.0000,10,1,1.0000,10,1,1.0000,10,1,0,0,0),('6510',2012,1,1,1,4,0,0,0,0,0,1,0.00000,0.00000,0.00000,0.00000,0.00000,0.0000,'0',0,0.00,0.00,0.00,1.0000,10,1,1.0000,10,1,1.0000,10,1,0,0,0),('8000',2011,11,0,1,0,0,0,0,0,0,1,0.00000,0.00000,0.00000,0.00000,0.00000,0.0000,'0',0,0.00,0.00,0.00,1.0000,10,0,1.0000,10,0,1.0000,10,1,1,0,0),('8000',2012,11,0,1,0,0,0,0,0,0,1,0.00000,0.00000,0.00000,0.00000,0.00000,0.0000,'0',0,0.00,0.00,0.00,1.0000,10,0,1.0000,10,0,1.0000,10,1,1,0,0),('9010',2011,5,0,1,0,0,0,0,0,1,8,0.00000,0.00000,0.00000,0.00000,0.00000,0.0500,'0',0,0.00,0.00,0.00,1.0000,2,1,1.0000,2,1,1.0000,2,1,1,0,0),('9010',2012,5,0,1,0,0,0,0,0,1,8,0.00000,0.00000,0.00000,0.00000,0.00000,0.0500,'0',0,0.00,0.00,0.00,1.0000,2,1,1.0000,2,1,1.0000,2,1,1,0,0),('9015',2011,7,0,1,0,0,0,0,0,0,9,0.00000,0.00000,0.00000,0.00000,0.00000,0.0500,'0',0,0.00,0.00,0.00,1.0000,2,1,1.0000,2,1,1.0000,2,1,1,0,0),('9015',2012,7,0,1,0,0,0,0,0,0,9,0.00000,0.00000,0.00000,0.00000,0.00000,0.0500,'0',0,0.00,0.00,0.00,1.0000,2,1,1.0000,2,1,1.0000,2,1,1,0,0),('9019',2011,8,0,1,0,0,0,0,0,0,8,0.00000,0.00000,0.00000,0.00000,0.00000,0.0500,'0',0,0.00,0.00,0.00,1.0000,2,1,1.0000,2,1,1.0000,2,1,1,0,0),('9019',2012,8,0,1,0,0,0,0,0,0,8,0.00000,0.00000,0.00000,0.00000,0.00000,0.0500,'0',0,0.00,0.00,0.00,1.0000,2,1,1.0000,2,1,1.0000,2,1,1,0,0),('9020',2011,5,0,1,0,0,0,0,0,1,8,0.00000,0.00000,0.00000,0.00000,0.00000,0.0500,'0',0,0.00,0.00,0.00,1.0000,2,1,1.0000,2,1,1.0000,2,1,1,0,0),('9020',2012,5,0,1,0,0,0,0,0,1,8,0.00000,0.00000,0.00000,0.00000,0.00000,0.0500,'0',0,0.00,0.00,0.00,1.0000,2,1,1.0000,2,1,1.0000,2,1,1,0,0),('9025',2011,8,0,1,0,0,0,0,0,0,9,0.00000,0.00000,0.00000,0.00000,0.00000,0.0500,'0',0,0.00,0.00,0.00,1.0000,2,1,1.0000,2,1,1.0000,2,1,1,0,0),('9025',2012,8,0,1,0,0,0,0,0,0,9,0.00000,0.00000,0.00000,0.00000,0.00000,0.0500,'0',0,0.00,0.00,0.00,1.0000,2,1,1.0000,2,1,1.0000,2,1,1,0,0),('9027',2011,8,0,1,0,0,0,0,0,0,9,0.00000,0.00000,0.00000,0.00000,0.00000,0.0500,'0',0,0.00,0.00,0.00,1.0000,2,1,1.0000,2,1,1.0000,2,1,1,0,0),('9027',2012,8,0,1,0,0,0,0,0,0,9,0.00000,0.00000,0.00000,0.00000,0.00000,0.0500,'0',0,0.00,0.00,0.00,1.0000,2,1,1.0000,2,1,1.0000,2,1,1,0,0),('9029',2011,9,0,2,0,0,0,0,0,0,8,0.00000,0.00000,0.00000,0.00000,0.00000,0.0500,'0',0,0.00,0.00,0.00,1.0000,2,1,1.0000,2,1,1.0000,2,1,1,0,0),('9029',2012,9,0,2,0,0,0,0,0,0,8,0.00000,0.00000,0.00000,0.00000,0.00000,0.0500,'0',0,0.00,0.00,0.00,1.0000,2,1,1.0000,2,1,1.0000,2,1,1,0,0),('9030',2011,5,0,1,0,0,0,0,0,1,8,0.00000,0.00000,0.00000,0.00000,0.00000,0.0500,'0',0,0.00,0.00,0.00,1.0000,2,1,1.0000,2,1,1.0000,2,1,1,0,0),('9030',2012,5,0,1,0,0,0,0,0,1,8,0.00000,0.00000,0.00000,0.00000,0.00000,0.0500,'0',0,0.00,0.00,0.00,1.0000,2,1,1.0000,2,1,1.0000,2,1,1,0,0),('9035',2011,8,0,1,0,0,0,0,0,0,8,0.00000,0.00000,0.00000,0.00000,0.00000,0.0500,'0',0,0.00,0.00,0.00,1.0000,2,1,1.0000,2,1,1.0000,2,1,1,0,0),('9035',2012,8,0,1,0,0,0,0,0,0,8,0.00000,0.00000,0.00000,0.00000,0.00000,0.0500,'0',0,0.00,0.00,0.00,1.0000,2,1,1.0000,2,1,1.0000,2,1,1,0,0),('9040',2011,5,0,1,0,0,0,0,0,1,8,0.00000,0.00000,0.00000,0.00000,0.00000,0.0500,'0',0,0.00,0.00,0.00,1.0000,2,1,1.0000,2,1,1.0000,2,1,1,0,0),('9040',2012,5,0,1,0,0,0,0,0,1,8,0.00000,0.00000,0.00000,0.00000,0.00000,0.0500,'0',0,0.00,0.00,0.00,1.0000,2,1,1.0000,2,1,1.0000,2,1,1,0,0),('9045',2011,8,0,1,0,0,0,0,0,0,8,0.00000,0.00000,0.00000,0.00000,0.00000,0.0500,'0',0,0.00,0.00,0.00,1.0000,2,1,1.0000,2,1,1.0000,2,1,1,0,0),('9045',2012,8,0,1,0,0,0,0,0,0,8,0.00000,0.00000,0.00000,0.00000,0.00000,0.0500,'0',0,0.00,0.00,0.00,1.0000,2,1,1.0000,2,1,1.0000,2,1,1,0,0),('9050',2011,5,0,1,0,0,0,0,0,1,8,0.00000,0.00000,0.00000,0.00000,0.00000,0.0500,'0',0,0.00,0.00,0.00,1.0000,2,1,1.0000,2,1,1.0000,2,1,1,0,0),('9050',2012,5,0,1,0,0,0,0,0,1,8,0.00000,0.00000,0.00000,0.00000,0.00000,0.0500,'0',0,0.00,0.00,0.00,1.0000,2,1,1.0000,2,1,1.0000,2,1,1,0,0),('9055',2011,8,0,1,0,0,0,0,0,0,8,0.00000,0.00000,0.00000,0.00000,0.00000,0.0500,'0',0,0.00,0.00,0.00,1.0000,2,1,1.0000,2,1,1.0000,2,1,1,0,0),('9055',2012,8,0,1,0,0,0,0,0,0,8,0.00000,0.00000,0.00000,0.00000,0.00000,0.0500,'0',0,0.00,0.00,0.00,1.0000,2,1,1.0000,2,1,1.0000,2,1,1,0,0),('9060',2011,5,0,1,0,0,0,0,0,1,8,0.00000,0.00000,0.00000,0.00000,0.00000,0.0500,'0',0,0.00,0.00,0.00,1.0000,2,1,1.0000,2,1,1.0000,2,1,1,0,0),('9060',2012,5,0,1,0,0,0,0,0,1,8,0.00000,0.00000,0.00000,0.00000,0.00000,0.0500,'0',0,0.00,0.00,0.00,1.0000,2,1,1.0000,2,1,1.0000,2,1,1,0,0),('9065',2011,7,0,1,0,0,5,0,1,1,8,0.00000,0.00000,0.00000,1.00000,0.00000,0.0500,'0',0,0.00,0.00,0.00,1.0000,2,1,1.0000,2,1,1.0000,2,1,1,0,0),('9065',2012,7,0,1,0,0,5,0,1,1,8,0.00000,0.00000,0.00000,1.00000,0.00000,0.0500,'0',0,0.00,0.00,0.00,1.0000,2,1,1.0000,2,1,1.0000,2,1,1,0,0),('9070',2011,5,0,2,0,0,0,0,0,1,8,0.00000,0.00000,0.00000,0.00000,0.00000,0.0500,'0',0,0.00,0.00,0.00,1.0000,2,1,1.0000,2,1,1.0000,2,1,1,0,0),('9070',2012,5,0,2,0,0,0,0,0,1,8,0.00000,0.00000,0.00000,0.00000,0.00000,0.0500,'0',0,0.00,0.00,0.00,1.0000,2,1,1.0000,2,1,1.0000,2,1,1,0,0),('9090',2011,3,0,1,0,0,0,0,0,1,8,0.00000,0.00000,0.00000,0.00000,0.00000,0.0500,'0',0,0.00,0.00,0.00,1.0000,2,1,1.0000,2,1,1.0000,2,1,1,0,0),('9090',2012,3,0,1,0,0,0,0,0,1,8,0.00000,0.00000,0.00000,0.00000,0.00000,0.0500,'0',0,0.00,0.00,0.00,1.0000,2,1,1.0000,2,1,1.0000,2,1,1,0,0),('9120',2011,6,0,0,0,0,0,0,0,0,1,0.00000,0.00000,0.00000,0.00000,0.00000,0.0000,'0',0,0.00,0.00,0.00,1.0000,10,0,1.0000,10,0,1.0000,10,0,0,0,0),('9120',2012,6,0,0,0,0,0,0,0,0,1,0.00000,0.00000,0.00000,0.00000,0.00000,0.0000,'0',0,0.00,0.00,0.00,1.0000,10,0,1.0000,10,0,1.0000,10,0,0,0,0),('9130',2011,6,0,0,0,0,0,0,0,0,8,0.00000,0.00000,0.00000,0.00000,0.00000,0.0500,'0',0,0.00,0.00,0.00,1.0000,2,1,1.0000,2,1,1.0000,2,1,0,0,0),('9130',2012,6,0,0,0,0,0,0,0,0,8,0.00000,0.00000,0.00000,0.00000,0.00000,0.0500,'0',0,0.00,0.00,0.00,1.0000,2,1,1.0000,2,1,1.0000,2,1,0,0,0),('9131',2011,6,0,0,0,0,0,0,0,0,8,0.00000,0.00000,0.00000,0.00000,0.00000,0.0500,'0',0,0.00,0.00,0.00,1.0000,2,1,1.0000,2,1,1.0000,2,1,0,0,0),('9131',2012,6,0,0,0,0,0,0,0,0,8,0.00000,0.00000,0.00000,0.00000,0.00000,0.0500,'0',0,0.00,0.00,0.00,1.0000,2,1,1.0000,2,1,1.0000,2,1,0,0,0),('9132',2011,6,0,0,0,0,0,0,0,0,8,0.00000,0.00000,0.00000,0.00000,0.00000,0.0500,'0',0,0.00,0.00,0.00,1.0000,2,1,1.0000,2,1,1.0000,2,1,0,0,0),('9132',2012,6,0,0,0,0,0,0,0,0,8,0.00000,0.00000,0.00000,0.00000,0.00000,0.0500,'0',0,0.00,0.00,0.00,1.0000,2,1,1.0000,2,1,1.0000,2,1,0,0,0),('9140',2011,6,0,0,0,0,0,0,0,0,8,0.00000,0.00000,0.00000,0.00000,0.00000,0.0500,'0',0,0.00,0.00,0.00,1.0000,2,1,1.0000,2,1,1.0000,2,1,0,0,0),('9140',2012,6,0,0,0,0,0,0,0,0,8,0.00000,0.00000,0.00000,0.00000,0.00000,0.0500,'0',0,0.00,0.00,0.00,1.0000,2,1,1.0000,2,1,1.0000,2,1,0,0,0),('9141',2011,6,0,0,0,0,0,0,0,0,8,0.00000,0.00000,0.00000,0.00000,0.00000,0.0500,'0',0,0.00,0.00,0.00,1.0000,2,1,1.0000,2,1,1.0000,2,1,0,0,0),('9141',2012,6,0,0,0,0,0,0,0,0,8,0.00000,0.00000,0.00000,0.00000,0.00000,0.0500,'0',0,0.00,0.00,0.00,1.0000,2,1,1.0000,2,1,1.0000,2,1,0,0,0),('9150',2011,6,0,0,0,0,0,0,0,0,8,0.00000,0.00000,0.00000,0.00000,0.00000,0.0500,'0',0,0.00,0.00,0.00,1.0000,2,1,1.0000,2,1,1.0000,2,1,0,0,0),('9150',2012,6,0,0,0,0,0,0,0,0,8,0.00000,0.00000,0.00000,0.00000,0.00000,0.0500,'0',0,0.00,0.00,0.00,1.0000,2,1,1.0000,2,1,1.0000,2,1,0,0,0),('9151',2011,6,0,0,0,0,0,0,0,0,8,0.00000,0.00000,0.00000,0.00000,0.00000,0.0500,'0',0,0.00,0.00,0.00,1.0000,2,1,1.0000,2,1,1.0000,2,1,0,0,0),('9151',2012,6,0,0,0,0,0,0,0,0,8,0.00000,0.00000,0.00000,0.00000,0.00000,0.0500,'0',0,0.00,0.00,0.00,1.0000,2,1,1.0000,2,1,1.0000,2,1,0,0,0),('9999',2011,1,0,0,0,0,0,0,0,0,1,0.00000,0.00000,0.00000,0.00000,0.00000,0.0000,'0',0,0.00,0.00,0.00,1.0000,10,1,1.0000,10,1,1.0000,10,1,0,0,0),('9999',2012,1,0,0,0,0,0,0,0,0,1,0.00000,0.00000,0.00000,0.00000,0.00000,0.0000,'0',0,0.00,0.00,0.00,1.0000,10,1,1.0000,10,1,1.0000,10,1,0,0,0);
/*!40000 ALTER TABLE `payroll_account` ENABLE KEYS */;
UNLOCK TABLES;

--
-- Table structure for table `payroll_account_label`
--

DROP TABLE IF EXISTS `payroll_account_label`;
/*!40101 SET @saved_cs_client     = @@character_set_client */;
/*!40101 SET character_set_client = utf8 */;
CREATE TABLE `payroll_account_label` (
  `payroll_account_ID` varchar(5) CHARACTER SET latin1 NOT NULL,
  `payroll_year_ID` smallint(6) NOT NULL,
  `language` varchar(2) CHARACTER SET latin1 NOT NULL,
  `label` varchar(50) CHARACTER SET latin1 NOT NULL,
  `quantity_unit` varchar(10) NOT NULL,
  `rate_unit` varchar(10) NOT NULL,
  KEY `fk_payroll_account_label_payroll_account1_idx` (`payroll_account_ID`,`payroll_year_ID`),
  CONSTRAINT `fk_payroll_account_label_payroll_account1` FOREIGN KEY (`payroll_account_ID`, `payroll_year_ID`) REFERENCES `payroll_account` (`id`, `payroll_year_ID`) ON DELETE CASCADE ON UPDATE NO ACTION
) ENGINE=InnoDB DEFAULT CHARSET=utf8;
/*!40101 SET character_set_client = @saved_cs_client */;

--
-- Dumping data for table `payroll_account_label`
--

LOCK TABLES `payroll_account_label` WRITE;
/*!40000 ALTER TABLE `payroll_account_label` DISABLE KEYS */;
INSERT INTO `payroll_account_label` VALUES ('1005',2011,'de','Stundenlohn','','Std.'),('1007',2011,'de','Wochenlohn','','Woche'),('1015',2011,'de','Aushilfslohn','',''),('1016',2011,'de','Heimarbeitlohn','',''),('1017',2011,'de','Reinigungslohn','',''),('1018',2011,'de','Akkordlohn','',''),('1021',2011,'de','Behörde- und Kommissionsmitglieder','',''),('1030',2011,'de','Dienstalterszulage','',''),('1031',2011,'de','Funktionszulage','',''),('1032',2011,'de','Stellvertretungszulage','',''),('1055',2011,'de','Wegentschädigung','',''),('1065',2011,'de','Ueberzeit','','Std.'),('1072',2011,'de','Einsatzzulage','',''),('1101',2011,'de','Erschwerniszulage','',''),('1112',2011,'de','Durchhalteprämie','',''),('1200',2011,'de','13. Monatslohn','',''),('1201',2011,'de','Gratifikation','',''),('1202',2011,'de','Weihnachtszulage','',''),('1210',2011,'de','Bonuszahlung','',''),('1211',2011,'de','Gewinnbeteiligung','',''),('1212',2011,'de','Sonderzulage','',''),('1213',2011,'de','Erfolgsprämie','',''),('1214',2011,'de','Leistungsprämie','',''),('1215',2011,'de','Anerkennungsprämie','',''),('1216',2011,'de','Verbesserungsvorschläge','',''),('1217',2011,'de','Umsatzprämie','',''),('1218',2011,'de','Provision','',''),('1230',2011,'de','Dienstaltersgeschenke','',''),('1231',2011,'de','Jubiläumsgeschenke','',''),('1232',2011,'de','Treueprämie','',''),('1250',2011,'de','Schadenverhütungsprämie','',''),('1310',2011,'de','Anzahl gearbeitete Stunden','','Std'),('1330',2011,'de','Anzahl Lektionen','','Lek'),('1410',2011,'de','Kapitalleistung mit Vorsorgecharakter','',''),('1500',2011,'de','Verwaltungsratshonorar','',''),('1501',2011,'de','Verwaltungsratsentschädigung','',''),('1902',2011,'de','Gratiswohnung','',''),('1910',2011,'de','Privatanteil Geschäftswagen','',''),('1950',2011,'de','Verbilligung Mietwohnung','',''),('1961',2011,'de','Arbeitnehmeraktien','',''),('1962',2011,'de','Mitarbeiteroptionen','',''),('1971',2011,'de','Vom AG übern. AN-Anteil KTG','',''),('1972',2011,'de','Vom AG übern. AN-Anteil BVG','',''),('1973',2011,'de','Vom AG übern. AN-Anteil Einkauf BVG','',''),('1976',2011,'de','Vom Arbeitgeber übern. Säule 3b','',''),('1977',2011,'de','Vom Arbeitgeber übern. Säule 3a','',''),('1980',2011,'de','Weiterbildung (Lohnausweis)','',''),('2000',2011,'de','EO-Taggeld','','Tage'),('2005',2011,'de','Militärdienstkasse (MDK)','',''),('2010',2011,'de','Militärergänzungskasse (MEK)','',''),('2015',2011,'de','Parifonds','',''),('2020',2011,'de','MV-Taggeld','',''),('2025',2011,'de','IV-Taggeld','',''),('2030',2011,'de','Unfall-Taggeld','',''),('2035',2011,'de','Kranken-Taggeld','',''),('2060',2011,'de','Lohnabzug KA/SW (ML)','',''),('2065',2011,'de','Lohnausfall KA/SW (SL)','',''),('2070',2011,'de','ALV-Entschädigung','',''),('2075',2011,'de','Karenztag KA/SW','',''),('3030',2011,'de','Familienzulage','',''),('3031',2011,'de','Haushaltszulage','',''),('3032',2011,'de','Geburtszulage','',''),('3034',2011,'de','Betreuungszulage','',''),('5065',2011,'de','BVG-Einkaufs-Beiträge','',''),('9065',2011,'de','BVG-Lohn','',''),('9045',2011,'de','UVGZ-Lohn','',''),('9055',2011,'de','KTG-Lohn','',''),('9010',2011,'de','AHV-Basis','',''),('9030',2011,'de','UVG-Basis','',''),('9040',2011,'de','UVGZ-Basis','',''),('9050',2011,'de','KTG-Basis','',''),('9060',2011,'de','BVG-Basis','',''),('9070',2011,'de','QST-Basis','',''),('9090',2011,'de','Ferien-Basis','',''),('9140',2011,'de','UVGZ1 effektiv','',''),('9141',2011,'de','UVGZ2 effektiv','',''),('9150',2011,'de','KTG1 effektiv','',''),('9151',2011,'de','KTG2 effektiv','',''),('6500',2011,'de','Nettolohn','',''),('5039',2011,'de','UVG-Nettolohn-Link','',''),('9120',2011,'de','ALV effektiv','',''),('9020',2011,'de','ALV-Basis','',''),('5050',2011,'de','KTG1-Abzug','',''),('5051',2011,'de','KTG2-Abzug','',''),('5040',2011,'de','UVGZ1-Abzug','',''),('5041',2011,'de','UVGZ2-Abzug','',''),('5010',2011,'de','AHV-Beitrag','',''),('5020',2011,'de','ALV-Beitrag','',''),('5025',2011,'de','ALVZ-Beitrag','',''),('8000',2011,'de','Auszahlung','',''),('9035',2011,'de','UVG-Lohn','',''),('5030',2011,'de','UVG1-Beitrag (NBUV)','',''),('5035',2011,'de','UVG1 AG-Beitrag (BUV)','',''),('5036',2011,'de','UVG2 AG-Beitrag (BUV)','',''),('5031',2011,'de','UVG2-Beitrag (NBUV)','',''),('5032',2011,'de','UVG3-Beitrag (NBUV)','',''),('5037',2011,'de','UVG3 AG-Beitrag (BUV)','',''),('5110',2011,'de','Ausgleich geldwerte Vorteile','',''),('6000',2011,'de','Reisespesen','',''),('6010',2011,'de','Übernachtungsspesen','',''),('6040',2011,'de','Pauschale Repräsentationsspesen','',''),('5100',2011,'de','Ausgleich Naturalleistungen','',''),('5111',2011,'de','Ausgleich BVG-Beiträge AG','',''),('5112',2011,'de','Ausgleich BVG-Einkauf AG','',''),('6001',2011,'de','Autospesen','',''),('6002',2011,'de','Verpflegungsspesen','',''),('6020',2011,'de','Effektive Spesen Expatriates','',''),('6030',2011,'de','Übrige effektive Spesen','',''),('6050',2011,'de','Pauschale Autospesen','',''),('6070',2011,'de','Übrige Pauschalspesen','',''),('9027',2011,'de','ALVZ-Lohn','',''),('9025',2011,'de','ALV-Lohn','',''),('9015',2011,'de','AHV-Lohn','',''),('9019',2011,'de','Nicht AHV-pflichtig','',''),('5013',2011,'de','AHV-Rückstellung AG','',''),('5023',2011,'de','ALV-Rückstellung AG','',''),('9029',2011,'de','Nicht ALV-pflichtig','',''),('1999',2011,'de','Test Saldo-LOA','',''),('5930',2011,'de','QST-Berechnung Tage','',''),('9130',2011,'de','UVG1 effektiv','',''),('9131',2011,'de','UVG2 effektiv','',''),('9132',2011,'de','UVG3 effektiv','',''),('9999',2011,'de','Durchschn. Std-Lohn','',''),('1010',2011,'de','Honorare','',''),('1000',2011,'de','Monatslohn','',''),('2050',2011,'de','Korrektur Taggelder','',''),('1050',2011,'de','Wohnungszulage','',''),('1061',2011,'de','Überstunden 125%','Std.','Std-Lohn'),('1071',2011,'de','Pikettentschädigung','',''),('1073',2011,'de','Sonntagszulage','',''),('1074',2011,'de','Inkonvenienzzulage','',''),('1075',2011,'de','Nachtdienstzulage','',''),('1076',2011,'de','Nachtzulage','',''),('1102',2011,'de','Schmutzzulage','',''),('1162',2011,'de','Ferienauszahlung','',''),('1219',2011,'de','Präsenzprämie','',''),('1503',2011,'de','Sitzungsgelder VR','',''),('1975',2011,'de','Vom AG übern. AN-Anteil UVGZ','',''),('3000',2011,'de','Kinderzulage','',''),('5000',2011,'de','Bruttolohn','',''),('5070',2011,'de','QST-Abzug','',''),('6060',2011,'de','Pauschalspesen Expatriates','',''),('6510',2011,'de','Vorauszahlung','',''),('1001',2011,'de','Gehalt','',''),('5060',2011,'de','BVG-Beitrag','',''),('1160',2011,'de','Ferienvergütung','','%'),('1161',2011,'de','Feiertagsentschädigung','','%'),('1007',2012,'de','Wochenlohn','','Woche'),('1015',2012,'de','Aushilfslohn','',''),('1016',2012,'de','Heimarbeitlohn','',''),('1017',2012,'de','Reinigungslohn','',''),('1018',2012,'de','Akkordlohn','',''),('1021',2012,'de','Behörde- und Kommissionsmitglieder','',''),('1030',2012,'de','Dienstalterszulage','',''),('1031',2012,'de','Funktionszulage','',''),('1055',2012,'de','Wegentschädigung','',''),('1065',2012,'de','Ueberzeit','','Std.'),('1072',2012,'de','Einsatzzulage','',''),('1101',2012,'de','Erschwerniszulage','',''),('1112',2012,'de','Durchhalteprämie','',''),('1200',2012,'de','13. Monatslohn','',''),('1201',2012,'de','Gratifikation','',''),('1202',2012,'de','Weihnachtszulage','',''),('1210',2012,'de','Bonuszahlung','',''),('1211',2012,'de','Gewinnbeteiligung','',''),('1212',2012,'de','Sonderzulage','',''),('1213',2012,'de','Erfolgsprämie','',''),('1214',2012,'de','Leistungsprämie','',''),('1215',2012,'de','Anerkennungsprämie','',''),('1216',2012,'de','Verbesserungsvorschläge','',''),('1217',2012,'de','Umsatzprämie','',''),('1218',2012,'de','Provision','',''),('1230',2012,'de','Dienstaltersgeschenke','',''),('1231',2012,'de','Jubiläumsgeschenke','',''),('1232',2012,'de','Treueprämie','',''),('1250',2012,'de','Schadenverhütungsprämie','',''),('1410',2012,'de','Kapitalleistung mit Vorsorgecharakter','',''),('1500',2012,'de','Verwaltungsratshonorar','',''),('1501',2012,'de','Verwaltungsratsentschädigung','',''),('1910',2012,'de','Privatanteil Geschäftswagen','',''),('1950',2012,'de','Verbilligung Mietwohnung','',''),('1961',2012,'de','Arbeitnehmeraktien','',''),('1962',2012,'de','Mitarbeiteroptionen','',''),('1971',2012,'de','Vom AG übern. AN-Anteil KTG','',''),('1972',2012,'de','Vom AG übern. AN-Anteil BVG','',''),('1973',2012,'de','Vom AG übern. AN-Anteil Einkauf BVG','',''),('1976',2012,'de','Vom Arbeitgeber übern. Säule 3b','',''),('1977',2012,'de','Vom Arbeitgeber übern. Säule 3a','',''),('1980',2012,'de','Weiterbildung (Lohnausweis)','',''),('2000',2012,'de','EO-Taggeld','','Tage'),('2005',2012,'de','Militärdienstkasse (MDK)','',''),('2010',2012,'de','Militärergänzungskasse (MEK)','',''),('2015',2012,'de','Parifonds','',''),('2020',2012,'de','MV-Taggeld','',''),('2025',2012,'de','IV-Taggeld','',''),('2030',2012,'de','Unfall-Taggeld','',''),('2035',2012,'de','Kranken-Taggeld','',''),('2060',2012,'de','Lohnabzug KA/SW (ML)','',''),('2065',2012,'de','Lohnausfall KA/SW (SL)','',''),('2070',2012,'de','ALV-Entschädigung','',''),('2075',2012,'de','Karenztag KA/SW','',''),('3030',2012,'de','Familienzulage','',''),('3031',2012,'de','Haushaltszulage','',''),('3032',2012,'de','Geburtszulage','',''),('3034',2012,'de','Betreuungszulage','',''),('5065',2012,'de','BVG-Einkaufs-Beiträge','',''),('9065',2012,'de','BVG-Lohn','',''),('9045',2012,'de','UVGZ-Lohn','',''),('9055',2012,'de','KTG-Lohn','',''),('9010',2012,'de','AHV-Basis','',''),('9030',2012,'de','UVG-Basis','',''),('9040',2012,'de','UVGZ-Basis','',''),('9050',2012,'de','KTG-Basis','',''),('9060',2012,'de','BVG-Basis','',''),('9070',2012,'de','QST-Basis','',''),('9090',2012,'de','Ferien-Basis','',''),('9140',2012,'de','UVGZ1 effektiv','',''),('9141',2012,'de','UVGZ2 effektiv','',''),('9150',2012,'de','KTG1 effektiv','',''),('9151',2012,'de','KTG2 effektiv','',''),('6500',2012,'de','Nettolohn','',''),('5039',2012,'de','UVG-Nettolohn-Link','',''),('9120',2012,'de','ALV effektiv','',''),('9020',2012,'de','ALV-Basis','',''),('5050',2012,'de','KTG1-Abzug','',''),('5051',2012,'de','KTG2-Abzug','',''),('5040',2012,'de','UVGZ1-Abzug','',''),('5041',2012,'de','UVGZ2-Abzug','',''),('5010',2012,'de','AHV-Beitrag','',''),('5020',2012,'de','ALV-Beitrag','',''),('5025',2012,'de','ALVZ-Beitrag','',''),('8000',2012,'de','Auszahlung','',''),('9035',2012,'de','UVG-Lohn','',''),('5030',2012,'de','UVG1-Beitrag (NBUV)','',''),('5035',2012,'de','UVG1 AG-Beitrag (BUV)','',''),('5036',2012,'de','UVG2 AG-Beitrag (BUV)','',''),('5031',2012,'de','UVG2-Beitrag (NBUV)','',''),('5032',2012,'de','UVG3-Beitrag (NBUV)','',''),('5037',2012,'de','UVG3 AG-Beitrag (BUV)','',''),('6000',2012,'de','Reisespesen','',''),('6010',2012,'de','Übernachtungsspesen','',''),('6040',2012,'de','Pauschale Repräsentationsspesen','',''),('6001',2012,'de','Autospesen','',''),('6002',2012,'de','Verpflegungsspesen','',''),('6020',2012,'de','Effektive Spesen Expatriates','',''),('6030',2012,'de','Übrige effektive Spesen','',''),('6050',2012,'de','Pauschale Autospesen','',''),('6070',2012,'de','Übrige Pauschalspesen','',''),('9027',2012,'de','ALVZ-Lohn','',''),('9025',2012,'de','ALV-Lohn','',''),('9015',2012,'de','AHV-Lohn','',''),('9019',2012,'de','Nicht AHV-pflichtig','',''),('5013',2012,'de','AHV-Rückstellung AG','',''),('5023',2012,'de','ALV-Rückstellung AG','',''),('9029',2012,'de','Nicht ALV-pflichtig','',''),('1999',2012,'de','Test Saldo-LOA','',''),('5930',2012,'de','QST-Berechnung Tage','',''),('9130',2012,'de','UVG1 effektiv','',''),('9131',2012,'de','UVG2 effektiv','',''),('9132',2012,'de','UVG3 effektiv','',''),('9999',2012,'de','Durchschn. Std-Lohn','',''),('1010',2012,'de','Honorare','',''),('2050',2012,'de','Korrektur Taggelder','',''),('1050',2012,'de','Wohnungszulage','',''),('1061',2012,'de','Überstunden 125%','Std.','Std-Lohn'),('1071',2012,'de','Pikettentschädigung','',''),('1073',2012,'de','Sonntagszulage','',''),('1075',2012,'de','Nachtdienstzulage','',''),('1076',2012,'de','Nachtzulage','',''),('1102',2012,'de','Schmutzzulage','',''),('1162',2012,'de','Ferienauszahlung','',''),('1219',2012,'de','Präsenzprämie','',''),('1503',2012,'de','Sitzungsgelder VR','',''),('1975',2012,'de','Vom AG übern. AN-Anteil UVGZ','',''),('3000',2012,'de','Kinderzulage','',''),('5000',2012,'de','Bruttolohn','',''),('5070',2012,'de','QST-Abzug','',''),('6060',2012,'de','Pauschalspesen Expatriates','',''),('6510',2012,'de','Vorauszahlung','',''),('1001',2012,'de','Gehalt','',''),('5060',2012,'de','BVG-Beitrag','',''),('1160',2012,'de','Ferienvergütung','','%'),('1161',2012,'de','Feiertagsentschädigung','','%'),('1074',2012,'de','Inkonvenienzzulage','',''),('5110',2012,'de','Ausgleich geldwerte Vorteile','',''),('5100',2012,'de','Ausgleich Naturalleistungen','',''),('1902',2012,'de','Gratiswohnung','',''),('1032',2012,'de','Stellvertretungszulage','',''),('1000',2012,'de','Monatslohn','',''),('1330',2012,'de','Anzahl Lektionen','','Lek'),('5111',2012,'de','Ausgleich BVG-Beiträge AG','',''),('5112',2012,'de','Ausgleich BVG-Einkauf AG','',''),('1310',2012,'de','Anzahl gearbeitete Stunden','Std',''),('1005',2012,'de','Stundenlohn','','Std.');
/*!40000 ALTER TABLE `payroll_account_label` ENABLE KEYS */;
UNLOCK TABLES;

--
-- Table structure for table `payroll_account_linker`
--

DROP TABLE IF EXISTS `payroll_account_linker`;
/*!40101 SET @saved_cs_client     = @@character_set_client */;
/*!40101 SET character_set_client = utf8 */;
CREATE TABLE `payroll_account_linker` (
  `payroll_account_ID` varchar(5) NOT NULL,
  `payroll_year_ID` smallint(6) NOT NULL,
  `payroll_child_account_ID` varchar(5) NOT NULL,
  `field_assignment` tinyint(4) NOT NULL,
  `fwd_neg_values` tinyint(1) NOT NULL DEFAULT '1',
  `invert_value` tinyint(1) NOT NULL DEFAULT '0',
  `child_account_field` tinyint(4) NOT NULL DEFAULT '0',
  KEY `fk_table3_payroll_account1_idx` (`payroll_account_ID`,`payroll_year_ID`),
  KEY `child_account` (`payroll_child_account_ID`) USING HASH,
  CONSTRAINT `fk_table3_payroll_account1` FOREIGN KEY (`payroll_account_ID`, `payroll_year_ID`) REFERENCES `payroll_account` (`id`, `payroll_year_ID`) ON DELETE CASCADE ON UPDATE NO ACTION
) ENGINE=InnoDB DEFAULT CHARSET=latin1;
/*!40101 SET character_set_client = @saved_cs_client */;

--
-- Dumping data for table `payroll_account_linker`
--

LOCK TABLES `payroll_account_linker` WRITE;
/*!40000 ALTER TABLE `payroll_account_linker` DISABLE KEYS */;
INSERT INTO `payroll_account_linker` VALUES ('1005',2011,'9010',5,1,0,5),('1007',2011,'9010',5,1,0,5),('1015',2011,'9010',5,1,0,5),('1016',2011,'9010',5,1,0,5),('1017',2011,'9010',5,1,0,5),('1018',2011,'9010',5,1,0,5),('1021',2011,'9010',5,1,0,5),('1030',2011,'9010',5,1,0,5),('1031',2011,'9010',5,1,0,5),('1032',2011,'9010',5,1,0,5),('1055',2011,'9010',5,1,0,5),('1065',2011,'9010',5,1,0,5),('1072',2011,'9010',5,1,0,5),('1101',2011,'9010',5,1,0,5),('1112',2011,'9010',5,1,0,5),('1200',2011,'9010',5,1,0,5),('1201',2011,'9010',5,1,0,5),('1202',2011,'9010',5,1,0,5),('1210',2011,'9010',5,1,0,5),('1211',2011,'9010',5,1,0,5),('1212',2011,'9010',5,1,0,5),('1213',2011,'9010',5,1,0,5),('1214',2011,'9010',5,1,0,5),('1215',2011,'9010',5,1,0,5),('1216',2011,'9010',5,1,0,5),('1217',2011,'9010',5,1,0,5),('1218',2011,'9010',5,1,0,5),('1230',2011,'9010',5,1,0,5),('1231',2011,'9010',5,1,0,5),('1232',2011,'9010',5,1,0,5),('1250',2011,'9010',5,1,0,5),('1500',2011,'9010',5,1,0,5),('1501',2011,'9010',5,1,0,5),('1902',2011,'9010',5,1,0,5),('1910',2011,'9010',5,1,0,5),('1950',2011,'9010',5,1,0,5),('1961',2011,'9010',5,1,0,5),('1962',2011,'9010',5,1,0,5),('1972',2011,'9010',5,1,0,5),('1973',2011,'9010',5,1,0,5),('1976',2011,'9010',5,1,0,5),('1977',2011,'9010',5,1,0,5),('2000',2011,'9010',5,1,0,5),('2005',2011,'9010',5,1,0,5),('2010',2011,'9010',5,1,0,5),('2015',2011,'9010',5,1,0,5),('2020',2011,'9010',5,1,0,5),('2025',2011,'9010',5,1,0,5),('2065',2011,'9010',5,1,0,5),('1005',2011,'9030',5,1,0,5),('1007',2011,'9030',5,1,0,5),('1015',2011,'9030',5,1,0,5),('1016',2011,'9030',5,1,0,5),('1017',2011,'9030',5,1,0,5),('1018',2011,'9030',5,1,0,5),('1021',2011,'9030',5,1,0,5),('1030',2011,'9030',5,1,0,5),('1031',2011,'9030',5,1,0,5),('1032',2011,'9030',5,1,0,5),('1055',2011,'9030',5,1,0,5),('1065',2011,'9030',5,1,0,5),('1072',2011,'9030',5,1,0,5),('1101',2011,'9030',5,1,0,5),('1112',2011,'9030',5,1,0,5),('1200',2011,'9030',5,1,0,5),('1201',2011,'9030',5,1,0,5),('1202',2011,'9030',5,1,0,5),('1210',2011,'9030',5,1,0,5),('1211',2011,'9030',5,1,0,5),('1212',2011,'9030',5,1,0,5),('1213',2011,'9030',5,1,0,5),('1214',2011,'9030',5,1,0,5),('1215',2011,'9030',5,1,0,5),('1216',2011,'9030',5,1,0,5),('1217',2011,'9030',5,1,0,5),('1218',2011,'9030',5,1,0,5),('1230',2011,'9030',5,1,0,5),('1231',2011,'9030',5,1,0,5),('1232',2011,'9030',5,1,0,5),('1250',2011,'9030',5,1,0,5),('1500',2011,'9030',5,1,0,5),('1501',2011,'9030',5,1,0,5),('1902',2011,'9030',5,1,0,5),('1910',2011,'9030',5,1,0,5),('1950',2011,'9030',5,1,0,5),('1961',2011,'9030',5,1,0,5),('1962',2011,'9030',5,1,0,5),('1972',2011,'9030',5,1,0,5),('1973',2011,'9030',5,1,0,5),('1976',2011,'9030',5,1,0,5),('1977',2011,'9030',5,1,0,5),('2005',2011,'9030',5,1,0,5),('2010',2011,'9030',5,1,0,5),('2015',2011,'9030',5,1,0,5),('2065',2011,'9030',5,1,0,5),('1005',2011,'9040',5,1,0,5),('1007',2011,'9040',5,1,0,5),('1015',2011,'9040',5,1,0,5),('1016',2011,'9040',5,1,0,5),('1017',2011,'9040',5,1,0,5),('1018',2011,'9040',5,1,0,5),('1021',2011,'9040',5,1,0,5),('1030',2011,'9040',5,1,0,5),('1031',2011,'9040',5,1,0,5),('1032',2011,'9040',5,1,0,5),('1055',2011,'9040',5,1,0,5),('1065',2011,'9040',5,1,0,5),('1072',2011,'9040',5,1,0,5),('1101',2011,'9040',5,1,0,5),('1112',2011,'9040',5,1,0,5),('1200',2011,'9040',5,1,0,5),('1201',2011,'9040',5,1,0,5),('1202',2011,'9040',5,1,0,5),('1210',2011,'9040',5,1,0,5),('1211',2011,'9040',5,1,0,5),('1212',2011,'9040',5,1,0,5),('1213',2011,'9040',5,1,0,5),('1214',2011,'9040',5,1,0,5),('1215',2011,'9040',5,1,0,5),('1216',2011,'9040',5,1,0,5),('1217',2011,'9040',5,1,0,5),('1218',2011,'9040',5,1,0,5),('1230',2011,'9040',5,1,0,5),('1231',2011,'9040',5,1,0,5),('1232',2011,'9040',5,1,0,5),('1250',2011,'9040',5,1,0,5),('1500',2011,'9040',5,1,0,5),('1501',2011,'9040',5,1,0,5),('1902',2011,'9040',5,1,0,5),('1910',2011,'9040',5,1,0,5),('1950',2011,'9040',5,1,0,5),('1961',2011,'9040',5,1,0,5),('1962',2011,'9040',5,1,0,5),('1972',2011,'9040',5,1,0,5),('1973',2011,'9040',5,1,0,5),('1976',2011,'9040',5,1,0,5),('1977',2011,'9040',5,1,0,5),('2005',2011,'9040',5,1,0,5),('2010',2011,'9040',5,1,0,5),('2015',2011,'9040',5,1,0,5),('2065',2011,'9040',5,1,0,5),('1005',2011,'9050',5,1,0,5),('1007',2011,'9050',5,1,0,5),('1015',2011,'9050',5,1,0,5),('1016',2011,'9050',5,1,0,5),('1017',2011,'9050',5,1,0,5),('1018',2011,'9050',5,1,0,5),('1021',2011,'9050',5,1,0,5),('1030',2011,'9050',5,1,0,5),('1031',2011,'9050',5,1,0,5),('1032',2011,'9050',5,1,0,5),('1055',2011,'9050',5,1,0,5),('1065',2011,'9050',5,1,0,5),('1072',2011,'9050',5,1,0,5),('1101',2011,'9050',5,1,0,5),('1112',2011,'9050',5,1,0,5),('1200',2011,'9050',5,1,0,5),('1201',2011,'9050',5,1,0,5),('1202',2011,'9050',5,1,0,5),('1210',2011,'9050',5,1,0,5),('1211',2011,'9050',5,1,0,5),('1212',2011,'9050',5,1,0,5),('1213',2011,'9050',5,1,0,5),('1214',2011,'9050',5,1,0,5),('1215',2011,'9050',5,1,0,5),('1216',2011,'9050',5,1,0,5),('1217',2011,'9050',5,1,0,5),('1218',2011,'9050',5,1,0,5),('1230',2011,'9050',5,1,0,5),('1231',2011,'9050',5,1,0,5),('1232',2011,'9050',5,1,0,5),('1250',2011,'9050',5,1,0,5),('1500',2011,'9050',5,1,0,5),('1501',2011,'9050',5,1,0,5),('1902',2011,'9050',5,1,0,5),('1910',2011,'9050',5,1,0,5),('1950',2011,'9050',5,1,0,5),('1961',2011,'9050',5,1,0,5),('1962',2011,'9050',5,1,0,5),('1972',2011,'9050',5,1,0,5),('1973',2011,'9050',5,1,0,5),('1976',2011,'9050',5,1,0,5),('1977',2011,'9050',5,1,0,5),('2000',2011,'9050',5,1,0,5),('2005',2011,'9050',5,1,0,5),('2010',2011,'9050',5,1,0,5),('2015',2011,'9050',5,1,0,5),('2020',2011,'9050',5,1,0,5),('2025',2011,'9050',5,1,0,5),('2065',2011,'9050',5,1,0,5),('1005',2011,'9060',5,1,0,5),('1007',2011,'9060',5,1,0,5),('1015',2011,'9060',5,1,0,5),('1016',2011,'9060',5,1,0,5),('1017',2011,'9060',5,1,0,5),('1018',2011,'9060',5,1,0,5),('1021',2011,'9060',5,1,0,5),('1030',2011,'9060',5,1,0,5),('1031',2011,'9060',5,1,0,5),('1032',2011,'9060',5,1,0,5),('1055',2011,'9060',5,1,0,5),('1065',2011,'9060',5,1,0,5),('1072',2011,'9060',5,1,0,5),('1101',2011,'9060',5,1,0,5),('1112',2011,'9060',5,1,0,5),('1200',2011,'9060',5,1,0,5),('1201',2011,'9060',5,1,0,5),('1202',2011,'9060',5,1,0,5),('1210',2011,'9060',5,1,0,5),('1211',2011,'9060',5,1,0,5),('1212',2011,'9060',5,1,0,5),('1213',2011,'9060',5,1,0,5),('1214',2011,'9060',5,1,0,5),('1215',2011,'9060',5,1,0,5),('1216',2011,'9060',5,1,0,5),('1217',2011,'9060',5,1,0,5),('1218',2011,'9060',5,1,0,5),('1230',2011,'9060',5,1,0,5),('1231',2011,'9060',5,1,0,5),('1232',2011,'9060',5,1,0,5),('1250',2011,'9060',5,1,0,5),('1500',2011,'9060',5,1,0,5),('1501',2011,'9060',5,1,0,5),('1902',2011,'9060',5,1,0,5),('1910',2011,'9060',5,1,0,5),('1950',2011,'9060',5,1,0,5),('1961',2011,'9060',5,1,0,5),('1962',2011,'9060',5,1,0,5),('1972',2011,'9060',5,1,0,5),('1973',2011,'9060',5,1,0,5),('1976',2011,'9060',5,1,0,5),('1977',2011,'9060',5,1,0,5),('2000',2011,'9060',5,1,0,5),('2005',2011,'9060',5,1,0,5),('2010',2011,'9060',5,1,0,5),('2015',2011,'9060',5,1,0,5),('2020',2011,'9060',5,1,0,5),('2025',2011,'9060',5,1,0,5),('2065',2011,'9060',5,1,0,5),('1005',2011,'9070',5,1,0,5),('1007',2011,'9070',5,1,0,5),('1015',2011,'9070',5,1,0,5),('1016',2011,'9070',5,1,0,5),('1017',2011,'9070',5,1,0,5),('1018',2011,'9070',5,1,0,5),('1021',2011,'9070',5,1,0,5),('1030',2011,'9070',5,1,0,5),('1031',2011,'9070',5,1,0,5),('1032',2011,'9070',5,1,0,5),('1055',2011,'9070',5,1,0,5),('1065',2011,'9070',5,1,0,5),('1072',2011,'9070',5,1,0,5),('1101',2011,'9070',5,1,0,5),('1112',2011,'9070',5,1,0,5),('1200',2011,'9070',5,1,0,5),('1201',2011,'9070',5,1,0,5),('1202',2011,'9070',5,1,0,5),('1210',2011,'9070',5,1,0,5),('1211',2011,'9070',5,1,0,5),('1212',2011,'9070',5,1,0,5),('1213',2011,'9070',5,1,0,5),('1214',2011,'9070',5,1,0,5),('1215',2011,'9070',5,1,0,5),('1216',2011,'9070',5,1,0,5),('1217',2011,'9070',5,1,0,5),('1218',2011,'9070',5,1,0,5),('1230',2011,'9070',5,1,0,5),('1231',2011,'9070',5,1,0,5),('1232',2011,'9070',5,1,0,5),('1250',2011,'9070',5,1,0,5),('1410',2011,'9070',5,1,0,5),('1500',2011,'9070',5,1,0,5),('1501',2011,'9070',5,1,0,5),('1902',2011,'9070',5,1,0,5),('1910',2011,'9070',5,1,0,5),('1950',2011,'9070',5,1,0,5),('1961',2011,'9070',5,1,0,5),('1962',2011,'9070',5,1,0,5),('1971',2011,'9070',5,1,0,5),('1972',2011,'9070',5,1,0,5),('1973',2011,'9070',5,1,0,5),('1976',2011,'9070',5,1,0,5),('1977',2011,'9070',5,1,0,5),('2000',2011,'9070',5,1,0,5),('2005',2011,'9070',5,1,0,5),('2010',2011,'9070',5,1,0,5),('2015',2011,'9070',5,1,0,5),('2020',2011,'9070',5,1,0,5),('2025',2011,'9070',5,1,0,5),('2030',2011,'9070',5,1,0,5),('2035',2011,'9070',5,1,0,5),('2060',2011,'9070',5,1,0,5),('2070',2011,'9070',5,1,0,5),('2075',2011,'9070',5,1,0,5),('3030',2011,'9070',5,1,0,5),('3031',2011,'9070',5,1,0,5),('3032',2011,'9070',5,1,0,5),('3034',2011,'9070',5,1,0,5),('1005',2011,'9090',5,1,0,5),('1007',2011,'9090',5,1,0,5),('1015',2011,'9090',5,1,0,5),('1016',2011,'9090',5,1,0,5),('1017',2011,'9090',5,1,0,5),('1018',2011,'9090',5,1,0,5),('1021',2011,'9090',5,1,0,5),('1030',2011,'9090',5,1,0,5),('1031',2011,'9090',5,1,0,5),('1032',2011,'9090',5,1,0,5),('1055',2011,'9090',5,1,0,5),('1065',2011,'9090',5,1,0,5),('1072',2011,'9090',5,1,0,5),('1101',2011,'9090',5,1,0,5),('1200',2011,'9090',5,1,0,5),('1218',2011,'9090',5,1,0,5),('9040',2011,'9140',5,1,0,5),('9040',2011,'9141',5,1,0,5),('9050',2011,'9150',5,1,0,5),('9050',2011,'9151',5,1,0,5),('5065',2011,'6500',5,1,0,5),('5039',2011,'6500',5,1,0,5),('1005',2011,'9020',5,1,0,5),('1007',2011,'9020',5,1,0,5),('1015',2011,'9020',5,1,0,5),('1016',2011,'9020',5,1,0,5),('1017',2011,'9020',5,1,0,5),('1018',2011,'9020',5,1,0,5),('1021',2011,'9020',5,1,0,5),('1030',2011,'9020',5,1,0,5),('1031',2011,'9020',5,1,0,5),('1032',2011,'9020',5,1,0,5),('1055',2011,'9020',5,1,0,5),('1065',2011,'9020',5,1,0,5),('1072',2011,'9020',5,1,0,5),('1101',2011,'9020',5,1,0,5),('1112',2011,'9020',5,1,0,5),('1200',2011,'9020',5,1,0,5),('1201',2011,'9020',5,1,0,5),('1202',2011,'9020',5,1,0,5),('1210',2011,'9020',5,1,0,5),('1211',2011,'9020',5,1,0,5),('1212',2011,'9020',5,1,0,5),('1213',2011,'9020',5,1,0,5),('1214',2011,'9020',5,1,0,5),('1215',2011,'9020',5,1,0,5),('1216',2011,'9020',5,1,0,5),('1217',2011,'9020',5,1,0,5),('1218',2011,'9020',5,1,0,5),('1230',2011,'9020',5,1,0,5),('1231',2011,'9020',5,1,0,5),('1232',2011,'9020',5,1,0,5),('1250',2011,'9020',5,1,0,5),('1500',2011,'9020',5,1,0,5),('1501',2011,'9020',5,1,0,5),('1902',2011,'9020',5,1,0,5),('1910',2011,'9020',5,1,0,5),('1950',2011,'9020',5,1,0,5),('1961',2011,'9020',5,1,0,5),('1962',2011,'9020',5,1,0,5),('1972',2011,'9020',5,1,0,5),('1973',2011,'9020',5,1,0,5),('1976',2011,'9020',5,1,0,5),('1977',2011,'9020',5,1,0,5),('2000',2011,'9020',5,1,0,5),('2005',2011,'9020',5,1,0,5),('2010',2011,'9020',5,1,0,5),('2015',2011,'9020',5,1,0,5),('2020',2011,'9020',5,1,0,5),('2025',2011,'9020',5,1,0,5),('2065',2011,'9020',5,1,0,5),('9020',2011,'9120',5,1,0,5),('9150',2011,'5050',5,1,0,0),('5050',2011,'9055',3,1,0,5),('5050',2011,'6500',5,1,0,5),('9151',2011,'5051',5,1,0,0),('5051',2011,'9055',3,1,0,5),('5051',2011,'6500',5,1,0,5),('9140',2011,'5040',5,1,0,0),('5040',2011,'9045',3,1,0,5),('5040',2011,'6500',5,1,0,5),('9141',2011,'5041',5,1,0,0),('5041',2011,'9045',3,1,0,5),('5041',2011,'6500',5,1,0,5),('9010',2011,'5010',5,1,0,3),('5010',2011,'6500',5,1,0,5),('9120',2011,'5020',5,1,0,0),('5020',2011,'6500',5,1,0,5),('9120',2011,'5025',5,1,0,0),('5025',2011,'6500',5,1,0,5),('6500',2011,'8000',5,1,0,5),('5030',2011,'5039',5,1,0,3),('5035',2011,'9035',3,1,0,5),('5035',2011,'5030',3,1,0,3),('5036',2011,'9035',3,1,0,5),('5036',2011,'5031',3,1,0,3),('5031',2011,'5039',5,1,0,3),('5032',2011,'5039',5,1,0,3),('5037',2011,'9035',3,1,0,5),('5037',2011,'5032',3,1,0,3),('1910',2011,'5110',5,1,0,3),('5110',2011,'6500',5,1,0,5),('6000',2011,'8000',5,1,0,5),('6010',2011,'8000',5,1,0,5),('6040',2011,'8000',5,1,0,5),('1950',2011,'5100',5,1,0,3),('5100',2011,'6500',5,1,0,5),('1972',2011,'5111',5,1,0,3),('5111',2011,'6500',5,1,0,5),('1973',2011,'5112',5,1,0,3),('5112',2011,'6500',5,1,0,5),('6001',2011,'8000',5,1,0,5),('6002',2011,'8000',5,1,0,5),('6020',2011,'8000',5,1,0,5),('6030',2011,'8000',5,1,0,5),('6050',2011,'8000',5,1,0,5),('6070',2011,'8000',5,1,0,5),('5025',2011,'9027',3,1,0,5),('5020',2011,'9025',3,1,0,5),('5010',2011,'9015',3,1,0,5),('9010',2011,'9019',5,1,0,5),('9015',2011,'9019',5,1,1,5),('5010',2011,'5013',5,1,1,5),('5020',2011,'5023',5,1,1,5),('9020',2011,'9029',5,1,0,5),('9027',2011,'9029',5,1,1,5),('9025',2011,'9029',5,1,1,5),('9030',2011,'9130',5,1,0,5),('9130',2011,'5035',5,1,0,0),('9030',2011,'9131',5,1,0,5),('9131',2011,'5036',5,1,0,0),('9030',2011,'9132',5,1,0,5),('9132',2011,'5037',5,1,0,0),('1010',2011,'9010',5,1,0,5),('1010',2011,'9030',5,1,0,5),('1010',2011,'9040',5,1,0,5),('1010',2011,'9050',5,1,0,5),('1010',2011,'9060',5,1,0,5),('1010',2011,'9070',5,1,0,5),('1010',2011,'9090',5,1,0,5),('1010',2011,'9020',5,1,0,5),('1000',2011,'9010',5,1,0,5),('1000',2011,'9030',5,1,0,5),('1000',2011,'9040',5,1,0,5),('1000',2011,'9050',5,1,0,5),('1000',2011,'9060',5,1,0,5),('1000',2011,'9070',5,1,0,5),('1000',2011,'9090',5,1,0,5),('1000',2011,'9020',5,1,0,5),('2050',2011,'9010',5,1,0,5),('2050',2011,'9030',5,1,0,5),('2050',2011,'9040',5,1,0,5),('2050',2011,'9050',5,1,0,5),('2050',2011,'9060',5,1,0,5),('2050',2011,'9070',5,1,0,5),('2050',2011,'9020',5,1,0,5),('1050',2011,'9010',5,1,0,5),('1050',2011,'9030',5,1,0,5),('1050',2011,'9040',5,1,0,5),('1050',2011,'9050',5,1,0,5),('1050',2011,'9060',5,1,0,5),('1050',2011,'9070',5,1,0,5),('1050',2011,'9020',5,1,0,5),('9999',2011,'1061',5,1,0,4),('1061',2011,'9010',5,1,0,5),('1061',2011,'9020',5,1,0,5),('1061',2011,'9030',5,1,0,5),('1061',2011,'9040',5,1,0,5),('1061',2011,'9050',5,1,0,5),('1061',2011,'9060',5,1,0,5),('1061',2011,'9070',5,1,0,5),('1061',2011,'9090',5,1,0,5),('1071',2011,'9010',5,1,0,5),('1071',2011,'9020',5,1,0,5),('1071',2011,'9030',5,1,0,5),('1071',2011,'9040',5,1,0,5),('1071',2011,'9050',5,1,0,5),('1071',2011,'9060',5,1,0,5),('1071',2011,'9070',5,1,0,5),('1073',2011,'9010',5,1,0,5),('1073',2011,'9020',5,1,0,5),('1073',2011,'9030',5,1,0,5),('1073',2011,'9040',5,1,0,5),('1073',2011,'9050',5,1,0,5),('1073',2011,'9060',5,1,0,5),('1073',2011,'9070',5,1,0,5),('1074',2011,'9010',5,1,0,5),('1074',2011,'9020',5,1,0,5),('1074',2011,'9030',5,1,0,5),('1074',2011,'9040',5,1,0,5),('1074',2011,'9050',5,1,0,5),('1074',2011,'9060',5,1,0,5),('1074',2011,'9070',5,1,0,5),('1075',2011,'9010',5,1,0,5),('1075',2011,'9020',5,1,0,5),('1075',2011,'9030',5,1,0,5),('1075',2011,'9040',5,1,0,5),('1075',2011,'9050',5,1,0,5),('1075',2011,'9060',5,1,0,5),('1075',2011,'9070',5,1,0,5),('1076',2011,'9010',5,1,0,5),('1076',2011,'9020',5,1,0,5),('1076',2011,'9030',5,1,0,5),('1076',2011,'9040',5,1,0,5),('1076',2011,'9050',5,1,0,5),('1076',2011,'9060',5,1,0,5),('1076',2011,'9070',5,1,0,5),('1102',2011,'9010',5,1,0,5),('1102',2011,'9020',5,1,0,5),('1102',2011,'9030',5,1,0,5),('1102',2011,'9040',5,1,0,5),('1102',2011,'9050',5,1,0,5),('1102',2011,'9060',5,1,0,5),('1102',2011,'9070',5,1,0,5),('1162',2011,'9010',5,1,0,5),('1162',2011,'9020',5,1,0,5),('1162',2011,'9030',5,1,0,5),('1162',2011,'9040',5,1,0,5),('1162',2011,'9050',5,1,0,5),('1162',2011,'9060',5,1,0,5),('1162',2011,'9070',5,1,0,5),('1219',2011,'9010',5,1,0,5),('1219',2011,'9020',5,1,0,5),('1219',2011,'9030',5,1,0,5),('1219',2011,'9040',5,1,0,5),('1219',2011,'9050',5,1,0,5),('1219',2011,'9060',5,1,0,5),('1219',2011,'9070',5,1,0,5),('1503',2011,'9010',5,1,0,5),('1503',2011,'9020',5,1,0,5),('1503',2011,'9030',5,1,0,5),('1503',2011,'9040',5,1,0,5),('1503',2011,'9050',5,1,0,5),('1503',2011,'9060',5,1,0,5),('1503',2011,'9070',5,1,0,5),('1975',2011,'9070',5,1,0,5),('3000',2011,'9070',5,1,0,5),('1005',2011,'5000',5,1,0,5),('1007',2011,'5000',5,1,0,5),('1015',2011,'5000',5,1,0,5),('1016',2011,'5000',5,1,0,5),('1017',2011,'5000',5,1,0,5),('1018',2011,'5000',5,1,0,5),('1021',2011,'5000',5,1,0,5),('1030',2011,'5000',5,1,0,5),('1031',2011,'5000',5,1,0,5),('1032',2011,'5000',5,1,0,5),('1055',2011,'5000',5,1,0,5),('1065',2011,'5000',5,1,0,5),('1072',2011,'5000',5,1,0,5),('1101',2011,'5000',5,1,0,5),('1112',2011,'5000',5,1,0,5),('1200',2011,'5000',5,1,0,5),('1201',2011,'5000',5,1,0,5),('1202',2011,'5000',5,1,0,5),('1210',2011,'5000',5,1,0,5),('1211',2011,'5000',5,1,0,5),('1212',2011,'5000',5,1,0,5),('1213',2011,'5000',5,1,0,5),('1214',2011,'5000',5,1,0,5),('1215',2011,'5000',5,1,0,5),('1216',2011,'5000',5,1,0,5),('1217',2011,'5000',5,1,0,5),('1218',2011,'5000',5,1,0,5),('1230',2011,'5000',5,1,0,5),('1231',2011,'5000',5,1,0,5),('1232',2011,'5000',5,1,0,5),('1250',2011,'5000',5,1,0,5),('1410',2011,'5000',5,1,0,5),('1500',2011,'5000',5,1,0,5),('1501',2011,'5000',5,1,0,5),('1902',2011,'5000',5,1,0,5),('1910',2011,'5000',5,1,0,5),('1950',2011,'5000',5,1,0,5),('1961',2011,'5000',5,1,0,5),('1962',2011,'5000',5,1,0,5),('1971',2011,'5000',5,1,0,5),('1972',2011,'5000',5,1,0,5),('1973',2011,'5000',5,1,0,5),('1976',2011,'5000',5,1,0,5),('1977',2011,'5000',5,1,0,5),('1980',2011,'5000',5,1,0,5),('2000',2011,'5000',5,1,0,5),('2005',2011,'5000',5,1,0,5),('2010',2011,'5000',5,1,0,5),('2015',2011,'5000',5,1,0,5),('2020',2011,'5000',5,1,0,5),('2025',2011,'5000',5,1,0,5),('2030',2011,'5000',5,1,0,5),('2035',2011,'5000',5,1,0,5),('2060',2011,'5000',5,1,0,5),('2070',2011,'5000',5,1,0,5),('2075',2011,'5000',5,1,0,5),('3030',2011,'5000',5,1,0,5),('3031',2011,'5000',5,1,0,5),('3032',2011,'5000',5,1,0,5),('3034',2011,'5000',5,1,0,5),('1010',2011,'5000',5,1,0,5),('1000',2011,'5000',5,1,0,5),('2050',2011,'5000',5,1,0,5),('1050',2011,'5000',5,1,0,5),('1975',2011,'5000',5,1,0,5),('3000',2011,'5000',5,1,0,5),('1061',2011,'5000',5,1,0,5),('1071',2011,'5000',5,1,0,5),('1073',2011,'5000',5,1,0,5),('1074',2011,'5000',5,1,0,5),('1075',2011,'5000',5,1,0,5),('1076',2011,'5000',5,1,0,5),('1102',2011,'5000',5,1,0,5),('1162',2011,'5000',5,1,0,5),('1219',2011,'5000',5,1,0,5),('1503',2011,'5000',5,1,0,5),('2065',2011,'5000',5,1,0,5),('5000',2011,'6500',5,1,0,5),('5070',2011,'6500',5,1,0,5),('6060',2011,'8000',5,1,0,5),('6510',2011,'8000',5,1,0,5),('1001',2011,'5000',5,1,0,5),('1001',2011,'9010',5,1,0,5),('1001',2011,'9020',5,1,0,5),('1001',2011,'9030',5,1,0,5),('1001',2011,'9040',5,1,0,5),('1001',2011,'9050',5,1,0,5),('1001',2011,'9060',5,1,0,5),('1001',2011,'9070',5,1,0,5),('1001',2011,'9090',5,1,0,5),('9060',2011,'5060',5,1,0,3),('5060',2011,'9065',5,1,0,3),('5060',2011,'6500',5,1,0,5),('9090',2011,'1160',5,1,0,3),('1160',2011,'9010',5,1,0,5),('1160',2011,'9030',5,1,0,5),('1160',2011,'9040',5,1,0,5),('1160',2011,'9050',5,1,0,5),('1160',2011,'9060',5,1,0,5),('1160',2011,'9070',5,1,0,5),('1160',2011,'9020',5,1,0,5),('1160',2011,'5000',5,1,0,5),('9090',2011,'1161',5,1,0,3),('1161',2011,'9010',5,1,0,5),('1161',2011,'9030',5,1,0,5),('1161',2011,'9040',5,1,0,5),('1161',2011,'9050',5,1,0,5),('1161',2011,'9060',5,1,0,5),('1161',2011,'9070',5,1,0,5),('1161',2011,'9020',5,1,0,5),('1161',2011,'5000',5,1,0,5),('1007',2012,'9010',5,1,0,5),('1015',2012,'9010',5,1,0,5),('1016',2012,'9010',5,1,0,5),('1017',2012,'9010',5,1,0,5),('1018',2012,'9010',5,1,0,5),('1021',2012,'9010',5,1,0,5),('1030',2012,'9010',5,1,0,5),('1031',2012,'9010',5,1,0,5),('1055',2012,'9010',5,1,0,5),('1065',2012,'9010',5,1,0,5),('1072',2012,'9010',5,1,0,5),('1101',2012,'9010',5,1,0,5),('1112',2012,'9010',5,1,0,5),('1200',2012,'9010',5,1,0,5),('1201',2012,'9010',5,1,0,5),('1202',2012,'9010',5,1,0,5),('1210',2012,'9010',5,1,0,5),('1211',2012,'9010',5,1,0,5),('1212',2012,'9010',5,1,0,5),('1213',2012,'9010',5,1,0,5),('1214',2012,'9010',5,1,0,5),('1215',2012,'9010',5,1,0,5),('1216',2012,'9010',5,1,0,5),('1217',2012,'9010',5,1,0,5),('1218',2012,'9010',5,1,0,5),('1230',2012,'9010',5,1,0,5),('1231',2012,'9010',5,1,0,5),('1232',2012,'9010',5,1,0,5),('1250',2012,'9010',5,1,0,5),('1500',2012,'9010',5,1,0,5),('1501',2012,'9010',5,1,0,5),('1910',2012,'9010',5,1,0,5),('1950',2012,'9010',5,1,0,5),('1961',2012,'9010',5,1,0,5),('1962',2012,'9010',5,1,0,5),('1972',2012,'9010',5,1,0,5),('1973',2012,'9010',5,1,0,5),('1976',2012,'9010',5,1,0,5),('1977',2012,'9010',5,1,0,5),('2000',2012,'9010',5,1,0,5),('2005',2012,'9010',5,1,0,5),('2010',2012,'9010',5,1,0,5),('2015',2012,'9010',5,1,0,5),('2020',2012,'9010',5,1,0,5),('2025',2012,'9010',5,1,0,5),('2065',2012,'9010',5,1,0,5),('1007',2012,'9030',5,1,0,5),('1015',2012,'9030',5,1,0,5),('1016',2012,'9030',5,1,0,5),('1017',2012,'9030',5,1,0,5),('1018',2012,'9030',5,1,0,5),('1021',2012,'9030',5,1,0,5),('1030',2012,'9030',5,1,0,5),('1031',2012,'9030',5,1,0,5),('1055',2012,'9030',5,1,0,5),('1065',2012,'9030',5,1,0,5),('1072',2012,'9030',5,1,0,5),('1101',2012,'9030',5,1,0,5),('1112',2012,'9030',5,1,0,5),('1200',2012,'9030',5,1,0,5),('1201',2012,'9030',5,1,0,5),('1202',2012,'9030',5,1,0,5),('1210',2012,'9030',5,1,0,5),('1211',2012,'9030',5,1,0,5),('1212',2012,'9030',5,1,0,5),('1213',2012,'9030',5,1,0,5),('1214',2012,'9030',5,1,0,5),('1215',2012,'9030',5,1,0,5),('1216',2012,'9030',5,1,0,5),('1217',2012,'9030',5,1,0,5),('1218',2012,'9030',5,1,0,5),('1230',2012,'9030',5,1,0,5),('1231',2012,'9030',5,1,0,5),('1232',2012,'9030',5,1,0,5),('1250',2012,'9030',5,1,0,5),('1500',2012,'9030',5,1,0,5),('1501',2012,'9030',5,1,0,5),('1910',2012,'9030',5,1,0,5),('1950',2012,'9030',5,1,0,5),('1961',2012,'9030',5,1,0,5),('1962',2012,'9030',5,1,0,5),('1972',2012,'9030',5,1,0,5),('1973',2012,'9030',5,1,0,5),('1976',2012,'9030',5,1,0,5),('1977',2012,'9030',5,1,0,5),('2005',2012,'9030',5,1,0,5),('2010',2012,'9030',5,1,0,5),('2015',2012,'9030',5,1,0,5),('2065',2012,'9030',5,1,0,5),('1007',2012,'9040',5,1,0,5),('1015',2012,'9040',5,1,0,5),('1016',2012,'9040',5,1,0,5),('1017',2012,'9040',5,1,0,5),('1018',2012,'9040',5,1,0,5),('1021',2012,'9040',5,1,0,5),('1030',2012,'9040',5,1,0,5),('1031',2012,'9040',5,1,0,5),('1055',2012,'9040',5,1,0,5),('1065',2012,'9040',5,1,0,5),('1072',2012,'9040',5,1,0,5),('1101',2012,'9040',5,1,0,5),('1112',2012,'9040',5,1,0,5),('1200',2012,'9040',5,1,0,5),('1201',2012,'9040',5,1,0,5),('1202',2012,'9040',5,1,0,5),('1210',2012,'9040',5,1,0,5),('1211',2012,'9040',5,1,0,5),('1212',2012,'9040',5,1,0,5),('1213',2012,'9040',5,1,0,5),('1214',2012,'9040',5,1,0,5),('1215',2012,'9040',5,1,0,5),('1216',2012,'9040',5,1,0,5),('1217',2012,'9040',5,1,0,5),('1218',2012,'9040',5,1,0,5),('1230',2012,'9040',5,1,0,5),('1231',2012,'9040',5,1,0,5),('1232',2012,'9040',5,1,0,5),('1250',2012,'9040',5,1,0,5),('1500',2012,'9040',5,1,0,5),('1501',2012,'9040',5,1,0,5),('1910',2012,'9040',5,1,0,5),('1950',2012,'9040',5,1,0,5),('1961',2012,'9040',5,1,0,5),('1962',2012,'9040',5,1,0,5),('1972',2012,'9040',5,1,0,5),('1973',2012,'9040',5,1,0,5),('1976',2012,'9040',5,1,0,5),('1977',2012,'9040',5,1,0,5),('2005',2012,'9040',5,1,0,5),('2010',2012,'9040',5,1,0,5),('2015',2012,'9040',5,1,0,5),('2065',2012,'9040',5,1,0,5),('1007',2012,'9050',5,1,0,5),('1015',2012,'9050',5,1,0,5),('1016',2012,'9050',5,1,0,5),('1017',2012,'9050',5,1,0,5),('1018',2012,'9050',5,1,0,5),('1021',2012,'9050',5,1,0,5),('1030',2012,'9050',5,1,0,5),('1031',2012,'9050',5,1,0,5),('1055',2012,'9050',5,1,0,5),('1065',2012,'9050',5,1,0,5),('1072',2012,'9050',5,1,0,5),('1101',2012,'9050',5,1,0,5),('1112',2012,'9050',5,1,0,5),('1200',2012,'9050',5,1,0,5),('1201',2012,'9050',5,1,0,5),('1202',2012,'9050',5,1,0,5),('1210',2012,'9050',5,1,0,5),('1211',2012,'9050',5,1,0,5),('1212',2012,'9050',5,1,0,5),('1213',2012,'9050',5,1,0,5),('1214',2012,'9050',5,1,0,5),('1215',2012,'9050',5,1,0,5),('1216',2012,'9050',5,1,0,5),('1217',2012,'9050',5,1,0,5),('1218',2012,'9050',5,1,0,5),('1230',2012,'9050',5,1,0,5),('1231',2012,'9050',5,1,0,5),('1232',2012,'9050',5,1,0,5),('1250',2012,'9050',5,1,0,5),('1500',2012,'9050',5,1,0,5),('1501',2012,'9050',5,1,0,5),('1910',2012,'9050',5,1,0,5),('1950',2012,'9050',5,1,0,5),('1961',2012,'9050',5,1,0,5),('1962',2012,'9050',5,1,0,5),('1972',2012,'9050',5,1,0,5),('1973',2012,'9050',5,1,0,5),('1976',2012,'9050',5,1,0,5),('1977',2012,'9050',5,1,0,5),('2000',2012,'9050',5,1,0,5),('2005',2012,'9050',5,1,0,5),('2010',2012,'9050',5,1,0,5),('2015',2012,'9050',5,1,0,5),('2020',2012,'9050',5,1,0,5),('2025',2012,'9050',5,1,0,5),('2065',2012,'9050',5,1,0,5),('1007',2012,'9060',5,1,0,5),('1015',2012,'9060',5,1,0,5),('1016',2012,'9060',5,1,0,5),('1017',2012,'9060',5,1,0,5),('1018',2012,'9060',5,1,0,5),('1021',2012,'9060',5,1,0,5),('1030',2012,'9060',5,1,0,5),('1031',2012,'9060',5,1,0,5),('1055',2012,'9060',5,1,0,5),('1065',2012,'9060',5,1,0,5),('1072',2012,'9060',5,1,0,5),('1101',2012,'9060',5,1,0,5),('1112',2012,'9060',5,1,0,5),('1200',2012,'9060',5,1,0,5),('1201',2012,'9060',5,1,0,5),('1202',2012,'9060',5,1,0,5),('1210',2012,'9060',5,1,0,5),('1211',2012,'9060',5,1,0,5),('1212',2012,'9060',5,1,0,5),('1213',2012,'9060',5,1,0,5),('1214',2012,'9060',5,1,0,5),('1215',2012,'9060',5,1,0,5),('1216',2012,'9060',5,1,0,5),('1217',2012,'9060',5,1,0,5),('1218',2012,'9060',5,1,0,5),('1230',2012,'9060',5,1,0,5),('1231',2012,'9060',5,1,0,5),('1232',2012,'9060',5,1,0,5),('1250',2012,'9060',5,1,0,5),('1500',2012,'9060',5,1,0,5),('1501',2012,'9060',5,1,0,5),('1910',2012,'9060',5,1,0,5),('1950',2012,'9060',5,1,0,5),('1961',2012,'9060',5,1,0,5),('1962',2012,'9060',5,1,0,5),('1972',2012,'9060',5,1,0,5),('1973',2012,'9060',5,1,0,5),('1976',2012,'9060',5,1,0,5),('1977',2012,'9060',5,1,0,5),('2000',2012,'9060',5,1,0,5),('2005',2012,'9060',5,1,0,5),('2010',2012,'9060',5,1,0,5),('2015',2012,'9060',5,1,0,5),('2020',2012,'9060',5,1,0,5),('2025',2012,'9060',5,1,0,5),('2065',2012,'9060',5,1,0,5),('1007',2012,'9070',5,1,0,5),('1015',2012,'9070',5,1,0,5),('1016',2012,'9070',5,1,0,5),('1017',2012,'9070',5,1,0,5),('1018',2012,'9070',5,1,0,5),('1021',2012,'9070',5,1,0,5),('1030',2012,'9070',5,1,0,5),('1031',2012,'9070',5,1,0,5),('1055',2012,'9070',5,1,0,5),('1065',2012,'9070',5,1,0,5),('1072',2012,'9070',5,1,0,5),('1101',2012,'9070',5,1,0,5),('1112',2012,'9070',5,1,0,5),('1200',2012,'9070',5,1,0,5),('1201',2012,'9070',5,1,0,5),('1202',2012,'9070',5,1,0,5),('1210',2012,'9070',5,1,0,5),('1211',2012,'9070',5,1,0,5),('1212',2012,'9070',5,1,0,5),('1213',2012,'9070',5,1,0,5),('1214',2012,'9070',5,1,0,5),('1215',2012,'9070',5,1,0,5),('1216',2012,'9070',5,1,0,5),('1217',2012,'9070',5,1,0,5),('1218',2012,'9070',5,1,0,5),('1230',2012,'9070',5,1,0,5),('1231',2012,'9070',5,1,0,5),('1232',2012,'9070',5,1,0,5),('1250',2012,'9070',5,1,0,5),('1410',2012,'9070',5,1,0,5),('1500',2012,'9070',5,1,0,5),('1501',2012,'9070',5,1,0,5),('1910',2012,'9070',5,1,0,5),('1950',2012,'9070',5,1,0,5),('1961',2012,'9070',5,1,0,5),('1962',2012,'9070',5,1,0,5),('1971',2012,'9070',5,1,0,5),('1972',2012,'9070',5,1,0,5),('1973',2012,'9070',5,1,0,5),('1976',2012,'9070',5,1,0,5),('1977',2012,'9070',5,1,0,5),('2000',2012,'9070',5,1,0,5),('2005',2012,'9070',5,1,0,5),('2010',2012,'9070',5,1,0,5),('2015',2012,'9070',5,1,0,5),('2020',2012,'9070',5,1,0,5),('2025',2012,'9070',5,1,0,5),('2030',2012,'9070',5,1,0,5),('2035',2012,'9070',5,1,0,5),('2060',2012,'9070',5,1,0,5),('2070',2012,'9070',5,1,0,5),('2075',2012,'9070',5,1,0,5),('3030',2012,'9070',5,1,0,5),('3031',2012,'9070',5,1,0,5),('3032',2012,'9070',5,1,0,5),('3034',2012,'9070',5,1,0,5),('1007',2012,'9090',5,1,0,5),('1015',2012,'9090',5,1,0,5),('1016',2012,'9090',5,1,0,5),('1017',2012,'9090',5,1,0,5),('1018',2012,'9090',5,1,0,5),('1021',2012,'9090',5,1,0,5),('1030',2012,'9090',5,1,0,5),('1031',2012,'9090',5,1,0,5),('1055',2012,'9090',5,1,0,5),('1065',2012,'9090',5,1,0,5),('1072',2012,'9090',5,1,0,5),('1101',2012,'9090',5,1,0,5),('1200',2012,'9090',5,1,0,5),('1218',2012,'9090',5,1,0,5),('9040',2012,'9140',5,1,0,5),('9040',2012,'9141',5,1,0,5),('9050',2012,'9150',5,1,0,5),('9050',2012,'9151',5,1,0,5),('5065',2012,'6500',5,1,0,5),('5039',2012,'6500',5,1,0,5),('1007',2012,'9020',5,1,0,5),('1015',2012,'9020',5,1,0,5),('1016',2012,'9020',5,1,0,5),('1017',2012,'9020',5,1,0,5),('1018',2012,'9020',5,1,0,5),('1021',2012,'9020',5,1,0,5),('1030',2012,'9020',5,1,0,5),('1031',2012,'9020',5,1,0,5),('1055',2012,'9020',5,1,0,5),('1065',2012,'9020',5,1,0,5),('1072',2012,'9020',5,1,0,5),('1101',2012,'9020',5,1,0,5),('1112',2012,'9020',5,1,0,5),('1200',2012,'9020',5,1,0,5),('1201',2012,'9020',5,1,0,5),('1202',2012,'9020',5,1,0,5),('1210',2012,'9020',5,1,0,5),('1211',2012,'9020',5,1,0,5),('1212',2012,'9020',5,1,0,5),('1213',2012,'9020',5,1,0,5),('1214',2012,'9020',5,1,0,5),('1215',2012,'9020',5,1,0,5),('1216',2012,'9020',5,1,0,5),('1217',2012,'9020',5,1,0,5),('1218',2012,'9020',5,1,0,5),('1230',2012,'9020',5,1,0,5),('1231',2012,'9020',5,1,0,5),('1232',2012,'9020',5,1,0,5),('1250',2012,'9020',5,1,0,5),('1500',2012,'9020',5,1,0,5),('1501',2012,'9020',5,1,0,5),('1910',2012,'9020',5,1,0,5),('1950',2012,'9020',5,1,0,5),('1961',2012,'9020',5,1,0,5),('1962',2012,'9020',5,1,0,5),('1972',2012,'9020',5,1,0,5),('1973',2012,'9020',5,1,0,5),('1976',2012,'9020',5,1,0,5),('1977',2012,'9020',5,1,0,5),('2000',2012,'9020',5,1,0,5),('2005',2012,'9020',5,1,0,5),('2010',2012,'9020',5,1,0,5),('2015',2012,'9020',5,1,0,5),('2020',2012,'9020',5,1,0,5),('2025',2012,'9020',5,1,0,5),('2065',2012,'9020',5,1,0,5),('9020',2012,'9120',5,1,0,5),('9150',2012,'5050',5,1,0,0),('5050',2012,'9055',3,1,0,5),('5050',2012,'6500',5,1,0,5),('9151',2012,'5051',5,1,0,0),('5051',2012,'9055',3,1,0,5),('5051',2012,'6500',5,1,0,5),('9140',2012,'5040',5,1,0,0),('5040',2012,'9045',3,1,0,5),('5040',2012,'6500',5,1,0,5),('9141',2012,'5041',5,1,0,0),('5041',2012,'9045',3,1,0,5),('5041',2012,'6500',5,1,0,5),('9010',2012,'5010',5,1,0,3),('5010',2012,'6500',5,1,0,5),('9120',2012,'5020',5,1,0,0),('5020',2012,'6500',5,1,0,5),('9120',2012,'5025',5,1,0,0),('5025',2012,'6500',5,1,0,5),('6500',2012,'8000',5,1,0,5),('5030',2012,'5039',5,1,0,3),('5035',2012,'9035',3,1,0,5),('5035',2012,'5030',3,1,0,3),('5036',2012,'9035',3,1,0,5),('5036',2012,'5031',3,1,0,3),('5031',2012,'5039',5,1,0,3),('5032',2012,'5039',5,1,0,3),('5037',2012,'9035',3,1,0,5),('5037',2012,'5032',3,1,0,3),('6000',2012,'8000',5,1,0,5),('6010',2012,'8000',5,1,0,5),('6040',2012,'8000',5,1,0,5),('6001',2012,'8000',5,1,0,5),('6002',2012,'8000',5,1,0,5),('6020',2012,'8000',5,1,0,5),('6030',2012,'8000',5,1,0,5),('6050',2012,'8000',5,1,0,5),('6070',2012,'8000',5,1,0,5),('5025',2012,'9027',3,1,0,5),('5020',2012,'9025',3,1,0,5),('5010',2012,'9015',3,1,0,5),('9010',2012,'9019',5,1,0,5),('9015',2012,'9019',5,1,1,5),('5010',2012,'5013',5,1,1,5),('5020',2012,'5023',5,1,1,5),('9020',2012,'9029',5,1,0,5),('9027',2012,'9029',5,1,1,5),('9025',2012,'9029',5,1,1,5),('9030',2012,'9130',5,1,0,5),('9130',2012,'5035',5,1,0,0),('9030',2012,'9131',5,1,0,5),('9131',2012,'5036',5,1,0,0),('9030',2012,'9132',5,1,0,5),('9132',2012,'5037',5,1,0,0),('1010',2012,'9010',5,1,0,5),('1010',2012,'9030',5,1,0,5),('1010',2012,'9040',5,1,0,5),('1010',2012,'9050',5,1,0,5),('1010',2012,'9060',5,1,0,5),('1010',2012,'9070',5,1,0,5),('1010',2012,'9090',5,1,0,5),('1010',2012,'9020',5,1,0,5),('2050',2012,'9010',5,1,0,5),('2050',2012,'9030',5,1,0,5),('2050',2012,'9040',5,1,0,5),('2050',2012,'9050',5,1,0,5),('2050',2012,'9060',5,1,0,5),('2050',2012,'9070',5,1,0,5),('2050',2012,'9020',5,1,0,5),('1050',2012,'9010',5,1,0,5),('1050',2012,'9030',5,1,0,5),('1050',2012,'9040',5,1,0,5),('1050',2012,'9050',5,1,0,5),('1050',2012,'9060',5,1,0,5),('1050',2012,'9070',5,1,0,5),('1050',2012,'9020',5,1,0,5),('9999',2012,'1061',5,1,0,4),('1061',2012,'9010',5,1,0,5),('1061',2012,'9020',5,1,0,5),('1061',2012,'9030',5,1,0,5),('1061',2012,'9040',5,1,0,5),('1061',2012,'9050',5,1,0,5),('1061',2012,'9060',5,1,0,5),('1061',2012,'9070',5,1,0,5),('1061',2012,'9090',5,1,0,5),('1071',2012,'9010',5,1,0,5),('1071',2012,'9020',5,1,0,5),('1071',2012,'9030',5,1,0,5),('1071',2012,'9040',5,1,0,5),('1071',2012,'9050',5,1,0,5),('1071',2012,'9060',5,1,0,5),('1071',2012,'9070',5,1,0,5),('1073',2012,'9010',5,1,0,5),('1073',2012,'9020',5,1,0,5),('1073',2012,'9030',5,1,0,5),('1073',2012,'9040',5,1,0,5),('1073',2012,'9050',5,1,0,5),('1073',2012,'9060',5,1,0,5),('1073',2012,'9070',5,1,0,5),('1075',2012,'9010',5,1,0,5),('1075',2012,'9020',5,1,0,5),('1075',2012,'9030',5,1,0,5),('1075',2012,'9040',5,1,0,5),('1075',2012,'9050',5,1,0,5),('1075',2012,'9060',5,1,0,5),('1075',2012,'9070',5,1,0,5),('1076',2012,'9010',5,1,0,5),('1076',2012,'9020',5,1,0,5),('1076',2012,'9030',5,1,0,5),('1076',2012,'9040',5,1,0,5),('1076',2012,'9050',5,1,0,5),('1076',2012,'9060',5,1,0,5),('1076',2012,'9070',5,1,0,5),('1102',2012,'9010',5,1,0,5),('1102',2012,'9020',5,1,0,5),('1102',2012,'9030',5,1,0,5),('1102',2012,'9040',5,1,0,5),('1102',2012,'9050',5,1,0,5),('1102',2012,'9060',5,1,0,5),('1102',2012,'9070',5,1,0,5),('1162',2012,'9010',5,1,0,5),('1162',2012,'9020',5,1,0,5),('1162',2012,'9030',5,1,0,5),('1162',2012,'9040',5,1,0,5),('1162',2012,'9050',5,1,0,5),('1162',2012,'9060',5,1,0,5),('1162',2012,'9070',5,1,0,5),('1219',2012,'9010',5,1,0,5),('1219',2012,'9020',5,1,0,5),('1219',2012,'9030',5,1,0,5),('1219',2012,'9040',5,1,0,5),('1219',2012,'9050',5,1,0,5),('1219',2012,'9060',5,1,0,5),('1219',2012,'9070',5,1,0,5),('1503',2012,'9010',5,1,0,5),('1503',2012,'9020',5,1,0,5),('1503',2012,'9030',5,1,0,5),('1503',2012,'9040',5,1,0,5),('1503',2012,'9050',5,1,0,5),('1503',2012,'9060',5,1,0,5),('1503',2012,'9070',5,1,0,5),('1975',2012,'9070',5,1,0,5),('3000',2012,'9070',5,1,0,5),('1007',2012,'5000',5,1,0,5),('1015',2012,'5000',5,1,0,5),('1016',2012,'5000',5,1,0,5),('1017',2012,'5000',5,1,0,5),('1018',2012,'5000',5,1,0,5),('1021',2012,'5000',5,1,0,5),('1030',2012,'5000',5,1,0,5),('1031',2012,'5000',5,1,0,5),('1055',2012,'5000',5,1,0,5),('1065',2012,'5000',5,1,0,5),('1072',2012,'5000',5,1,0,5),('1101',2012,'5000',5,1,0,5),('1112',2012,'5000',5,1,0,5),('1200',2012,'5000',5,1,0,5),('1201',2012,'5000',5,1,0,5),('1202',2012,'5000',5,1,0,5),('1210',2012,'5000',5,1,0,5),('1211',2012,'5000',5,1,0,5),('1212',2012,'5000',5,1,0,5),('1213',2012,'5000',5,1,0,5),('1214',2012,'5000',5,1,0,5),('1215',2012,'5000',5,1,0,5),('1216',2012,'5000',5,1,0,5),('1217',2012,'5000',5,1,0,5),('1218',2012,'5000',5,1,0,5),('1230',2012,'5000',5,1,0,5),('1231',2012,'5000',5,1,0,5),('1232',2012,'5000',5,1,0,5),('1250',2012,'5000',5,1,0,5),('1410',2012,'5000',5,1,0,5),('1500',2012,'5000',5,1,0,5),('1501',2012,'5000',5,1,0,5),('1910',2012,'5000',5,1,0,5),('1950',2012,'5000',5,1,0,5),('1961',2012,'5000',5,1,0,5),('1962',2012,'5000',5,1,0,5),('1971',2012,'5000',5,1,0,5),('1972',2012,'5000',5,1,0,5),('1973',2012,'5000',5,1,0,5),('1976',2012,'5000',5,1,0,5),('1977',2012,'5000',5,1,0,5),('1980',2012,'5000',5,1,0,5),('2000',2012,'5000',5,1,0,5),('2005',2012,'5000',5,1,0,5),('2010',2012,'5000',5,1,0,5),('2015',2012,'5000',5,1,0,5),('2020',2012,'5000',5,1,0,5),('2025',2012,'5000',5,1,0,5),('2030',2012,'5000',5,1,0,5),('2035',2012,'5000',5,1,0,5),('2060',2012,'5000',5,1,0,5),('2070',2012,'5000',5,1,0,5),('2075',2012,'5000',5,1,0,5),('3030',2012,'5000',5,1,0,5),('3031',2012,'5000',5,1,0,5),('3032',2012,'5000',5,1,0,5),('3034',2012,'5000',5,1,0,5),('1010',2012,'5000',5,1,0,5),('2050',2012,'5000',5,1,0,5),('1050',2012,'5000',5,1,0,5),('1975',2012,'5000',5,1,0,5),('3000',2012,'5000',5,1,0,5),('1061',2012,'5000',5,1,0,5),('1071',2012,'5000',5,1,0,5),('1073',2012,'5000',5,1,0,5),('1075',2012,'5000',5,1,0,5),('1076',2012,'5000',5,1,0,5),('1102',2012,'5000',5,1,0,5),('1162',2012,'5000',5,1,0,5),('1219',2012,'5000',5,1,0,5),('1503',2012,'5000',5,1,0,5),('2065',2012,'5000',5,1,0,5),('5000',2012,'6500',5,1,0,5),('5070',2012,'6500',5,1,0,5),('6060',2012,'8000',5,1,0,5),('6510',2012,'8000',5,1,0,5),('1001',2012,'5000',5,1,0,5),('1001',2012,'9010',5,1,0,5),('1001',2012,'9020',5,1,0,5),('1001',2012,'9030',5,1,0,5),('1001',2012,'9040',5,1,0,5),('1001',2012,'9050',5,1,0,5),('1001',2012,'9060',5,1,0,5),('1001',2012,'9070',5,1,0,5),('1001',2012,'9090',5,1,0,5),('9060',2012,'5060',5,1,0,3),('5060',2012,'9065',5,1,0,3),('5060',2012,'6500',5,1,0,5),('9090',2012,'1160',5,1,0,3),('1160',2012,'9010',5,1,0,5),('1160',2012,'9030',5,1,0,5),('1160',2012,'9040',5,1,0,5),('1160',2012,'9050',5,1,0,5),('1160',2012,'9060',5,1,0,5),('1160',2012,'9070',5,1,0,5),('1160',2012,'9020',5,1,0,5),('1160',2012,'5000',5,1,0,5),('9090',2012,'1161',5,1,0,3),('1161',2012,'9010',5,1,0,5),('1161',2012,'9030',5,1,0,5),('1161',2012,'9040',5,1,0,5),('1161',2012,'9050',5,1,0,5),('1161',2012,'9060',5,1,0,5),('1161',2012,'9070',5,1,0,5),('1161',2012,'9020',5,1,0,5),('1161',2012,'5000',5,1,0,5),('1074',2012,'9010',5,1,0,5),('1074',2012,'9020',5,1,0,5),('1074',2012,'9030',5,1,0,5),('1074',2012,'9040',5,1,0,5),('1074',2012,'9050',5,1,0,5),('1074',2012,'9060',5,1,0,5),('1074',2012,'9070',5,1,0,5),('1074',2012,'5000',5,1,0,5),('1910',2012,'5110',5,1,0,3),('5110',2012,'6500',5,1,0,5),('1950',2012,'5100',5,1,0,3),('5100',2012,'6500',5,1,0,5),('1902',2012,'9010',5,1,0,5),('1902',2012,'9030',5,1,0,5),('1902',2012,'9040',5,1,0,5),('1902',2012,'9050',5,1,0,5),('1902',2012,'9060',5,1,0,5),('1902',2012,'9070',5,1,0,5),('1902',2012,'9020',5,1,0,5),('1902',2012,'5000',5,1,0,5),('1902',2012,'5100',5,1,0,3),('1032',2012,'9010',5,1,0,5),('1032',2012,'9030',5,1,0,5),('1032',2012,'9040',5,1,0,5),('1032',2012,'9050',5,1,0,5),('1032',2012,'9060',5,1,0,5),('1032',2012,'9070',5,1,0,5),('1032',2012,'9090',5,1,0,5),('1032',2012,'9020',5,1,0,5),('1032',2012,'5000',5,1,0,5),('1000',2012,'9010',5,1,0,5),('1000',2012,'9030',5,1,0,5),('1000',2012,'9040',5,1,0,5),('1000',2012,'9050',5,1,0,5),('1000',2012,'9060',5,1,0,5),('1000',2012,'9070',5,1,0,5),('1000',2012,'9090',5,1,0,5),('1000',2012,'9020',5,1,0,5),('1000',2012,'5000',5,1,0,5),('1972',2012,'5111',5,1,0,3),('5111',2012,'6500',5,1,0,5),('1973',2012,'5112',5,1,0,3),('5112',2012,'6500',5,1,0,5),('1310',2012,'1005',3,1,0,3),('1005',2012,'9010',5,1,0,5),('1005',2012,'9030',5,1,0,5),('1005',2012,'9040',5,1,0,5),('1005',2012,'9050',5,1,0,5),('1005',2012,'9060',5,1,0,5),('1005',2012,'9070',5,1,0,5),('1005',2012,'9090',5,1,0,5),('1005',2012,'9020',5,1,0,5),('1005',2012,'5000',5,1,0,5);
/*!40000 ALTER TABLE `payroll_account_linker` ENABLE KEYS */;
UNLOCK TABLES;

--
-- Table structure for table `payroll_account_mapping`
--

DROP TABLE IF EXISTS `payroll_account_mapping`;
/*!40101 SET @saved_cs_client     = @@character_set_client */;
/*!40101 SET character_set_client = utf8 */;
CREATE TABLE `payroll_account_mapping` (
  `id` int(11) NOT NULL AUTO_INCREMENT,
  `payroll_account_ID` varchar(5) NOT NULL,
  `AccountType` tinyint(4) NOT NULL,
  `Description` varchar(20) NOT NULL,
  `ProcessingMethod` tinyint(4) NOT NULL,
  PRIMARY KEY (`id`)
) ENGINE=InnoDB AUTO_INCREMENT=25 DEFAULT CHARSET=utf8;
/*!40101 SET character_set_client = @saved_cs_client */;

--
-- Dumping data for table `payroll_account_mapping`
--

LOCK TABLES `payroll_account_mapping` WRITE;
/*!40000 ALTER TABLE `payroll_account_mapping` DISABLE KEYS */;
INSERT INTO `payroll_account_mapping` VALUES (1,'1001',3,'Gehalt',2),(2,'1000',2,'Monatslohn',2),(3,'9010',3,'AHV Basis',1),(4,'9015',4,'AHV Lohn',1),(5,'9019',5,'Nicht AHV-pflichtig',1),(6,'9020',6,'ALV Basis',1),(7,'9025',7,'ALV Lohn',1),(8,'9029',8,'Nicht ALV-pflichtig',1),(9,'9027',9,'ALVZ-Lohn',1),(10,'9030',10,'UVG Basis',1),(11,'9035',11,'UVG Lohn',1),(12,'5039',12,'UVG-Netto-Link',1),(13,'9040',13,'UVGZ Basis',1),(14,'9045',14,'UVGZ Lohn',1),(15,'9050',15,'KTG Basis',1),(16,'9055',16,'KTG Lohn',1),(17,'9060',17,'BVG Basis',1),(18,'9065',18,'BVG Lohn',1),(19,'5000',19,'Bruttolohn',1),(20,'6500',20,'Nettolohn',1),(21,'8000',21,'Auszahlung',1),(22,'1005',1,'Stundenlohn',2),(23,'5010',1,'AHV-Beitrag',3),(24,'9999',1,'durchschn. Std-Satz',4);
/*!40000 ALTER TABLE `payroll_account_mapping` ENABLE KEYS */;
UNLOCK TABLES;

--
-- Table structure for table `payroll_attended_time`
--

DROP TABLE IF EXISTS `payroll_attended_time`;
/*!40101 SET @saved_cs_client     = @@character_set_client */;
/*!40101 SET character_set_client = utf8 */;
CREATE TABLE `payroll_attended_time` (
  `id` varchar(2) NOT NULL,
  `percentage` tinyint(4) NOT NULL,
  `attended_time` decimal(5,2) NOT NULL,
  PRIMARY KEY (`id`)
) ENGINE=InnoDB DEFAULT CHARSET=latin1;
/*!40101 SET character_set_client = @saved_cs_client */;

--
-- Dumping data for table `payroll_attended_time`
--

LOCK TABLES `payroll_attended_time` WRITE;
/*!40000 ALTER TABLE `payroll_attended_time` DISABLE KEYS */;
INSERT INTO `payroll_attended_time` VALUES ('0',0,0.00),('1',100,160.00),('2',80,128.00),('3',50,80.00);
/*!40000 ALTER TABLE `payroll_attended_time` ENABLE KEYS */;
UNLOCK TABLES;

--
-- Table structure for table `payroll_calculation_current`
--

DROP TABLE IF EXISTS `payroll_calculation_current`;
/*!40101 SET @saved_cs_client     = @@character_set_client */;
/*!40101 SET character_set_client = utf8 */;
CREATE TABLE `payroll_calculation_current` (
  `id` int(11) NOT NULL AUTO_INCREMENT,
  `payroll_year_ID` smallint(6) NOT NULL,
  `payroll_period_ID` int(11) NOT NULL,
  `payroll_employee_ID` int(11) NOT NULL,
  `payroll_account_ID` varchar(5) NOT NULL,
  `quantity` decimal(12,5) NOT NULL,
  `rate` decimal(12,5) NOT NULL,
  `amount` decimal(12,5) NOT NULL,
  `allowable_workdays` tinyint(4) NOT NULL DEFAULT '0',
  `position` tinyint(4) NOT NULL DEFAULT '0',
  PRIMARY KEY (`id`),
  KEY `fk_payroll_calculation_current_payroll_employee1_idx` (`payroll_employee_ID`),
  KEY `fk_payroll_calculation_current_payroll_account1_idx` (`payroll_account_ID`,`payroll_year_ID`)
) ENGINE=MEMORY AUTO_INCREMENT=55002 DEFAULT CHARSET=latin1;
/*!40101 SET character_set_client = @saved_cs_client */;

--
-- Dumping data for table `payroll_calculation_current`
--

LOCK TABLES `payroll_calculation_current` WRITE;
/*!40000 ALTER TABLE `payroll_calculation_current` DISABLE KEYS */;
INSERT INTO `payroll_calculation_current` VALUES (54995,2012,15,11,'1061',0.00000,125.00000,0.00000,0,0),(54819,2012,15,7,'6500',0.00000,0.00000,2901.05000,0,0),(54646,2012,15,21,'9029',0.00000,0.00000,45500.00000,0,0),(54496,2012,15,10,'9065',0.00000,1.00000,0.00000,0,0),(54322,2012,15,11,'5010',20300.00000,5.05000,-1025.15000,0,0),(54147,2012,15,15,'9120',0.00000,0.00000,5750.00000,0,0),(54876,2012,15,10,'5110',0.00000,1.00000,0.00000,0,0),(54703,2012,15,32,'9020',0.00000,0.00000,32000.00000,0,0),(8837,2012,15,14,'1999',0.00000,0.00000,0.00000,0,0),(54205,2012,15,9,'5050',6400.00000,0.54300,-34.75000,30,0),(54935,2012,15,11,'5000',0.00000,0.00000,20660.00000,0,0),(54761,2012,15,5,'9015',0.00000,0.00000,22000.00000,0,0),(54589,2012,15,18,'9040',0.00000,0.00000,5400.00000,0,0),(54438,2012,15,21,'3000',0.00000,0.00000,380.00000,0,0),(54264,2012,15,5,'5035',16910.00000,0.60900,103.00000,27,0),(54994,2012,15,12,'1061',0.00000,31.25000,0.00000,0,0),(8845,2012,15,22,'1999',0.00000,0.00000,0.00000,0,0),(8846,2012,15,23,'1999',0.00000,0.00000,0.00000,0,0),(54495,2012,15,11,'9065',-1200.00000,1.00000,-1200.00000,0,0),(8848,2012,15,25,'1999',0.00000,0.00000,0.00000,0,0),(8849,2012,15,26,'1999',0.00000,0.00000,0.00000,0,0),(8850,2012,15,27,'1999',0.00000,0.00000,0.00000,0,0),(8851,2012,15,28,'1999',0.00000,0.00000,0.00000,0,0),(8852,2012,15,29,'1999',0.00000,0.00000,0.00000,0,0),(54380,2012,15,7,'5060',16000.00000,1.00000,-5200.00000,0,0),(54204,2012,15,10,'5051',13000.00000,0.67800,-88.15000,30,0),(54934,2012,15,12,'5000',0.00000,0.00000,5700.00000,0,0),(54760,2012,15,6,'9015',0.00000,0.00000,5100.00000,0,0),(8857,2012,15,34,'1999',0.00000,0.00000,0.00000,0,0),(54437,2012,15,21,'1210',30000.00000,1.00000,30000.00000,0,0),(54263,2012,15,5,'5039',-246.90000,1.00000,-246.90000,0,0),(54993,2012,15,13,'1061',0.00000,23.80952,0.00000,0,0),(54818,2012,15,8,'6500',0.00000,0.00000,23845.75000,0,0),(54645,2012,15,30,'9029',0.00000,0.00000,12527.60000,0,0),(54494,2012,15,12,'9065',-300.00000,1.00000,-300.00000,0,0),(54321,2012,15,11,'5013',0.00000,0.00000,1025.15000,0,0),(54146,2012,15,15,'9132',0.00000,0.00000,5750.00000,0,0),(54875,2012,15,11,'5110',0.00000,1.00000,0.00000,0,0),(54702,2012,15,33,'9020',0.00000,0.00000,0.00000,0,0),(54379,2012,15,7,'6002',750.00000,1.00000,750.00000,0,0),(54203,2012,15,11,'5041',2500.00000,0.63400,-15.85000,30,0),(54933,2012,15,13,'5000',0.00000,0.00000,4000.00000,0,0),(54759,2012,15,7,'9015',0.00000,0.00000,16000.00000,0,0),(54588,2012,15,19,'9040',0.00000,0.00000,5000.00000,0,0),(54436,2012,15,21,'5060',90000.00000,1.00000,-5400.00000,0,0),(54262,2012,15,6,'5032',5100.00000,1.19000,-60.70000,0,0),(54992,2012,15,15,'1061',0.00000,29.37500,0.00000,0,0),(54817,2012,15,9,'6500',0.00000,0.00000,5371.75000,0,0),(54644,2012,15,31,'9029',0.00000,0.00000,2533.35000,0,0),(54493,2012,15,13,'9065',-240.00000,1.00000,-240.00000,0,0),(54320,2012,15,11,'5020',17800.00000,1.00000,-178.00000,30,0),(54145,2012,15,15,'9140',0.00000,0.00000,5750.00000,0,0),(54874,2012,15,12,'5110',0.00000,1.00000,0.00000,0,0),(54701,2012,15,5,'9025',0.00000,0.00000,16910.00000,0,0),(54378,2012,15,7,'6040',200.00000,1.00000,200.00000,0,0),(54202,2012,15,11,'5050',20300.00000,0.61000,-123.85000,30,0),(54932,2012,15,15,'5000',0.00000,0.00000,7650.00000,0,0),(54758,2012,15,8,'9015',0.00000,0.00000,19500.00000,0,0),(54587,2012,15,20,'9040',0.00000,0.00000,3000.00000,0,0),(54435,2012,15,21,'5065',10000.00000,1.00000,-10000.00000,0,0),(54261,2012,15,6,'5037',5100.00000,0.53000,27.05000,30,0),(54991,2012,15,16,'1061',0.00000,93.75000,0.00000,0,0),(54816,2012,15,10,'6500',0.00000,0.00000,12396.75000,0,0),(54643,2012,15,32,'9029',0.00000,0.00000,0.00000,0,0),(54492,2012,15,15,'9065',-300.00000,1.00000,-300.00000,0,0),(54319,2012,15,11,'5025',2500.00000,0.50000,-12.50000,30,0),(54144,2012,15,15,'9150',0.00000,0.00000,5750.00000,0,0),(54873,2012,15,13,'5110',0.00000,1.00000,0.00000,0,0),(54700,2012,15,6,'9025',0.00000,0.00000,5100.00000,0,0),(54377,2012,15,8,'1017',15000.00000,1.00000,15000.00000,0,0),(54201,2012,15,12,'5040',4500.00000,0.20100,-9.05000,30,0),(54931,2012,15,16,'5000',0.00000,0.00000,15000.00000,0,0),(54757,2012,15,9,'9015',0.00000,0.00000,6400.00000,0,0),(54586,2012,15,21,'9040',0.00000,0.00000,90000.00000,0,0),(54434,2012,15,21,'6020',2000.00000,1.00000,2000.00000,0,0),(54260,2012,15,6,'5039',-60.70000,1.00000,-60.70000,0,0),(54990,2012,15,17,'1061',0.00000,31.25000,0.00000,0,0),(54815,2012,15,11,'6500',0.00000,0.00000,17892.85000,0,0),(54642,2012,15,33,'9029',0.00000,0.00000,0.00000,0,0),(54491,2012,15,16,'9065',-2000.00000,1.00000,-2000.00000,0,0),(54318,2012,15,11,'5023',0.00000,0.00000,178.00000,0,0),(54143,2012,15,16,'9120',0.00000,0.00000,15000.00000,0,0),(54872,2012,15,15,'5110',0.00000,1.00000,0.00000,0,0),(54699,2012,15,7,'9025',0.00000,0.00000,16000.00000,0,0),(54376,2012,15,8,'1216',3000.00000,1.00000,3000.00000,0,0),(54200,2012,15,12,'5050',5500.00000,0.54300,-29.85000,30,0),(54930,2012,15,17,'5000',0.00000,0.00000,5000.00000,0,0),(54756,2012,15,10,'9015',0.00000,0.00000,10200.00000,0,0),(54585,2012,15,30,'9040',0.00000,0.00000,12527.60000,0,0),(54433,2012,15,32,'2035',3000.00000,1.00000,3000.00000,0,0),(54259,2012,15,7,'5030',16000.00000,1.46000,-233.60000,0,0),(54989,2012,15,18,'1061',0.00000,30.00000,0.00000,0,0),(54814,2012,15,12,'6500',0.00000,0.00000,4962.65000,0,0),(54641,2012,15,5,'9030',0.00000,0.00000,22000.00000,0,0),(54490,2012,15,17,'9065',-300.00000,1.00000,-300.00000,0,0),(54317,2012,15,12,'5010',5500.00000,5.05000,-277.75000,0,0),(54142,2012,15,16,'9130',0.00000,0.00000,15000.00000,0,0),(54871,2012,15,16,'5110',0.00000,1.00000,0.00000,0,0),(54698,2012,15,8,'9025',0.00000,0.00000,17800.00000,0,0),(54375,2012,15,8,'1410',6000.00000,1.00000,6000.00000,0,0),(54199,2012,15,13,'5040',4000.00000,0.20100,-8.05000,30,0),(54929,2012,15,18,'5000',0.00000,0.00000,8400.00000,0,0),(54755,2012,15,11,'9015',0.00000,0.00000,20300.00000,0,0),(54584,2012,15,31,'9040',0.00000,0.00000,5500.00000,0,0),(54432,2012,15,32,'2050',3000.00000,1.00000,-3000.00000,0,0),(54258,2012,15,7,'5035',16000.00000,0.60900,97.45000,30,0),(54988,2012,15,19,'1061',0.00000,62.50000,0.00000,0,0),(54813,2012,15,13,'6500',0.00000,0.00000,3427.15000,0,0),(54640,2012,15,6,'9030',0.00000,0.00000,5100.00000,0,0),(54489,2012,15,18,'9065',0.00000,1.00000,0.00000,0,0),(54316,2012,15,12,'5013',0.00000,0.00000,277.75000,0,0),(54141,2012,15,16,'9140',0.00000,0.00000,15000.00000,0,0),(54870,2012,15,17,'5110',0.00000,1.00000,0.00000,0,0),(54697,2012,15,9,'9025',0.00000,0.00000,6400.00000,0,0),(54374,2012,15,8,'5060',19500.00000,1.00000,-120.00000,0,0),(54198,2012,15,13,'5050',4000.00000,0.61000,-24.40000,30,0),(54928,2012,15,19,'5000',0.00000,0.00000,5100.00000,0,0),(54754,2012,15,12,'9015',0.00000,0.00000,5500.00000,0,0),(54583,2012,15,32,'9040',0.00000,0.00000,32000.00000,0,0),(54431,2012,15,32,'5060',32000.00000,1.00000,-3000.00000,0,0),(54257,2012,15,7,'5039',-233.60000,1.00000,-233.60000,0,0),(54987,2012,15,20,'1061',0.00000,0.00000,0.00000,0,0),(54812,2012,15,15,'6500',0.00000,0.00000,6887.00000,0,0),(54639,2012,15,7,'9030',0.00000,0.00000,16000.00000,0,0),(54488,2012,15,19,'9065',0.00000,1.00000,0.00000,0,0),(54315,2012,15,12,'5020',5500.00000,1.00000,-55.00000,30,0),(54140,2012,15,16,'9150',0.00000,0.00000,15000.00000,0,0),(54869,2012,15,18,'5110',0.00000,1.00000,0.00000,0,0),(54696,2012,15,10,'9025',0.00000,0.00000,0.00000,0,0),(54373,2012,15,9,'5060',6400.00000,1.00000,-500.00000,0,0),(54197,2012,15,15,'5040',5750.00000,0.20100,-11.55000,30,0),(54927,2012,15,20,'5000',0.00000,0.00000,3000.00000,0,0),(54753,2012,15,13,'9015',0.00000,0.00000,4000.00000,0,0),(54582,2012,15,33,'9040',0.00000,0.00000,0.00000,0,0),(54430,2012,15,32,'6010',450.00000,1.00000,450.00000,0,0),(54256,2012,15,8,'5032',17800.00000,1.19000,-211.80000,0,0),(54986,2012,15,21,'1061',0.00000,0.00000,0.00000,0,0),(54811,2012,15,16,'6500',0.00000,0.00000,11980.90000,0,0),(54638,2012,15,8,'9030',0.00000,0.00000,19500.00000,0,0),(54487,2012,15,20,'9065',0.00000,1.00000,0.00000,0,0),(54314,2012,15,12,'5025',0.00000,0.50000,0.00000,30,0),(54139,2012,15,17,'9120',0.00000,0.00000,-5000.00000,0,0),(54868,2012,15,19,'5110',0.00000,1.00000,0.00000,0,0),(54695,2012,15,11,'9025',0.00000,0.00000,17800.00000,0,0),(55001,2012,15,5,'1061',0.00000,137.50000,0.00000,0,0),(54372,2012,15,6,'5060',5100.00000,1.00000,-400.00000,0,0),(54196,2012,15,15,'5050',5750.00000,0.61000,-35.10000,30,0),(54926,2012,15,21,'5000',0.00000,0.00000,90380.00000,0,0),(54752,2012,15,15,'9015',0.00000,0.00000,5750.00000,0,0),(54581,2012,15,5,'9045',0.00000,0.00000,5090.00000,0,0),(54429,2012,15,30,'1055',200.00000,1.00000,200.00000,0,0),(54255,2012,15,8,'5037',17800.00000,0.53000,94.35000,30,0),(54985,2012,15,30,'1061',0.00000,59.30000,0.00000,0,0),(54810,2012,15,17,'6500',0.00000,0.00000,5140.95000,0,0),(54637,2012,15,9,'9030',0.00000,0.00000,6400.00000,0,0),(54486,2012,15,21,'9065',-5400.00000,1.00000,-5400.00000,0,0),(54313,2012,15,12,'5023',0.00000,0.00000,55.00000,0,0),(54138,2012,15,17,'9132',0.00000,0.00000,-8000.00000,0,0),(54867,2012,15,20,'5110',0.00000,1.00000,0.00000,0,0),(54694,2012,15,12,'9025',0.00000,0.00000,5500.00000,0,0),(54544,2012,15,31,'9050',0.00000,0.00000,5500.00000,0,0),(54371,2012,15,5,'5060',22000.00000,1.00000,-1700.00000,0,0),(54195,2012,15,16,'5040',15000.00000,0.20100,-30.15000,30,0),(54925,2012,15,30,'5000',0.00000,0.00000,12527.60000,0,0),(54751,2012,15,16,'9015',0.00000,0.00000,15000.00000,0,0),(54580,2012,15,6,'9045',0.00000,0.00000,5100.00000,0,0),(54428,2012,15,30,'1976',150.00000,1.00000,150.00000,0,0),(54254,2012,15,8,'5039',-211.80000,1.00000,-211.80000,0,0),(54984,2012,15,31,'1061',0.00000,18.75000,0.00000,0,0),(54809,2012,15,18,'6500',0.00000,0.00000,7665.25000,0,0),(54636,2012,15,10,'9030',0.00000,0.00000,13000.00000,0,0),(54485,2012,15,30,'9065',0.00000,1.00000,0.00000,0,0),(54312,2012,15,13,'5010',4000.00000,5.05000,-202.00000,0,0),(54137,2012,15,17,'9140',0.00000,0.00000,-8000.00000,0,0),(54866,2012,15,21,'5110',500.00000,1.00000,-500.00000,0,0),(54693,2012,15,13,'9025',0.00000,0.00000,4000.00000,0,0),(54543,2012,15,32,'9050',0.00000,0.00000,32000.00000,0,0),(54370,2012,15,30,'1310',132.00000,1.00000,0.00000,0,0),(54194,2012,15,16,'5050',15000.00000,0.54300,-81.45000,30,0),(54924,2012,15,31,'5000',0.00000,0.00000,7500.00000,0,0),(54750,2012,15,17,'9015',0.00000,0.00000,-5000.00000,0,0),(54579,2012,15,7,'9045',0.00000,0.00000,16000.00000,0,0),(54427,2012,15,30,'1977',350.00000,1.00000,350.00000,0,0),(54253,2012,15,9,'5030',6400.00000,1.46000,-93.45000,0,0),(54983,2012,15,32,'1061',0.00000,277.77778,0.00000,0,0),(54808,2012,15,19,'6500',0.00000,0.00000,5030.45000,0,0),(54635,2012,15,11,'9030',0.00000,0.00000,20300.00000,0,0),(54484,2012,15,31,'9065',-1800.00000,1.00000,-1800.00000,0,0),(54311,2012,15,13,'5013',0.00000,0.00000,202.00000,0,0),(54136,2012,15,17,'9150',0.00000,0.00000,-5000.00000,0,0),(54865,2012,15,30,'5110',0.00000,1.00000,0.00000,0,0),(54692,2012,15,15,'9025',0.00000,0.00000,5750.00000,0,0),(54542,2012,15,33,'9050',0.00000,0.00000,0.00000,0,0),(54369,2012,15,18,'1310',170.00000,1.00000,0.00000,0,0),(54193,2012,15,17,'5040',-8000.00000,0.20100,16.10000,30,0),(54923,2012,15,32,'5000',0.00000,0.00000,35000.00000,0,0),(54749,2012,15,18,'9015',0.00000,0.00000,5400.00000,0,0),(54578,2012,15,8,'9045',0.00000,0.00000,1700.00000,0,0),(54426,2012,15,30,'1212',4000.00000,1.00000,4000.00000,0,0),(54252,2012,15,9,'5035',6400.00000,0.60900,39.00000,30,0),(54982,2012,15,33,'1061',0.00000,0.00000,0.00000,0,0),(54807,2012,15,20,'6500',0.00000,0.00000,3000.00000,0,0),(54634,2012,15,12,'9030',0.00000,0.00000,4500.00000,0,0),(54483,2012,15,32,'9065',-3000.00000,1.00000,-3000.00000,0,0),(54310,2012,15,13,'5020',4000.00000,1.00000,-40.00000,30,0),(54135,2012,15,18,'9120',0.00000,0.00000,5400.00000,0,0),(54864,2012,15,31,'5110',0.00000,1.00000,0.00000,0,0),(54691,2012,15,16,'9025',0.00000,0.00000,15000.00000,0,0),(54541,2012,15,5,'9055',0.00000,0.00000,22000.00000,0,0),(54368,2012,15,21,'1001',0.00000,0.00000,0.00000,0,0),(54192,2012,15,17,'5050',-5000.00000,0.54300,27.15000,30,0),(54922,2012,15,33,'5000',0.00000,0.00000,0.00000,0,0),(54748,2012,15,19,'9015',0.00000,0.00000,0.00000,0,0),(54577,2012,15,9,'9045',0.00000,0.00000,6400.00000,0,0),(54425,2012,15,30,'6002',320.00000,1.00000,320.00000,0,0),(54251,2012,15,9,'5039',-93.45000,1.00000,-93.45000,0,0),(54981,2012,15,5,'1310',0.00000,1.00000,0.00000,0,0),(54806,2012,15,21,'6500',0.00000,0.00000,69058.50000,0,0),(54633,2012,15,13,'9030',0.00000,0.00000,4000.00000,0,0),(54482,2012,15,33,'9065',0.00000,1.00000,0.00000,0,0),(54309,2012,15,13,'5025',0.00000,0.50000,0.00000,30,0),(54134,2012,15,18,'9132',0.00000,0.00000,5400.00000,0,0),(54863,2012,15,32,'5110',0.00000,1.00000,0.00000,0,0),(54690,2012,15,17,'9025',0.00000,0.00000,-5000.00000,0,0),(54540,2012,15,6,'9055',0.00000,0.00000,5100.00000,0,0),(54367,2012,15,5,'1000',0.00000,0.00000,22000.00000,0,0),(54191,2012,15,18,'5040',5400.00000,0.20100,-10.85000,30,0),(54921,2012,15,5,'5070',0.00000,0.00000,0.00000,0,0),(54747,2012,15,20,'9015',0.00000,0.00000,0.00000,0,0),(54576,2012,15,10,'9045',0.00000,0.00000,0.00000,0,0),(54424,2012,15,30,'6030',155.00000,1.00000,155.00000,0,0),(54250,2012,15,10,'5037',13000.00000,0.53000,68.90000,30,0),(54980,2012,15,6,'1310',0.00000,1.00000,0.00000,0,0),(54805,2012,15,30,'6500',0.00000,0.00000,11812.70000,0,0),(54632,2012,15,15,'9030',0.00000,0.00000,5750.00000,0,0),(54481,2012,15,5,'9070',0.00000,0.00000,22000.00000,0,0),(54308,2012,15,13,'5023',0.00000,0.00000,40.00000,0,0),(54133,2012,15,18,'9140',0.00000,0.00000,5400.00000,0,0),(54862,2012,15,33,'5110',0.00000,1.00000,0.00000,0,0),(54689,2012,15,18,'9025',0.00000,0.00000,5400.00000,0,0),(54539,2012,15,7,'9055',0.00000,0.00000,16000.00000,0,0),(54366,2012,15,7,'1000',0.00000,0.00000,9450.00000,0,0),(54190,2012,15,18,'5050',5400.00000,0.61000,-32.95000,30,0),(54920,2012,15,6,'5070',0.00000,0.00000,0.00000,0,0),(54746,2012,15,21,'9015',0.00000,0.00000,90000.00000,0,0),(54575,2012,15,11,'9045',0.00000,0.00000,2500.00000,0,0),(54423,2012,15,30,'6040',300.00000,1.00000,300.00000,0,0),(54249,2012,15,11,'5032',17800.00000,1.19000,-211.80000,0,0),(54979,2012,15,7,'1310',0.00000,1.00000,0.00000,0,0),(54804,2012,15,31,'6500',0.00000,0.00000,2850.60000,0,0),(54631,2012,15,16,'9030',0.00000,0.00000,15000.00000,0,0),(54480,2012,15,6,'9070',0.00000,0.00000,5100.00000,0,0),(54307,2012,15,15,'5010',5750.00000,5.05000,-290.40000,0,0),(54132,2012,15,18,'9150',0.00000,0.00000,5400.00000,0,0),(54861,2012,15,5,'5111',0.00000,1.00000,0.00000,0,0),(54688,2012,15,19,'9025',0.00000,0.00000,0.00000,0,0),(54538,2012,15,8,'9055',0.00000,0.00000,19500.00000,0,0),(54365,2012,15,8,'1000',0.00000,0.00000,1500.00000,0,0),(54189,2012,15,19,'5040',5000.00000,0.20100,-10.05000,30,0),(54919,2012,15,7,'5070',0.00000,0.00000,0.00000,0,0),(54745,2012,15,30,'9015',0.00000,0.00000,11127.60000,0,0),(54574,2012,15,12,'9045',0.00000,0.00000,4500.00000,0,0),(54422,2012,15,31,'1902',2500.00000,1.00000,2500.00000,0,0),(54248,2012,15,11,'5037',17800.00000,0.53000,94.35000,30,0),(54978,2012,15,8,'1310',0.00000,1.00000,0.00000,0,0),(54803,2012,15,32,'6500',0.00000,0.00000,29839.30000,0,0),(54630,2012,15,17,'9030',0.00000,0.00000,-8000.00000,0,0),(54479,2012,15,7,'9070',0.00000,0.00000,16000.00000,0,0),(54306,2012,15,15,'5013',0.00000,0.00000,290.40000,0,0),(54131,2012,15,19,'9132',0.00000,0.00000,5000.00000,0,0),(54860,2012,15,6,'5111',0.00000,1.00000,0.00000,0,0),(54687,2012,15,20,'9025',0.00000,0.00000,0.00000,0,0),(54537,2012,15,9,'9055',0.00000,0.00000,6400.00000,0,0),(54364,2012,15,9,'1000',0.00000,0.00000,6400.00000,0,0),(54188,2012,15,21,'5051',83333.35000,0.67800,-565.00000,30,0),(54918,2012,15,8,'5070',0.00000,0.00000,0.00000,0,0),(54744,2012,15,31,'9015',0.00000,0.00000,5500.00000,0,0),(54573,2012,15,13,'9045',0.00000,0.00000,4000.00000,0,0),(54421,2012,15,31,'1980',2000.00000,1.00000,2000.00000,0,0),(54247,2012,15,11,'5039',-211.80000,1.00000,-211.80000,0,0),(54977,2012,15,9,'1310',0.00000,1.00000,0.00000,0,0),(54802,2012,15,33,'6500',0.00000,0.00000,0.00000,0,0),(54629,2012,15,18,'9030',0.00000,0.00000,5400.00000,0,0),(54478,2012,15,8,'9070',0.00000,0.00000,25500.00000,0,0),(54305,2012,15,15,'5020',5750.00000,1.00000,-57.50000,30,0),(54130,2012,15,19,'9140',0.00000,0.00000,5000.00000,0,0),(54859,2012,15,7,'5111',0.00000,1.00000,0.00000,0,0),(54686,2012,15,21,'9025',0.00000,0.00000,17800.00000,0,0),(54536,2012,15,10,'9055',0.00000,0.00000,13000.00000,0,0),(54363,2012,15,11,'1000',0.00000,0.00000,20000.00000,0,0),(54187,2012,15,30,'5041',3627.60000,0.63400,-23.00000,30,0),(54917,2012,15,9,'5070',0.00000,0.00000,0.00000,0,0),(54743,2012,15,32,'9015',0.00000,0.00000,32000.00000,0,0),(54572,2012,15,15,'9045',0.00000,0.00000,5750.00000,0,0),(54420,2012,15,31,'5060',5500.00000,1.00000,-1800.00000,0,0),(54246,2012,15,12,'5030',4500.00000,1.46000,-65.70000,0,0),(54976,2012,15,10,'1310',0.00000,1.00000,0.00000,0,0),(54801,2012,15,5,'8000',0.00000,0.00000,18556.90000,0,0),(54628,2012,15,19,'9030',0.00000,0.00000,5000.00000,0,0),(54477,2012,15,9,'9070',0.00000,0.00000,6400.00000,0,0),(54304,2012,15,15,'5025',0.00000,0.50000,0.00000,30,0),(54129,2012,15,21,'9120',0.00000,0.00000,90000.00000,0,0),(54858,2012,15,8,'5111',0.00000,1.00000,0.00000,0,0),(54685,2012,15,30,'9025',0.00000,0.00000,0.00000,0,0),(54535,2012,15,11,'9055',0.00000,0.00000,20300.00000,0,0),(54362,2012,15,12,'1000',0.00000,0.00000,5000.00000,0,0),(54186,2012,15,31,'5041',2146.65000,0.63400,-13.60000,4,0),(54916,2012,15,10,'5070',0.00000,0.00000,0.00000,0,0),(54742,2012,15,33,'9015',0.00000,0.00000,0.00000,0,0),(54571,2012,15,16,'9045',0.00000,0.00000,15000.00000,0,0),(54419,2012,15,31,'6020',500.00000,1.00000,500.00000,0,0),(54245,2012,15,12,'5035',4500.00000,0.60900,27.40000,30,0),(54975,2012,15,11,'1310',0.00000,1.00000,0.00000,0,0),(54800,2012,15,6,'8000',0.00000,0.00000,4289.40000,0,0),(54627,2012,15,20,'9030',0.00000,0.00000,3000.00000,0,0),(54476,2012,15,10,'9070',0.00000,0.00000,13000.00000,0,0),(54303,2012,15,15,'5023',0.00000,0.00000,57.50000,0,0),(54128,2012,15,21,'9151',0.00000,0.00000,90000.00000,0,0),(54857,2012,15,9,'5111',0.00000,1.00000,0.00000,0,0),(54684,2012,15,31,'9025',0.00000,0.00000,1186.65000,0,0),(54534,2012,15,12,'9055',0.00000,0.00000,5500.00000,0,0),(54361,2012,15,13,'1000',0.00000,0.00000,800.00000,0,0),(54185,2012,15,31,'5051',5500.00000,0.67800,-37.30000,4,0),(54915,2012,15,11,'5070',0.00000,0.00000,0.00000,0,0),(54741,2012,15,5,'9019',0.00000,0.00000,0.00000,0,0),(54570,2012,15,17,'9045',0.00000,0.00000,-8000.00000,0,0),(54418,2012,15,31,'6050',800.00000,1.00000,800.00000,0,0),(54244,2012,15,12,'5039',-65.70000,1.00000,-65.70000,0,0),(54974,2012,15,12,'1310',0.00000,1.00000,0.00000,0,0),(54799,2012,15,7,'8000',0.00000,0.00000,3851.05000,0,0),(54626,2012,15,21,'9030',0.00000,0.00000,90000.00000,0,0),(54475,2012,15,11,'9070',0.00000,0.00000,20660.00000,0,0),(54302,2012,15,16,'5010',15000.00000,5.05000,-757.50000,0,0),(54127,2012,15,30,'9130',0.00000,0.00000,12527.60000,0,0),(54856,2012,15,10,'5111',0.00000,1.00000,0.00000,0,0),(54683,2012,15,32,'9025',0.00000,0.00000,17800.00000,0,0),(54533,2012,15,13,'9055',0.00000,0.00000,4000.00000,0,0),(54360,2012,15,15,'1000',0.00000,0.00000,4700.00000,0,0),(54184,2012,15,32,'5040',17800.00000,0.20100,-35.80000,30,0),(54914,2012,15,12,'5070',0.00000,0.00000,0.00000,0,0),(54740,2012,15,6,'9019',0.00000,0.00000,0.00000,0,0),(54569,2012,15,18,'9045',0.00000,0.00000,5400.00000,0,0),(54417,2012,15,31,'6070',300.00000,1.00000,300.00000,0,0),(54243,2012,15,13,'5030',4000.00000,1.46000,-58.40000,0,0),(54973,2012,15,13,'1310',0.00000,1.00000,0.00000,0,0),(54798,2012,15,8,'8000',0.00000,0.00000,23845.75000,0,0),(54625,2012,15,30,'9030',0.00000,0.00000,12527.60000,0,0),(54474,2012,15,12,'9070',0.00000,0.00000,5700.00000,0,0),(54301,2012,15,16,'5013',0.00000,0.00000,757.50000,0,0),(54126,2012,15,30,'9141',0.00000,0.00000,12527.60000,0,0),(54855,2012,15,11,'5111',0.00000,1.00000,0.00000,0,0),(54682,2012,15,33,'9025',0.00000,0.00000,0.00000,0,0),(54532,2012,15,15,'9055',0.00000,0.00000,5750.00000,0,0),(54359,2012,15,16,'1000',0.00000,0.00000,15000.00000,0,0),(54183,2012,15,33,'5040',0.00000,0.20100,0.00000,1,0),(54913,2012,15,13,'5070',0.00000,0.00000,0.00000,0,0),(54739,2012,15,7,'9019',0.00000,0.00000,0.00000,0,0),(54568,2012,15,19,'9045',0.00000,0.00000,5000.00000,0,0),(54416,2012,15,20,'1015',3000.00000,1.00000,3000.00000,0,0),(54242,2012,15,13,'5035',4000.00000,0.60900,24.35000,30,0),(54972,2012,15,15,'1310',0.00000,1.00000,0.00000,0,0),(54797,2012,15,9,'8000',0.00000,0.00000,5371.75000,0,0),(54624,2012,15,31,'9030',0.00000,0.00000,5500.00000,0,0),(54473,2012,15,13,'9070',0.00000,0.00000,4000.00000,0,0),(54300,2012,15,16,'5020',15000.00000,1.00000,-150.00000,30,0),(54125,2012,15,31,'9120',0.00000,0.00000,5500.00000,0,0),(54854,2012,15,12,'5111',0.00000,1.00000,0.00000,0,0),(54681,2012,15,5,'9027',0.00000,0.00000,5090.00000,0,0),(54531,2012,15,16,'9055',0.00000,0.00000,15000.00000,0,0),(54358,2012,15,17,'1000',0.00000,0.00000,5000.00000,0,0),(54182,2012,15,5,'9120',0.00000,0.00000,22000.00000,0,0),(54912,2012,15,15,'5070',0.00000,0.00000,0.00000,0,0),(54738,2012,15,8,'9019',0.00000,0.00000,0.00000,0,0),(54567,2012,15,20,'9045',0.00000,0.00000,0.00000,0,0),(54415,2012,15,20,'6000',500.00000,1.00000,500.00000,0,0),(54241,2012,15,13,'5039',-58.40000,1.00000,-58.40000,0,0),(54971,2012,15,16,'1310',0.00000,1.00000,0.00000,0,0),(54796,2012,15,10,'8000',0.00000,0.00000,12396.75000,0,0),(54623,2012,15,32,'9030',0.00000,0.00000,32000.00000,0,0),(54472,2012,15,15,'9070',0.00000,0.00000,7650.00000,0,0),(54299,2012,15,16,'5025',0.00000,0.50000,0.00000,30,0),(54124,2012,15,31,'9130',0.00000,0.00000,5500.00000,0,0),(54853,2012,15,13,'5111',0.00000,1.00000,0.00000,0,0),(54680,2012,15,6,'9027',0.00000,0.00000,0.00000,0,0),(54530,2012,15,17,'9055',0.00000,0.00000,-5000.00000,0,0),(54357,2012,15,19,'1000',0.00000,0.00000,5000.00000,0,0),(54181,2012,15,5,'9130',0.00000,0.00000,22000.00000,0,0),(54911,2012,15,16,'5070',0.00000,0.00000,0.00000,0,0),(54737,2012,15,9,'9019',0.00000,0.00000,0.00000,0,0),(54566,2012,15,21,'9045',0.00000,0.00000,0.00000,0,0),(54414,2012,15,19,'3031',100.00000,1.00000,100.00000,0,0),(54240,2012,15,15,'5032',5750.00000,1.19000,-68.45000,0,0),(54970,2012,15,17,'1310',0.00000,1.00000,0.00000,0,0),(54795,2012,15,11,'8000',0.00000,0.00000,17892.85000,0,0),(54622,2012,15,33,'9030',0.00000,0.00000,0.00000,0,0),(54471,2012,15,16,'9070',0.00000,0.00000,15000.00000,0,0),(54298,2012,15,16,'5023',0.00000,0.00000,150.00000,0,0),(54123,2012,15,31,'9141',0.00000,0.00000,5500.00000,0,0),(54852,2012,15,15,'5111',0.00000,1.00000,0.00000,0,0),(54679,2012,15,7,'9027',0.00000,0.00000,0.00000,0,0),(54529,2012,15,18,'9055',0.00000,0.00000,5400.00000,0,0),(54356,2012,15,20,'1000',0.00000,0.00000,0.00000,0,0),(54180,2012,15,5,'9141',0.00000,0.00000,22000.00000,0,0),(54910,2012,15,17,'5070',0.00000,0.00000,0.00000,0,0),(54736,2012,15,10,'9019',0.00000,0.00000,2800.00000,0,0),(54565,2012,15,30,'9045',0.00000,0.00000,3627.60000,0,0),(54413,2012,15,10,'1021',3000.00000,1.00000,3000.00000,0,0),(54239,2012,15,15,'5037',5750.00000,0.53000,30.50000,30,0),(54969,2012,15,18,'1310',0.00000,1.00000,0.00000,0,0),(54794,2012,15,12,'8000',0.00000,0.00000,4962.65000,0,0),(54621,2012,15,5,'9035',0.00000,0.00000,16910.00000,0,0),(54470,2012,15,17,'9070',0.00000,0.00000,5000.00000,0,0),(54297,2012,15,17,'5010',-5000.00000,5.05000,252.50000,0,0),(54122,2012,15,31,'9151',0.00000,0.00000,5500.00000,0,0),(54851,2012,15,16,'5111',0.00000,1.00000,0.00000,0,0),(54678,2012,15,8,'9027',0.00000,0.00000,1700.00000,0,0),(54528,2012,15,19,'9055',0.00000,0.00000,0.00000,0,0),(54355,2012,15,31,'1000',0.00000,0.00000,3000.00000,0,0),(54179,2012,15,5,'9151',0.00000,0.00000,22000.00000,0,0),(54909,2012,15,18,'5070',0.00000,0.00000,0.00000,0,0),(54735,2012,15,11,'9019',0.00000,0.00000,0.00000,0,0),(54564,2012,15,31,'9045',0.00000,0.00000,2146.65000,0,0),(54412,2012,15,10,'1018',10000.00000,1.00000,10000.00000,0,0),(54238,2012,15,15,'5039',-68.45000,1.00000,-68.45000,0,0),(54968,2012,15,19,'1310',0.00000,1.00000,0.00000,0,0),(54793,2012,15,13,'8000',0.00000,0.00000,3427.15000,0,0),(54620,2012,15,6,'9035',0.00000,0.00000,5100.00000,0,0),(54469,2012,15,18,'9070',0.00000,0.00000,8400.00000,0,0),(54296,2012,15,17,'5013',0.00000,0.00000,-252.50000,0,0),(54121,2012,15,32,'9120',0.00000,0.00000,32000.00000,0,0),(54850,2012,15,17,'5111',0.00000,1.00000,0.00000,0,0),(54677,2012,15,9,'9027',0.00000,0.00000,0.00000,0,0),(54527,2012,15,20,'9055',0.00000,0.00000,0.00000,0,0),(54354,2012,15,32,'1000',0.00000,0.00000,35000.00000,0,0),(54178,2012,15,6,'9120',0.00000,0.00000,5100.00000,0,0),(54908,2012,15,19,'5070',0.00000,0.00000,0.00000,0,0),(54734,2012,15,12,'9019',0.00000,0.00000,0.00000,0,0),(54563,2012,15,32,'9045',0.00000,0.00000,17800.00000,0,0),(54411,2012,15,11,'3000',0.00000,0.00000,360.00000,0,0),(54237,2012,15,16,'5039',-219.00000,0.00000,0.00000,0,0),(54967,2012,15,20,'1310',0.00000,1.00000,0.00000,0,0),(54792,2012,15,15,'8000',0.00000,0.00000,6887.00000,0,0),(54619,2012,15,7,'9035',0.00000,0.00000,16000.00000,0,0),(54468,2012,15,19,'9070',0.00000,0.00000,5100.00000,0,0),(54295,2012,15,17,'5020',-5000.00000,1.00000,50.00000,30,0),(54120,2012,15,32,'9130',0.00000,0.00000,32000.00000,0,0),(9282,2012,15,34,'5020',0.00000,0.00000,0.00000,11,0),(54676,2012,15,10,'9027',0.00000,0.00000,0.00000,0,0),(54526,2012,15,21,'9055',0.00000,0.00000,83333.35000,0,0),(54353,2012,15,6,'1005',170.00000,30.00000,5100.00000,0,0),(54177,2012,15,6,'9132',0.00000,0.00000,5100.00000,0,0),(54907,2012,15,20,'5070',0.00000,0.00000,0.00000,0,0),(54733,2012,15,13,'9019',0.00000,0.00000,0.00000,0,0),(54562,2012,15,33,'9045',0.00000,0.00000,0.00000,0,0),(54410,2012,15,11,'1072',300.00000,1.00000,300.00000,0,0),(54236,2012,15,16,'5030',15000.00000,1.46000,-219.00000,0,0),(54966,2012,15,21,'1310',0.00000,1.00000,0.00000,0,0),(9293,2012,15,34,'5025',0.00000,0.00000,0.00000,11,0),(54618,2012,15,8,'9035',0.00000,0.00000,17800.00000,0,0),(54467,2012,15,20,'9070',0.00000,0.00000,3000.00000,0,0),(54294,2012,15,17,'5025',0.00000,0.50000,0.00000,30,0),(54119,2012,15,32,'9140',0.00000,0.00000,32000.00000,0,0),(54849,2012,15,18,'5111',300.00000,1.00000,-300.00000,0,0),(54675,2012,15,11,'9027',0.00000,0.00000,2500.00000,0,0),(54525,2012,15,30,'9055',0.00000,0.00000,0.00000,0,0),(54352,2012,15,18,'1005',170.00000,30.00000,5100.00000,0,0),(54176,2012,15,6,'9140',0.00000,0.00000,5100.00000,0,0),(54906,2012,15,21,'5070',0.00000,0.00000,0.00000,0,0),(9304,2012,15,34,'5035',0.00000,0.00000,0.00000,11,0),(54561,2012,15,5,'9050',0.00000,0.00000,22000.00000,0,0),(54409,2012,15,11,'5060',20300.00000,1.00000,-1200.00000,0,0),(54235,2012,15,16,'5035',15000.00000,0.60900,91.35000,30,0),(54965,2012,15,30,'1310',0.00000,1.00000,0.00000,0,0),(54791,2012,15,16,'8000',0.00000,0.00000,11980.90000,0,0),(54617,2012,15,9,'9035',0.00000,0.00000,6400.00000,0,0),(54466,2012,15,21,'9070',0.00000,0.00000,90380.00000,0,0),(54293,2012,15,17,'5023',0.00000,0.00000,-50.00000,0,0),(54118,2012,15,33,'9120',0.00000,0.00000,0.00000,0,0),(54848,2012,15,19,'5111',0.00000,1.00000,0.00000,0,0),(9315,2012,15,34,'5036',0.00000,0.00000,0.00000,11,0),(54524,2012,15,31,'9055',0.00000,0.00000,5500.00000,0,0),(54351,2012,15,30,'1005',132.00000,59.30000,7827.60000,0,0),(54175,2012,15,6,'9150',0.00000,0.00000,5100.00000,0,0),(54905,2012,15,30,'5070',0.00000,0.00000,0.00000,0,0),(54732,2012,15,15,'9019',0.00000,0.00000,0.00000,0,0),(54560,2012,15,6,'9050',0.00000,0.00000,5100.00000,0,0),(54408,2012,15,33,'1330',10.00000,1.00000,10.00000,0,0),(54234,2012,15,17,'5032',-8000.00000,1.19000,95.20000,0,0),(54964,2012,15,31,'1310',0.00000,1.00000,0.00000,0,0),(54790,2012,15,17,'8000',0.00000,0.00000,5140.95000,0,0),(9326,2012,15,34,'5037',0.00000,0.00000,0.00000,11,0),(54465,2012,15,30,'9070',0.00000,0.00000,12527.60000,0,0),(54292,2012,15,18,'5010',5400.00000,5.05000,-272.70000,0,0),(54117,2012,15,33,'9130',0.00000,0.00000,0.00000,0,0),(54847,2012,15,20,'5111',0.00000,1.00000,0.00000,0,0),(54674,2012,15,12,'9027',0.00000,0.00000,0.00000,0,0),(54523,2012,15,32,'9055',0.00000,0.00000,0.00000,0,0),(54350,2012,15,33,'1005',0.00000,0.00000,0.00000,0,0),(54174,2012,15,7,'9120',0.00000,0.00000,16000.00000,0,0),(54904,2012,15,31,'5070',0.00000,0.00000,0.00000,0,0),(54731,2012,15,16,'9019',0.00000,0.00000,0.00000,0,0),(9337,2012,15,34,'5040',0.00000,0.00000,0.00000,11,0),(54407,2012,15,33,'1330',10.00000,1.00000,10.00000,0,0),(54233,2012,15,17,'5037',-8000.00000,0.53000,-42.40000,30,0),(54963,2012,15,32,'1310',0.00000,1.00000,0.00000,0,0),(54789,2012,15,18,'8000',0.00000,0.00000,7665.25000,0,0),(54616,2012,15,10,'9035',0.00000,0.00000,13000.00000,0,0),(54464,2012,15,31,'9070',0.00000,0.00000,5500.00000,0,0),(54291,2012,15,18,'5013',0.00000,0.00000,272.70000,0,0),(54116,2012,15,33,'9140',0.00000,0.00000,0.00000,0,0),(54846,2012,15,21,'5111',0.00000,1.00000,0.00000,0,0),(54673,2012,15,13,'9027',0.00000,0.00000,0.00000,0,0),(9348,2012,15,34,'5041',0.00000,0.00000,0.00000,11,0),(54349,2012,15,5,'5010',22000.00000,5.05000,-1111.00000,0,0),(54173,2012,15,7,'9130',0.00000,0.00000,16000.00000,0,0),(54903,2012,15,32,'5070',0.00000,0.00000,0.00000,0,0),(54730,2012,15,17,'9019',0.00000,0.00000,0.00000,0,0),(54559,2012,15,7,'9050',0.00000,0.00000,16000.00000,0,0),(54406,2012,15,12,'1101',500.00000,1.00000,500.00000,0,0),(54232,2012,15,17,'5039',95.20000,1.00000,95.20000,0,0),(54962,2012,15,33,'1310',0.00000,1.00000,0.00000,0,0),(54788,2012,15,19,'8000',0.00000,0.00000,5030.45000,0,0),(54615,2012,15,11,'9035',0.00000,0.00000,17800.00000,0,0),(9359,2012,15,34,'5050',0.00000,0.00000,0.00000,11,0),(54290,2012,15,18,'5020',5400.00000,1.00000,-54.00000,30,0),(54115,2012,15,6,'1310',170.00000,1.00000,0.00000,0,0),(54845,2012,15,30,'5111',0.00000,1.00000,0.00000,0,0),(54672,2012,15,15,'9027',0.00000,0.00000,0.00000,0,0),(54522,2012,15,33,'9055',0.00000,0.00000,0.00000,0,0),(54348,2012,15,5,'5013',0.00000,0.00000,1111.00000,0,0),(54172,2012,15,7,'9140',0.00000,0.00000,16000.00000,0,0),(54902,2012,15,33,'5070',0.00000,0.00000,0.00000,0,0),(54729,2012,15,18,'9019',0.00000,0.00000,0.00000,0,0),(54558,2012,15,8,'9050',0.00000,0.00000,19500.00000,0,0),(9370,2012,15,34,'5051',0.00000,0.00000,0.00000,11,0),(54231,2012,15,18,'5032',5400.00000,1.19000,-64.25000,0,0),(54961,2012,15,5,'1999',0.00000,0.00000,0.00000,0,0),(54787,2012,15,20,'8000',0.00000,0.00000,3500.00000,0,0),(54614,2012,15,12,'9035',0.00000,0.00000,4500.00000,0,0),(54463,2012,15,32,'9070',0.00000,0.00000,35000.00000,0,0),(54289,2012,15,18,'5025',0.00000,0.50000,0.00000,30,0),(54114,2012,15,5,'9999',0.00000,0.00000,137.50000,0,0),(54844,2012,15,31,'5111',0.00000,1.00000,0.00000,0,0),(54671,2012,15,16,'9027',0.00000,0.00000,0.00000,0,0),(54521,2012,15,5,'9060',0.00000,0.00000,22000.00000,0,0),(54347,2012,15,5,'5020',16910.00000,1.00000,-169.10000,27,0),(54171,2012,15,7,'9141',0.00000,0.00000,16000.00000,0,0),(54901,2012,15,5,'5100',0.00000,1.00000,0.00000,0,0),(54728,2012,15,19,'9019',0.00000,0.00000,5000.00000,0,0),(54557,2012,15,9,'9050',0.00000,0.00000,6400.00000,0,0),(54405,2012,15,12,'3030',200.00000,1.00000,200.00000,0,0),(54230,2012,15,18,'5037',5400.00000,0.53000,28.60000,30,0),(54960,2012,15,6,'1999',0.00000,0.00000,0.00000,0,0),(54786,2012,15,21,'8000',0.00000,0.00000,71058.50000,0,0),(54613,2012,15,13,'9035',0.00000,0.00000,4000.00000,0,0),(54462,2012,15,33,'9070',0.00000,0.00000,0.00000,0,0),(54288,2012,15,18,'5023',0.00000,0.00000,54.00000,0,0),(54113,2012,15,6,'9999',0.00000,0.00000,30.00000,0,0),(54843,2012,15,32,'5111',0.00000,1.00000,0.00000,0,0),(54670,2012,15,17,'9027',0.00000,0.00000,0.00000,0,0),(54520,2012,15,6,'9060',0.00000,0.00000,5100.00000,0,0),(54346,2012,15,5,'5025',5090.00000,0.50000,-25.45000,27,0),(54170,2012,15,7,'9151',0.00000,0.00000,16000.00000,0,0),(54900,2012,15,6,'5100',0.00000,1.00000,0.00000,0,0),(54727,2012,15,20,'9019',0.00000,0.00000,3000.00000,0,0),(54556,2012,15,10,'9050',0.00000,0.00000,13000.00000,0,0),(54404,2012,15,12,'2000',1000.00000,1.00000,1000.00000,0,0),(54229,2012,15,18,'5039',-64.25000,1.00000,-64.25000,0,0),(54959,2012,15,7,'1999',0.00000,0.00000,0.00000,0,0),(54785,2012,15,30,'8000',0.00000,0.00000,12587.70000,0,0),(54612,2012,15,15,'9035',0.00000,0.00000,5750.00000,0,0),(54461,2012,15,5,'9090',0.00000,0.00000,22000.00000,0,0),(54287,2012,15,21,'5010',90000.00000,5.05000,-4545.00000,0,0),(54112,2012,15,7,'9999',0.00000,0.00000,59.06250,0,0),(54842,2012,15,33,'5111',0.00000,1.00000,0.00000,0,0),(54669,2012,15,18,'9027',0.00000,0.00000,0.00000,0,0),(54519,2012,15,7,'9060',0.00000,0.00000,16000.00000,0,0),(54345,2012,15,5,'5023',0.00000,0.00000,169.10000,0,0),(54169,2012,15,8,'9120',0.00000,0.00000,19500.00000,0,0),(54899,2012,15,7,'5100',1150.00000,1.00000,-1150.00000,0,0),(54726,2012,15,21,'9019',0.00000,0.00000,0.00000,0,0),(54555,2012,15,11,'9050',0.00000,0.00000,20300.00000,0,0),(54403,2012,15,12,'2005',800.00000,1.00000,800.00000,0,0),(54228,2012,15,19,'5032',5000.00000,1.19000,-59.50000,0,0),(54958,2012,15,8,'1999',0.00000,0.00000,0.00000,0,0),(54784,2012,15,31,'8000',0.00000,0.00000,4450.60000,0,0),(54611,2012,15,16,'9035',0.00000,0.00000,15000.00000,0,0),(54460,2012,15,6,'9090',0.00000,0.00000,5100.00000,0,0),(54286,2012,15,21,'5013',0.00000,0.00000,4545.00000,0,0),(54111,2012,15,8,'9999',0.00000,0.00000,9.37500,0,0),(54841,2012,15,5,'5112',0.00000,1.00000,0.00000,0,0),(54668,2012,15,19,'9027',0.00000,0.00000,0.00000,0,0),(54518,2012,15,8,'9060',0.00000,0.00000,19500.00000,0,0),(54344,2012,15,6,'5010',5100.00000,5.05000,-257.55000,0,0),(54168,2012,15,8,'9132',0.00000,0.00000,19500.00000,0,0),(54898,2012,15,8,'5100',0.00000,1.00000,0.00000,0,0),(54725,2012,15,30,'9019',0.00000,0.00000,1400.00000,0,0),(54554,2012,15,12,'9050',0.00000,0.00000,5500.00000,0,0),(54402,2012,15,12,'2050',1800.00000,1.00000,-1800.00000,0,0),(54227,2012,15,19,'5037',5000.00000,0.53000,26.50000,30,0),(54957,2012,15,9,'1999',0.00000,0.00000,0.00000,0,0),(54783,2012,15,32,'8000',0.00000,0.00000,30289.30000,0,0),(54610,2012,15,17,'9035',0.00000,0.00000,-8000.00000,0,0),(54459,2012,15,7,'9090',0.00000,0.00000,9450.00000,0,0),(54285,2012,15,21,'5020',17800.00000,1.00000,-178.00000,30,0),(54110,2012,15,9,'9999',0.00000,0.00000,40.00000,0,0),(54840,2012,15,6,'5112',0.00000,1.00000,0.00000,0,0),(54667,2012,15,20,'9027',0.00000,0.00000,0.00000,0,0),(54517,2012,15,9,'9060',0.00000,0.00000,6400.00000,0,0),(54343,2012,15,6,'5013',0.00000,0.00000,257.55000,0,0),(54167,2012,15,8,'9141',0.00000,0.00000,19500.00000,0,0),(54897,2012,15,9,'5100',0.00000,1.00000,0.00000,0,0),(54724,2012,15,31,'9019',0.00000,0.00000,0.00000,0,0),(54553,2012,15,13,'9050',0.00000,0.00000,4000.00000,0,0),(54401,2012,15,12,'5060',5500.00000,1.00000,-300.00000,0,0),(54226,2012,15,19,'5039',-59.50000,1.00000,-59.50000,0,0),(54956,2012,15,10,'1999',0.00000,0.00000,0.00000,0,0),(54782,2012,15,33,'8000',0.00000,0.00000,0.00000,0,0),(54609,2012,15,18,'9035',0.00000,0.00000,5400.00000,0,0),(54458,2012,15,8,'9090',0.00000,0.00000,16500.00000,0,0),(54284,2012,15,21,'5025',26700.00000,0.50000,-133.50000,30,0),(54109,2012,15,10,'9999',0.00000,0.00000,0.00000,0,0),(54839,2012,15,7,'5112',5000.00000,1.00000,-5000.00000,0,0),(54666,2012,15,21,'9027',0.00000,0.00000,26700.00000,0,0),(54516,2012,15,10,'9060',0.00000,0.00000,13000.00000,0,0),(54342,2012,15,6,'5020',5100.00000,1.00000,-51.00000,30,0),(54166,2012,15,8,'9151',0.00000,0.00000,19500.00000,0,0),(54896,2012,15,10,'5100',0.00000,1.00000,0.00000,0,0),(54723,2012,15,32,'9019',0.00000,0.00000,0.00000,0,0),(54552,2012,15,15,'9050',0.00000,0.00000,5750.00000,0,0),(54400,2012,15,18,'1972',300.00000,1.00000,300.00000,0,0),(54225,2012,15,30,'5030',8900.00000,1.46000,-129.95000,0,0),(54955,2012,15,11,'1999',0.00000,0.00000,0.00000,0,0),(54781,2012,15,5,'9010',0.00000,0.00000,22000.00000,0,0),(54608,2012,15,19,'9035',0.00000,0.00000,5000.00000,0,0),(54457,2012,15,9,'9090',0.00000,0.00000,6400.00000,0,0),(54283,2012,15,21,'5023',0.00000,0.00000,178.00000,0,0),(54108,2012,15,11,'9999',0.00000,0.00000,125.00000,0,0),(54838,2012,15,8,'5112',0.00000,1.00000,0.00000,0,0),(54665,2012,15,30,'9027',0.00000,0.00000,0.00000,0,0),(54515,2012,15,11,'9060',0.00000,0.00000,20300.00000,0,0),(54341,2012,15,6,'5025',0.00000,0.50000,0.00000,30,0),(54165,2012,15,9,'9120',0.00000,0.00000,6400.00000,0,0),(54895,2012,15,11,'5100',0.00000,1.00000,0.00000,0,0),(54722,2012,15,33,'9019',0.00000,0.00000,0.00000,0,0),(54551,2012,15,16,'9050',0.00000,0.00000,15000.00000,0,0),(54399,2012,15,18,'2030',2500.00000,1.00000,2500.00000,0,0),(54224,2012,15,30,'5035',8900.00000,0.60900,54.20000,30,0),(54954,2012,15,12,'1999',0.00000,0.00000,0.00000,0,0),(54780,2012,15,6,'9010',0.00000,0.00000,5100.00000,0,0),(54607,2012,15,20,'9035',0.00000,0.00000,0.00000,0,0),(54456,2012,15,10,'9090',0.00000,0.00000,13000.00000,0,0),(54282,2012,15,30,'5010',11127.60000,5.05000,-561.95000,0,0),(54107,2012,15,12,'9999',0.00000,0.00000,31.25000,0,0),(54837,2012,15,9,'5112',0.00000,1.00000,0.00000,0,0),(54664,2012,15,31,'9027',0.00000,0.00000,1780.00000,0,0),(54514,2012,15,12,'9060',0.00000,0.00000,5500.00000,0,0),(54340,2012,15,6,'5023',0.00000,0.00000,51.00000,0,0),(54164,2012,15,9,'9130',0.00000,0.00000,6400.00000,0,0),(54894,2012,15,12,'5100',0.00000,1.00000,0.00000,0,0),(54721,2012,15,5,'9020',0.00000,0.00000,22000.00000,0,0),(54550,2012,15,17,'9050',0.00000,0.00000,-5000.00000,0,0),(54398,2012,15,18,'2035',500.00000,1.00000,500.00000,0,0),(54223,2012,15,30,'5039',-129.95000,1.00000,-129.95000,0,0),(54953,2012,15,13,'1999',0.00000,0.00000,0.00000,0,0),(54779,2012,15,7,'9010',0.00000,0.00000,16000.00000,0,0),(54606,2012,15,21,'9035',0.00000,0.00000,0.00000,0,0),(54455,2012,15,11,'9090',0.00000,0.00000,20300.00000,0,0),(54281,2012,15,30,'5013',0.00000,0.00000,561.95000,0,0),(54106,2012,15,13,'9999',0.00000,0.00000,23.80952,0,0),(54836,2012,15,10,'5112',0.00000,1.00000,0.00000,0,0),(54663,2012,15,32,'9027',0.00000,0.00000,14200.00000,0,0),(54513,2012,15,13,'9060',0.00000,0.00000,4000.00000,0,0),(54339,2012,15,7,'5010',16000.00000,5.05000,-808.00000,0,0),(54163,2012,15,9,'9140',0.00000,0.00000,6400.00000,0,0),(54893,2012,15,13,'5100',0.00000,1.00000,0.00000,0,0),(54720,2012,15,6,'9020',0.00000,0.00000,5100.00000,0,0),(54549,2012,15,18,'9050',0.00000,0.00000,5400.00000,0,0),(54397,2012,15,15,'1200',450.00000,1.00000,450.00000,0,0),(54222,2012,15,31,'5039',-17.35000,0.00000,0.00000,0,0),(54952,2012,15,15,'1999',0.00000,0.00000,0.00000,0,0),(54778,2012,15,8,'9010',0.00000,0.00000,19500.00000,0,0),(54605,2012,15,30,'9035',0.00000,0.00000,8900.00000,0,0),(54454,2012,15,12,'9090',0.00000,0.00000,5500.00000,0,0),(54280,2012,15,31,'5010',5500.00000,5.05000,-277.75000,0,0),(54105,2012,15,15,'9999',0.00000,0.00000,29.37500,0,0),(54835,2012,15,11,'5112',0.00000,1.00000,0.00000,0,0),(54662,2012,15,33,'9027',0.00000,0.00000,0.00000,0,0),(54512,2012,15,15,'9060',0.00000,0.00000,5750.00000,0,0),(54338,2012,15,7,'5013',0.00000,0.00000,808.00000,0,0),(54162,2012,15,9,'9150',0.00000,0.00000,6400.00000,0,0),(54892,2012,15,15,'5100',0.00000,1.00000,0.00000,0,0),(54719,2012,15,7,'9020',0.00000,0.00000,16000.00000,0,0),(54548,2012,15,19,'9050',0.00000,0.00000,5000.00000,0,0),(54396,2012,15,15,'1215',300.00000,1.00000,300.00000,0,0),(54221,2012,15,31,'5030',1186.65000,1.46000,-17.35000,0,0),(54951,2012,15,16,'1999',0.00000,0.00000,0.00000,0,0),(54777,2012,15,9,'9010',0.00000,0.00000,6400.00000,0,0),(54604,2012,15,31,'9035',0.00000,0.00000,1186.65000,0,0),(54453,2012,15,13,'9090',0.00000,0.00000,800.00000,0,0),(54279,2012,15,31,'5013',0.00000,0.00000,277.75000,0,0),(54104,2012,15,16,'9999',0.00000,0.00000,93.75000,0,0),(54834,2012,15,12,'5112',0.00000,1.00000,0.00000,0,0),(54661,2012,15,5,'9029',0.00000,0.00000,0.00000,0,0),(54511,2012,15,16,'9060',0.00000,0.00000,15000.00000,0,0),(54337,2012,15,7,'5020',16000.00000,1.00000,-160.00000,30,0),(54161,2012,15,10,'9132',0.00000,0.00000,13000.00000,0,0),(54891,2012,15,16,'5100',0.00000,1.00000,0.00000,0,0),(54718,2012,15,8,'9020',0.00000,0.00000,19500.00000,0,0),(54395,2012,15,15,'3034',150.00000,1.00000,150.00000,0,0),(54220,2012,15,31,'5035',1186.65000,0.60900,7.25000,4,0),(54950,2012,15,17,'1999',0.00000,0.00000,0.00000,0,0),(54776,2012,15,10,'9010',0.00000,0.00000,13000.00000,0,0),(54603,2012,15,32,'9035',0.00000,0.00000,17800.00000,0,0),(54452,2012,15,15,'9090',0.00000,0.00000,5450.00000,0,0),(54278,2012,15,31,'5020',1186.65000,1.00000,-11.85000,4,0),(54103,2012,15,17,'9999',0.00000,0.00000,31.25000,0,0),(54833,2012,15,13,'5112',0.00000,1.00000,0.00000,0,0),(54660,2012,15,6,'9029',0.00000,0.00000,0.00000,0,0),(54510,2012,15,17,'9060',0.00000,0.00000,-5000.00000,0,0),(54336,2012,15,7,'5025',0.00000,0.50000,0.00000,30,0),(54160,2012,15,10,'9151',0.00000,0.00000,13000.00000,0,0),(54890,2012,15,17,'5100',0.00000,1.00000,0.00000,0,0),(54717,2012,15,9,'9020',0.00000,0.00000,6400.00000,0,0),(54394,2012,15,15,'1065',300.00000,1.00000,300.00000,0,0),(54219,2012,15,32,'5030',17800.00000,1.46000,-259.90000,0,0),(54949,2012,15,18,'1999',0.00000,0.00000,0.00000,0,0),(54775,2012,15,11,'9010',0.00000,0.00000,20300.00000,0,0),(54602,2012,15,33,'9035',0.00000,0.00000,0.00000,0,0),(54451,2012,15,16,'9090',0.00000,0.00000,15000.00000,0,0),(54277,2012,15,31,'5025',1780.00000,0.50000,-8.90000,4,0),(54102,2012,15,18,'9999',0.00000,0.00000,30.00000,0,0),(54832,2012,15,15,'5112',0.00000,1.00000,0.00000,0,0),(54659,2012,15,7,'9029',0.00000,0.00000,0.00000,0,0),(54509,2012,15,18,'9060',0.00000,0.00000,5400.00000,0,0),(54335,2012,15,7,'5023',0.00000,0.00000,160.00000,0,0),(54159,2012,15,11,'9120',0.00000,0.00000,20300.00000,0,0),(54889,2012,15,18,'5100',0.00000,1.00000,0.00000,0,0),(54716,2012,15,10,'9020',0.00000,0.00000,13000.00000,0,0),(54393,2012,15,15,'1410',1750.00000,1.00000,1750.00000,0,0),(54218,2012,15,32,'5035',17800.00000,0.60900,108.40000,30,0),(54948,2012,15,19,'1999',0.00000,0.00000,0.00000,0,0),(54774,2012,15,12,'9010',0.00000,0.00000,5500.00000,0,0),(54601,2012,15,5,'9040',0.00000,0.00000,22000.00000,0,0),(54450,2012,15,17,'9090',0.00000,0.00000,5000.00000,0,0),(54276,2012,15,31,'5023',0.00000,0.00000,11.85000,0,0),(54101,2012,15,19,'9999',0.00000,0.00000,62.50000,0,0),(54831,2012,15,16,'5112',0.00000,1.00000,0.00000,0,0),(54658,2012,15,8,'9029',0.00000,0.00000,0.00000,0,0),(54508,2012,15,19,'9060',0.00000,0.00000,5000.00000,0,0),(54334,2012,15,8,'5010',19500.00000,5.05000,-984.75000,0,0),(54158,2012,15,11,'9132',0.00000,0.00000,20300.00000,0,0),(54888,2012,15,19,'5100',0.00000,1.00000,0.00000,0,0),(54715,2012,15,11,'9020',0.00000,0.00000,20300.00000,0,0),(54392,2012,15,15,'5060',5750.00000,1.00000,-300.00000,0,0),(54217,2012,15,32,'5039',-259.90000,1.00000,-259.90000,0,0),(54947,2012,15,20,'1999',0.00000,0.00000,0.00000,0,0),(54773,2012,15,13,'9010',0.00000,0.00000,4000.00000,0,0),(54600,2012,15,6,'9040',0.00000,0.00000,5100.00000,0,0),(54449,2012,15,18,'9090',0.00000,0.00000,5100.00000,0,0),(54275,2012,15,32,'5010',32000.00000,5.05000,-1616.00000,0,0),(54100,2012,15,20,'9999',0.00000,0.00000,0.00000,0,0),(54830,2012,15,17,'5112',0.00000,1.00000,0.00000,0,0),(54657,2012,15,9,'9029',0.00000,0.00000,0.00000,0,0),(54507,2012,15,20,'9060',0.00000,0.00000,3000.00000,0,0),(54333,2012,15,8,'5013',0.00000,0.00000,984.75000,0,0),(54157,2012,15,11,'9141',0.00000,0.00000,20300.00000,0,0),(54887,2012,15,20,'5100',0.00000,1.00000,0.00000,0,0),(54714,2012,15,12,'9020',0.00000,0.00000,5500.00000,0,0),(54391,2012,15,16,'5060',15000.00000,1.00000,-2000.00000,0,0),(54216,2012,15,33,'5035',0.00000,0.60900,0.00000,1,0),(54946,2012,15,21,'1999',0.00000,0.00000,0.00000,0,0),(54772,2012,15,15,'9010',0.00000,0.00000,5750.00000,0,0),(54599,2012,15,7,'9040',0.00000,0.00000,16000.00000,0,0),(54448,2012,15,19,'9090',0.00000,0.00000,5000.00000,0,0),(54274,2012,15,32,'5013',0.00000,0.00000,1616.00000,0,0),(54099,2012,15,21,'9999',0.00000,0.00000,0.00000,0,0),(54829,2012,15,18,'5112',0.00000,1.00000,0.00000,0,0),(54656,2012,15,10,'9029',0.00000,0.00000,13000.00000,0,0),(54506,2012,15,21,'9060',0.00000,0.00000,90000.00000,0,0),(54332,2012,15,8,'5020',17800.00000,1.00000,-178.00000,30,0),(54156,2012,15,11,'9150',0.00000,0.00000,20300.00000,0,0),(54886,2012,15,21,'5100',0.00000,1.00000,0.00000,0,0),(54713,2012,15,13,'9020',0.00000,0.00000,4000.00000,0,0),(54390,2012,15,17,'2020',2000.00000,1.00000,2000.00000,0,0),(54215,2012,15,5,'5041',5090.00000,0.63400,-32.25000,27,0),(54945,2012,15,30,'1999',0.00000,0.00000,0.00000,0,0),(54771,2012,15,16,'9010',0.00000,0.00000,15000.00000,0,0),(54598,2012,15,8,'9040',0.00000,0.00000,19500.00000,0,0),(54447,2012,15,20,'9090',0.00000,0.00000,3000.00000,0,0),(54273,2012,15,32,'5020',17800.00000,1.00000,-178.00000,30,0),(54098,2012,15,30,'9999',0.00000,0.00000,59.30000,0,0),(54828,2012,15,19,'5112',0.00000,1.00000,0.00000,0,0),(54655,2012,15,11,'9029',0.00000,0.00000,0.00000,0,0),(54505,2012,15,30,'9060',0.00000,0.00000,12527.60000,0,0),(54331,2012,15,8,'5025',1700.00000,0.50000,-8.50000,30,0),(54155,2012,15,12,'9120',0.00000,0.00000,5500.00000,0,0),(54885,2012,15,30,'5100',0.00000,1.00000,0.00000,0,0),(54712,2012,15,15,'9020',0.00000,0.00000,5750.00000,0,0),(54389,2012,15,17,'2025',1000.00000,1.00000,1000.00000,0,0),(54214,2012,15,5,'5051',22000.00000,0.72000,-158.40000,27,0),(54944,2012,15,31,'1999',0.00000,0.00000,0.00000,0,0),(54770,2012,15,17,'9010',0.00000,0.00000,-5000.00000,0,0),(54597,2012,15,9,'9040',0.00000,0.00000,6400.00000,0,0),(54446,2012,15,21,'9090',0.00000,0.00000,59500.00000,0,0),(54272,2012,15,32,'5025',14200.00000,0.50000,-71.00000,30,0),(54097,2012,15,31,'9999',0.00000,0.00000,18.75000,0,0),(54827,2012,15,20,'5112',0.00000,1.00000,0.00000,0,0),(54654,2012,15,12,'9029',0.00000,0.00000,0.00000,0,0),(54504,2012,15,31,'9060',0.00000,0.00000,5500.00000,0,0),(54330,2012,15,8,'5023',0.00000,0.00000,178.00000,0,0),(54154,2012,15,12,'9130',0.00000,0.00000,4500.00000,0,0),(54884,2012,15,31,'5100',2500.00000,1.00000,-2500.00000,0,0),(54711,2012,15,16,'9020',0.00000,0.00000,15000.00000,0,0),(54388,2012,15,17,'2030',1.00000,10000.00000,10000.00000,0,0),(54213,2012,15,6,'5040',5100.00000,0.20100,-10.25000,30,0),(54943,2012,15,32,'1999',0.00000,0.00000,0.00000,0,0),(54769,2012,15,18,'9010',0.00000,0.00000,5400.00000,0,0),(54596,2012,15,10,'9040',0.00000,0.00000,13000.00000,0,0),(54445,2012,15,30,'9090',0.00000,0.00000,8027.60000,0,0),(54271,2012,15,32,'5023',0.00000,0.00000,178.00000,0,0),(54096,2012,15,32,'9999',0.00000,0.00000,277.77778,0,0),(54826,2012,15,21,'5112',0.00000,1.00000,0.00000,0,0),(54653,2012,15,13,'9029',0.00000,0.00000,0.00000,0,0),(54503,2012,15,32,'9060',0.00000,0.00000,32000.00000,0,0),(54329,2012,15,9,'5010',6400.00000,5.05000,-323.20000,0,0),(54153,2012,15,12,'9140',0.00000,0.00000,4500.00000,0,0),(54883,2012,15,32,'5100',0.00000,1.00000,0.00000,0,0),(54710,2012,15,17,'9020',0.00000,0.00000,-5000.00000,0,0),(54387,2012,15,17,'2050',13000.00000,1.00000,-13000.00000,0,0),(54212,2012,15,6,'5050',5100.00000,0.61000,-31.10000,30,0),(54942,2012,15,33,'1999',0.00000,0.00000,0.00000,0,0),(54768,2012,15,19,'9010',0.00000,0.00000,5000.00000,0,0),(54595,2012,15,11,'9040',0.00000,0.00000,20300.00000,0,0),(54444,2012,15,31,'9090',0.00000,0.00000,3000.00000,0,0),(54270,2012,15,33,'5010',0.00000,5.05000,0.00000,0,0),(54095,2012,15,33,'9999',0.00000,0.00000,0.00000,0,0),(54882,2012,15,33,'5100',0.00000,1.00000,0.00000,0,0),(54709,2012,15,18,'9020',0.00000,0.00000,5400.00000,0,0),(54386,2012,15,17,'5060',-5000.00000,1.00000,-300.00000,0,0),(54211,2012,15,7,'5040',16000.00000,0.20100,-32.15000,30,0),(54941,2012,15,5,'5000',0.00000,0.00000,22000.00000,0,0),(54767,2012,15,20,'9010',0.00000,0.00000,3000.00000,0,0),(54594,2012,15,12,'9040',0.00000,0.00000,4500.00000,0,0),(54443,2012,15,32,'9090',0.00000,0.00000,35000.00000,0,0),(54269,2012,15,33,'5013',0.00000,0.00000,0.00000,0,0),(55000,2012,15,6,'1061',0.00000,30.00000,0.00000,0,0),(54825,2012,15,30,'5112',0.00000,1.00000,0.00000,0,0),(54652,2012,15,15,'9029',0.00000,0.00000,0.00000,0,0),(54502,2012,15,33,'9060',0.00000,0.00000,0.00000,0,0),(54328,2012,15,9,'5013',0.00000,0.00000,323.20000,0,0),(54152,2012,15,12,'9150',0.00000,0.00000,5500.00000,0,0),(54881,2012,15,5,'5110',0.00000,1.00000,0.00000,0,0),(54708,2012,15,19,'9020',0.00000,0.00000,5000.00000,0,0),(54385,2012,15,13,'1214',3200.00000,1.00000,3200.00000,0,0),(54210,2012,15,7,'5041',0.00000,0.63400,0.00000,30,0),(54940,2012,15,6,'5000',0.00000,0.00000,5100.00000,0,0),(54766,2012,15,21,'9010',0.00000,0.00000,90000.00000,0,0),(54593,2012,15,13,'9040',0.00000,0.00000,4000.00000,0,0),(54442,2012,15,33,'9090',0.00000,0.00000,0.00000,0,0),(54268,2012,15,33,'5020',0.00000,1.00000,0.00000,1,0),(54999,2012,15,7,'1061',0.00000,59.06250,0.00000,0,0),(54824,2012,15,31,'5112',0.00000,1.00000,0.00000,0,0),(54651,2012,15,16,'9029',0.00000,0.00000,0.00000,0,0),(54501,2012,15,5,'9065',-1700.00000,1.00000,-1700.00000,0,0),(54327,2012,15,9,'5020',6400.00000,1.00000,-64.00000,30,0),(54151,2012,15,13,'9120',0.00000,0.00000,4000.00000,0,0),(54880,2012,15,6,'5110',0.00000,1.00000,0.00000,0,0),(54707,2012,15,20,'9020',0.00000,0.00000,3000.00000,0,0),(54384,2012,15,13,'5060',4000.00000,1.00000,-240.00000,0,0),(54209,2012,15,7,'5051',16000.00000,0.72000,-115.20000,30,0),(54939,2012,15,7,'5000',0.00000,0.00000,16000.00000,0,0),(54765,2012,15,30,'9010',0.00000,0.00000,12527.60000,0,0),(54592,2012,15,15,'9040',0.00000,0.00000,5750.00000,0,0),(54441,2012,15,21,'1010',40000.00000,1.00000,40000.00000,0,0),(54267,2012,15,33,'5025',0.00000,0.50000,0.00000,1,0),(54998,2012,15,8,'1061',0.00000,9.37500,0.00000,0,0),(54823,2012,15,32,'5112',0.00000,1.00000,0.00000,0,0),(54650,2012,15,17,'9029',0.00000,0.00000,0.00000,0,0),(54500,2012,15,6,'9065',-400.00000,1.00000,-400.00000,0,0),(54326,2012,15,9,'5025',0.00000,0.50000,0.00000,30,0),(54150,2012,15,13,'9130',0.00000,0.00000,4000.00000,0,0),(54879,2012,15,7,'5110',400.00000,1.00000,-400.00000,0,0),(54706,2012,15,21,'9020',0.00000,0.00000,90000.00000,0,0),(54547,2012,15,20,'9050',0.00000,0.00000,3000.00000,0,0),(54383,2012,15,7,'1910',400.00000,1.00000,400.00000,0,0),(54208,2012,15,8,'5041',1700.00000,0.63400,-10.80000,30,0),(54938,2012,15,8,'5000',0.00000,0.00000,25500.00000,0,0),(54764,2012,15,31,'9010',0.00000,0.00000,5500.00000,0,0),(54591,2012,15,16,'9040',0.00000,0.00000,15000.00000,0,0),(54440,2012,15,21,'1031',19500.00000,1.00000,19500.00000,0,0),(54266,2012,15,33,'5023',0.00000,0.00000,0.00000,0,0),(54997,2012,15,9,'1061',0.00000,40.00000,0.00000,0,0),(54822,2012,15,33,'5112',0.00000,1.00000,0.00000,0,0),(54649,2012,15,18,'9029',0.00000,0.00000,0.00000,0,0),(54499,2012,15,7,'9065',-5200.00000,1.00000,-5200.00000,0,0),(54325,2012,15,9,'5023',0.00000,0.00000,64.00000,0,0),(54149,2012,15,13,'9140',0.00000,0.00000,4000.00000,0,0),(54878,2012,15,8,'5110',0.00000,1.00000,0.00000,0,0),(54705,2012,15,30,'9020',0.00000,0.00000,12527.60000,0,0),(54546,2012,15,21,'9050',0.00000,0.00000,90000.00000,0,0),(54382,2012,15,7,'1950',1150.00000,1.00000,1150.00000,0,0),(54207,2012,15,8,'5051',19500.00000,0.72000,-140.40000,30,0),(54937,2012,15,9,'5000',0.00000,0.00000,6400.00000,0,0),(54763,2012,15,32,'9010',0.00000,0.00000,32000.00000,0,0),(54996,2012,15,10,'1061',0.00000,0.00000,0.00000,0,0),(54821,2012,15,5,'6500',0.00000,0.00000,18556.90000,0,0),(54648,2012,15,19,'9029',0.00000,0.00000,5000.00000,0,0),(54498,2012,15,8,'9065',-120.00000,1.00000,-120.00000,0,0),(54324,2012,15,10,'5010',10200.00000,5.05000,-515.10000,0,0),(54148,2012,15,13,'9150',0.00000,0.00000,4000.00000,0,0),(54877,2012,15,9,'5110',0.00000,1.00000,0.00000,0,0),(54704,2012,15,31,'9020',0.00000,0.00000,5500.00000,0,0),(54545,2012,15,30,'9050',0.00000,0.00000,12527.60000,0,0),(54381,2012,15,7,'1973',5000.00000,1.00000,5000.00000,0,0),(54206,2012,15,9,'5040',6400.00000,0.20100,-12.85000,30,0),(54936,2012,15,10,'5000',0.00000,0.00000,13000.00000,0,0),(54762,2012,15,33,'9010',0.00000,0.00000,0.00000,0,0),(54590,2012,15,17,'9040',0.00000,0.00000,-8000.00000,0,0),(54439,2012,15,21,'1910',500.00000,1.00000,500.00000,0,0),(54265,2012,15,5,'5030',16910.00000,1.46000,-246.90000,0,0),(54820,2012,15,6,'6500',0.00000,0.00000,4289.40000,0,0),(54647,2012,15,20,'9029',0.00000,0.00000,3000.00000,0,0),(54497,2012,15,9,'9065',-500.00000,1.00000,-500.00000,0,0),(54323,2012,15,10,'5013',0.00000,0.00000,515.10000,0,0);
/*!40000 ALTER TABLE `payroll_calculation_current` ENABLE KEYS */;
UNLOCK TABLES;

--
-- Table structure for table `payroll_calculation_entry`
--

DROP TABLE IF EXISTS `payroll_calculation_entry`;
/*!40101 SET @saved_cs_client     = @@character_set_client */;
/*!40101 SET character_set_client = utf8 */;
CREATE TABLE `payroll_calculation_entry` (
  `id` int(11) NOT NULL AUTO_INCREMENT,
  `payroll_year_ID` smallint(6) NOT NULL,
  `payroll_period_ID` int(11) NOT NULL,
  `payroll_employee_ID` int(11) NOT NULL,
  `payroll_account_ID` varchar(5) NOT NULL,
  `quantity` decimal(12,5) NOT NULL,
  `rate` decimal(12,5) NOT NULL,
  `amount` decimal(12,5) NOT NULL,
  `allowable_workdays` tinyint(4) NOT NULL DEFAULT '0',
  `position` tinyint(4) NOT NULL DEFAULT '0',
  PRIMARY KEY (`id`),
  KEY `fk_payroll_calculation_entry_payroll_employee1_idx` (`payroll_employee_ID`),
  KEY `fk_payroll_calculation_entry_payroll_account1_idx` (`payroll_account_ID`,`payroll_year_ID`),
  KEY `fk_payroll_calculation_entry_payroll_period1` (`payroll_period_ID`),
  CONSTRAINT `fk_payroll_calculation_entry_payroll_account1` FOREIGN KEY (`payroll_account_ID`, `payroll_year_ID`) REFERENCES `payroll_account` (`id`, `payroll_year_ID`) ON DELETE CASCADE ON UPDATE NO ACTION,
  CONSTRAINT `fk_payroll_calculation_entry_payroll_employee1` FOREIGN KEY (`payroll_employee_ID`) REFERENCES `payroll_employee` (`id`) ON DELETE CASCADE ON UPDATE NO ACTION,
  CONSTRAINT `fk_payroll_calculation_entry_payroll_period1` FOREIGN KEY (`payroll_period_ID`) REFERENCES `payroll_period` (`id`) ON DELETE CASCADE ON UPDATE NO ACTION
) ENGINE=InnoDB AUTO_INCREMENT=4039 DEFAULT CHARSET=latin1;
/*!40101 SET character_set_client = @saved_cs_client */;

--
-- Dumping data for table `payroll_calculation_entry`
--

LOCK TABLES `payroll_calculation_entry` WRITE;
/*!40000 ALTER TABLE `payroll_calculation_entry` DISABLE KEYS */;
INSERT INTO `payroll_calculation_entry` VALUES (1,2011,2,35,'9999',0.00000,0.00000,0.00000,0,0),(2,2011,2,35,'9120',0.00000,0.00000,0.00000,0,0),(3,2011,2,35,'5023',0.00000,0.00000,0.00000,0,0),(4,2011,2,35,'5025',0.00000,0.50000,0.00000,0,0),(5,2011,2,35,'5020',0.00000,1.00000,0.00000,0,0),(6,2011,2,35,'5013',0.00000,0.00000,0.00000,0,0),(7,2011,2,35,'5010',0.00000,5.05000,0.00000,0,0),(8,2011,2,35,'1005',0.00000,0.00000,0.00000,0,0),(9,2011,2,35,'9090',0.00000,0.00000,0.00000,0,0),(10,2011,2,35,'9070',0.00000,0.00000,0.00000,0,0),(11,2011,2,35,'9065',0.00000,1.00000,0.00000,0,0),(12,2011,2,35,'9060',0.00000,0.00000,0.00000,0,0),(13,2011,2,35,'9055',0.00000,0.00000,0.00000,0,0),(14,2011,2,35,'9050',0.00000,0.00000,0.00000,0,0),(15,2011,2,35,'9045',0.00000,0.00000,0.00000,0,0),(16,2011,2,35,'9040',0.00000,0.00000,0.00000,0,0),(17,2011,2,35,'9035',0.00000,0.00000,0.00000,0,0),(18,2011,2,35,'9030',0.00000,0.00000,0.00000,0,0),(19,2011,2,35,'9029',0.00000,0.00000,0.00000,0,0),(20,2011,2,35,'9027',0.00000,0.00000,0.00000,0,0),(21,2011,2,35,'9025',0.00000,0.00000,0.00000,0,0),(22,2011,2,35,'9020',0.00000,0.00000,0.00000,0,0),(23,2011,2,35,'9019',0.00000,0.00000,0.00000,0,0),(24,2011,2,35,'9015',0.00000,0.00000,0.00000,0,0),(25,2011,2,35,'9010',0.00000,0.00000,0.00000,0,0),(26,2011,2,35,'8000',0.00000,0.00000,0.00000,0,0),(27,2011,2,35,'6500',0.00000,0.00000,0.00000,0,0),(28,2011,2,35,'5070',0.00000,0.00000,0.00000,0,0),(29,2011,2,35,'5000',0.00000,0.00000,0.00000,0,0),(30,2011,2,35,'1999',0.00000,0.00000,0.00000,0,0),(31,2011,2,35,'1061',0.00000,0.00000,0.00000,0,0),(32,2011,2,5,'5020',0.00000,0.00000,0.00000,30,0),(33,2011,2,5,'5025',0.00000,0.00000,0.00000,30,0),(34,2011,2,5,'5035',0.00000,0.00000,0.00000,30,0),(35,2011,2,5,'5036',0.00000,0.00000,0.00000,30,0),(36,2011,2,5,'5037',0.00000,0.00000,0.00000,30,0),(37,2011,2,5,'5040',0.00000,0.00000,0.00000,30,0),(38,2011,2,5,'5041',0.00000,0.00000,0.00000,30,0),(39,2011,2,5,'5050',0.00000,0.00000,0.00000,30,0),(40,2011,2,5,'5051',0.00000,0.00000,0.00000,30,0),(41,2011,2,6,'5020',0.00000,0.00000,0.00000,30,0),(42,2011,2,6,'5025',0.00000,0.00000,0.00000,30,0),(43,2011,2,6,'5035',0.00000,0.00000,0.00000,30,0),(44,2011,2,6,'5036',0.00000,0.00000,0.00000,30,0),(45,2011,2,6,'5037',0.00000,0.00000,0.00000,30,0),(46,2011,2,6,'5040',0.00000,0.00000,0.00000,30,0),(47,2011,2,6,'5041',0.00000,0.00000,0.00000,30,0),(48,2011,2,6,'5050',0.00000,0.00000,0.00000,30,0),(49,2011,2,6,'5051',0.00000,0.00000,0.00000,30,0),(50,2011,2,11,'5020',0.00000,0.00000,0.00000,30,0),(51,2011,2,11,'5025',0.00000,0.00000,0.00000,30,0),(52,2011,2,11,'5035',0.00000,0.00000,0.00000,30,0),(53,2011,2,11,'5036',0.00000,0.00000,0.00000,30,0),(54,2011,2,11,'5037',0.00000,0.00000,0.00000,30,0),(55,2011,2,11,'5040',0.00000,0.00000,0.00000,30,0),(56,2011,2,11,'5041',0.00000,0.00000,0.00000,30,0),(57,2011,2,11,'5050',0.00000,0.00000,0.00000,30,0),(58,2011,2,11,'5051',0.00000,0.00000,0.00000,30,0),(59,2011,2,17,'5020',0.00000,0.00000,0.00000,30,0),(60,2011,2,17,'5025',0.00000,0.00000,0.00000,30,0),(61,2011,2,17,'5035',0.00000,0.00000,0.00000,30,0),(62,2011,2,17,'5036',0.00000,0.00000,0.00000,30,0),(63,2011,2,17,'5037',0.00000,0.00000,0.00000,30,0),(64,2011,2,17,'5040',0.00000,0.00000,0.00000,30,0),(65,2011,2,17,'5041',0.00000,0.00000,0.00000,30,0),(66,2011,2,17,'5050',0.00000,0.00000,0.00000,30,0),(67,2011,2,17,'5051',0.00000,0.00000,0.00000,30,0),(68,2011,2,20,'5020',0.00000,0.00000,0.00000,30,0),(69,2011,2,20,'5025',0.00000,0.00000,0.00000,30,0),(70,2011,2,20,'5035',0.00000,0.00000,0.00000,30,0),(71,2011,2,20,'5036',0.00000,0.00000,0.00000,30,0),(72,2011,2,20,'5037',0.00000,0.00000,0.00000,30,0),(73,2011,2,20,'5040',0.00000,0.00000,0.00000,30,0),(74,2011,2,20,'5041',0.00000,0.00000,0.00000,30,0),(75,2011,2,20,'5050',0.00000,0.00000,0.00000,30,0),(76,2011,2,20,'5051',0.00000,0.00000,0.00000,30,0),(77,2011,2,21,'5020',0.00000,0.00000,0.00000,30,0),(78,2011,2,21,'5025',0.00000,0.00000,0.00000,30,0),(79,2011,2,21,'5035',0.00000,0.00000,0.00000,30,0),(80,2011,2,21,'5036',0.00000,0.00000,0.00000,30,0),(81,2011,2,21,'5037',0.00000,0.00000,0.00000,30,0),(82,2011,2,21,'5040',0.00000,0.00000,0.00000,30,0),(83,2011,2,21,'5041',0.00000,0.00000,0.00000,30,0),(84,2011,2,21,'5050',0.00000,0.00000,0.00000,30,0),(85,2011,2,21,'5051',0.00000,0.00000,0.00000,30,0),(86,2011,2,22,'5020',0.00000,0.00000,0.00000,30,0),(87,2011,2,22,'5025',0.00000,0.00000,0.00000,30,0),(88,2011,2,22,'5035',0.00000,0.00000,0.00000,30,0),(89,2011,2,22,'5036',0.00000,0.00000,0.00000,30,0),(90,2011,2,22,'5037',0.00000,0.00000,0.00000,30,0),(91,2011,2,22,'5040',0.00000,0.00000,0.00000,30,0),(92,2011,2,22,'5041',0.00000,0.00000,0.00000,30,0),(93,2011,2,22,'5050',0.00000,0.00000,0.00000,30,0),(94,2011,2,22,'5051',0.00000,0.00000,0.00000,30,0),(95,2011,2,23,'5020',0.00000,0.00000,0.00000,30,0),(96,2011,2,23,'5025',0.00000,0.00000,0.00000,30,0),(97,2011,2,23,'5035',0.00000,0.00000,0.00000,30,0),(98,2011,2,23,'5036',0.00000,0.00000,0.00000,30,0),(99,2011,2,23,'5037',0.00000,0.00000,0.00000,30,0),(100,2011,2,23,'5040',0.00000,0.00000,0.00000,30,0),(101,2011,2,23,'5041',0.00000,0.00000,0.00000,30,0),(102,2011,2,23,'5050',0.00000,0.00000,0.00000,30,0),(103,2011,2,23,'5051',0.00000,0.00000,0.00000,30,0),(104,2011,2,25,'5020',0.00000,0.00000,0.00000,30,0),(105,2011,2,25,'5025',0.00000,0.00000,0.00000,30,0),(106,2011,2,25,'5035',0.00000,0.00000,0.00000,30,0),(107,2011,2,25,'5036',0.00000,0.00000,0.00000,30,0),(108,2011,2,25,'5037',0.00000,0.00000,0.00000,30,0),(109,2011,2,25,'5040',0.00000,0.00000,0.00000,30,0),(110,2011,2,25,'5041',0.00000,0.00000,0.00000,30,0),(111,2011,2,25,'5050',0.00000,0.00000,0.00000,30,0),(112,2011,2,25,'5051',0.00000,0.00000,0.00000,30,0),(113,2011,2,26,'5020',0.00000,0.00000,0.00000,30,0),(114,2011,2,26,'5025',0.00000,0.00000,0.00000,30,0),(115,2011,2,26,'5035',0.00000,0.00000,0.00000,30,0),(116,2011,2,26,'5036',0.00000,0.00000,0.00000,30,0),(117,2011,2,26,'5037',0.00000,0.00000,0.00000,30,0),(118,2011,2,26,'5040',0.00000,0.00000,0.00000,30,0),(119,2011,2,26,'5041',0.00000,0.00000,0.00000,30,0),(120,2011,2,26,'5050',0.00000,0.00000,0.00000,30,0),(121,2011,2,26,'5051',0.00000,0.00000,0.00000,30,0),(122,2011,2,27,'5020',0.00000,0.00000,0.00000,30,0),(123,2011,2,27,'5025',0.00000,0.00000,0.00000,30,0),(124,2011,2,27,'5035',0.00000,0.00000,0.00000,30,0),(125,2011,2,27,'5036',0.00000,0.00000,0.00000,30,0),(126,2011,2,27,'5037',0.00000,0.00000,0.00000,30,0),(127,2011,2,27,'5040',0.00000,0.00000,0.00000,30,0),(128,2011,2,27,'5041',0.00000,0.00000,0.00000,30,0),(129,2011,2,27,'5050',0.00000,0.00000,0.00000,30,0),(130,2011,2,27,'5051',0.00000,0.00000,0.00000,30,0),(131,2011,2,28,'5020',0.00000,0.00000,0.00000,30,0),(132,2011,2,28,'5025',0.00000,0.00000,0.00000,30,0),(133,2011,2,28,'5035',0.00000,0.00000,0.00000,30,0),(134,2011,2,28,'5036',0.00000,0.00000,0.00000,30,0),(135,2011,2,28,'5037',0.00000,0.00000,0.00000,30,0),(136,2011,2,28,'5040',0.00000,0.00000,0.00000,30,0),(137,2011,2,28,'5041',0.00000,0.00000,0.00000,30,0),(138,2011,2,28,'5050',0.00000,0.00000,0.00000,30,0),(139,2011,2,28,'5051',0.00000,0.00000,0.00000,30,0),(140,2011,2,29,'5020',0.00000,0.00000,0.00000,30,0),(141,2011,2,29,'5025',0.00000,0.00000,0.00000,30,0),(142,2011,2,29,'5035',0.00000,0.00000,0.00000,30,0),(143,2011,2,29,'5036',0.00000,0.00000,0.00000,30,0),(144,2011,2,29,'5037',0.00000,0.00000,0.00000,30,0),(145,2011,2,29,'5040',0.00000,0.00000,0.00000,30,0),(146,2011,2,29,'5041',0.00000,0.00000,0.00000,30,0),(147,2011,2,29,'5050',0.00000,0.00000,0.00000,30,0),(148,2011,2,29,'5051',0.00000,0.00000,0.00000,30,0),(149,2011,2,31,'5020',0.00000,0.00000,0.00000,0,0),(150,2011,2,31,'5025',0.00000,0.00000,0.00000,0,0),(151,2011,2,31,'5035',0.00000,0.00000,0.00000,0,0),(152,2011,2,31,'5036',0.00000,0.00000,0.00000,0,0),(153,2011,2,31,'5037',0.00000,0.00000,0.00000,0,0),(154,2011,2,31,'5040',0.00000,0.00000,0.00000,0,0),(155,2011,2,31,'5041',0.00000,0.00000,0.00000,0,0),(156,2011,2,31,'5050',0.00000,0.00000,0.00000,0,0),(157,2011,2,31,'5051',0.00000,0.00000,0.00000,0,0),(158,2011,2,33,'5020',0.00000,0.00000,0.00000,0,0),(159,2011,2,33,'5025',0.00000,0.00000,0.00000,0,0),(160,2011,2,33,'5035',0.00000,0.00000,0.00000,0,0),(161,2011,2,33,'5036',0.00000,0.00000,0.00000,0,0),(162,2011,2,33,'5037',0.00000,0.00000,0.00000,0,0),(163,2011,2,33,'5040',0.00000,0.00000,0.00000,0,0),(164,2011,2,33,'5041',0.00000,0.00000,0.00000,0,0),(165,2011,2,33,'5050',0.00000,0.00000,0.00000,0,0),(166,2011,2,33,'5051',0.00000,0.00000,0.00000,0,0),(287,2011,3,35,'1061',0.00000,0.00000,0.00000,0,0),(288,2011,3,35,'1999',0.00000,0.00000,0.00000,0,0),(289,2011,3,35,'5000',0.00000,0.00000,0.00000,0,0),(290,2011,3,35,'5070',0.00000,0.00000,0.00000,0,0),(291,2011,3,35,'6500',0.00000,0.00000,0.00000,0,0),(292,2011,3,35,'8000',0.00000,0.00000,0.00000,0,0),(293,2011,3,35,'9010',0.00000,0.00000,0.00000,0,0),(294,2011,3,35,'9015',0.00000,0.00000,0.00000,0,0),(295,2011,3,35,'9019',0.00000,0.00000,0.00000,0,0),(296,2011,3,35,'9020',0.00000,0.00000,0.00000,0,0),(297,2011,3,35,'9025',0.00000,0.00000,0.00000,0,0),(298,2011,3,35,'9027',0.00000,0.00000,0.00000,0,0),(299,2011,3,35,'9029',0.00000,0.00000,0.00000,0,0),(300,2011,3,35,'9030',0.00000,0.00000,0.00000,0,0),(301,2011,3,35,'9035',0.00000,0.00000,0.00000,0,0),(302,2011,3,35,'9040',0.00000,0.00000,0.00000,0,0),(303,2011,3,35,'9045',0.00000,0.00000,0.00000,0,0),(304,2011,3,35,'9050',0.00000,0.00000,0.00000,0,0),(305,2011,3,35,'9055',0.00000,0.00000,0.00000,0,0),(306,2011,3,35,'9060',0.00000,0.00000,0.00000,0,0),(307,2011,3,35,'9065',0.00000,1.00000,0.00000,0,0),(308,2011,3,35,'9070',0.00000,0.00000,0.00000,0,0),(309,2011,3,35,'9090',0.00000,0.00000,0.00000,0,0),(310,2011,3,35,'1005',0.00000,0.00000,0.00000,0,0),(311,2011,3,35,'5010',0.00000,5.05000,0.00000,0,0),(312,2011,3,35,'5013',0.00000,0.00000,0.00000,0,0),(313,2011,3,35,'5020',0.00000,1.00000,0.00000,0,0),(314,2011,3,35,'5025',0.00000,0.50000,0.00000,0,0),(315,2011,3,35,'5023',0.00000,0.00000,0.00000,0,0),(316,2011,3,35,'9120',0.00000,0.00000,0.00000,0,0),(317,2011,3,35,'9999',0.00000,0.00000,0.00000,0,0),(318,2011,3,5,'5020',0.00000,0.00000,0.00000,30,0),(319,2011,3,5,'5025',0.00000,0.00000,0.00000,30,0),(320,2011,3,5,'5035',0.00000,0.00000,0.00000,30,0),(321,2011,3,5,'5036',0.00000,0.00000,0.00000,30,0),(322,2011,3,5,'5037',0.00000,0.00000,0.00000,30,0),(323,2011,3,5,'5040',0.00000,0.00000,0.00000,30,0),(324,2011,3,5,'5041',0.00000,0.00000,0.00000,30,0),(325,2011,3,5,'5050',0.00000,0.00000,0.00000,30,0),(326,2011,3,5,'5051',0.00000,0.00000,0.00000,30,0),(327,2011,3,6,'5020',0.00000,0.00000,0.00000,30,0),(328,2011,3,6,'5025',0.00000,0.00000,0.00000,30,0),(329,2011,3,6,'5035',0.00000,0.00000,0.00000,30,0),(330,2011,3,6,'5036',0.00000,0.00000,0.00000,30,0),(331,2011,3,6,'5037',0.00000,0.00000,0.00000,30,0),(332,2011,3,6,'5040',0.00000,0.00000,0.00000,30,0),(333,2011,3,6,'5041',0.00000,0.00000,0.00000,30,0),(334,2011,3,6,'5050',0.00000,0.00000,0.00000,30,0),(335,2011,3,6,'5051',0.00000,0.00000,0.00000,30,0),(336,2011,3,7,'5020',0.00000,0.00000,0.00000,30,0),(337,2011,3,7,'5025',0.00000,0.00000,0.00000,30,0),(338,2011,3,7,'5035',0.00000,0.00000,0.00000,30,0),(339,2011,3,7,'5036',0.00000,0.00000,0.00000,30,0),(340,2011,3,7,'5037',0.00000,0.00000,0.00000,30,0),(341,2011,3,7,'5040',0.00000,0.00000,0.00000,30,0),(342,2011,3,7,'5041',0.00000,0.00000,0.00000,30,0),(343,2011,3,7,'5050',0.00000,0.00000,0.00000,30,0),(344,2011,3,7,'5051',0.00000,0.00000,0.00000,30,0),(345,2011,3,8,'5020',0.00000,0.00000,0.00000,30,0),(346,2011,3,8,'5025',0.00000,0.00000,0.00000,30,0),(347,2011,3,8,'5035',0.00000,0.00000,0.00000,30,0),(348,2011,3,8,'5036',0.00000,0.00000,0.00000,30,0),(349,2011,3,8,'5037',0.00000,0.00000,0.00000,30,0),(350,2011,3,8,'5040',0.00000,0.00000,0.00000,30,0),(351,2011,3,8,'5041',0.00000,0.00000,0.00000,30,0),(352,2011,3,8,'5050',0.00000,0.00000,0.00000,30,0),(353,2011,3,8,'5051',0.00000,0.00000,0.00000,30,0),(354,2011,3,11,'5020',0.00000,0.00000,0.00000,30,0),(355,2011,3,11,'5025',0.00000,0.00000,0.00000,30,0),(356,2011,3,11,'5035',0.00000,0.00000,0.00000,30,0),(357,2011,3,11,'5036',0.00000,0.00000,0.00000,30,0),(358,2011,3,11,'5037',0.00000,0.00000,0.00000,30,0),(359,2011,3,11,'5040',0.00000,0.00000,0.00000,30,0),(360,2011,3,11,'5041',0.00000,0.00000,0.00000,30,0),(361,2011,3,11,'5050',0.00000,0.00000,0.00000,30,0),(362,2011,3,11,'5051',0.00000,0.00000,0.00000,30,0),(363,2011,3,17,'5020',0.00000,0.00000,0.00000,30,0),(364,2011,3,17,'5025',0.00000,0.00000,0.00000,30,0),(365,2011,3,17,'5035',0.00000,0.00000,0.00000,30,0),(366,2011,3,17,'5036',0.00000,0.00000,0.00000,30,0),(367,2011,3,17,'5037',0.00000,0.00000,0.00000,30,0),(368,2011,3,17,'5040',0.00000,0.00000,0.00000,30,0),(369,2011,3,17,'5041',0.00000,0.00000,0.00000,30,0),(370,2011,3,17,'5050',0.00000,0.00000,0.00000,30,0),(371,2011,3,17,'5051',0.00000,0.00000,0.00000,30,0),(372,2011,3,20,'5020',0.00000,0.00000,0.00000,30,0),(373,2011,3,20,'5025',0.00000,0.00000,0.00000,30,0),(374,2011,3,20,'5035',0.00000,0.00000,0.00000,30,0),(375,2011,3,20,'5036',0.00000,0.00000,0.00000,30,0),(376,2011,3,20,'5037',0.00000,0.00000,0.00000,30,0),(377,2011,3,20,'5040',0.00000,0.00000,0.00000,30,0),(378,2011,3,20,'5041',0.00000,0.00000,0.00000,30,0),(379,2011,3,20,'5050',0.00000,0.00000,0.00000,30,0),(380,2011,3,20,'5051',0.00000,0.00000,0.00000,30,0),(381,2011,3,21,'5020',0.00000,0.00000,0.00000,30,0),(382,2011,3,21,'5025',0.00000,0.00000,0.00000,30,0),(383,2011,3,21,'5035',0.00000,0.00000,0.00000,30,0),(384,2011,3,21,'5036',0.00000,0.00000,0.00000,30,0),(385,2011,3,21,'5037',0.00000,0.00000,0.00000,30,0),(386,2011,3,21,'5040',0.00000,0.00000,0.00000,30,0),(387,2011,3,21,'5041',0.00000,0.00000,0.00000,30,0),(388,2011,3,21,'5050',0.00000,0.00000,0.00000,30,0),(389,2011,3,21,'5051',0.00000,0.00000,0.00000,30,0),(390,2011,3,22,'5020',0.00000,0.00000,0.00000,30,0),(391,2011,3,22,'5025',0.00000,0.00000,0.00000,30,0),(392,2011,3,22,'5035',0.00000,0.00000,0.00000,30,0),(393,2011,3,22,'5036',0.00000,0.00000,0.00000,30,0),(394,2011,3,22,'5037',0.00000,0.00000,0.00000,30,0),(395,2011,3,22,'5040',0.00000,0.00000,0.00000,30,0),(396,2011,3,22,'5041',0.00000,0.00000,0.00000,30,0),(397,2011,3,22,'5050',0.00000,0.00000,0.00000,30,0),(398,2011,3,22,'5051',0.00000,0.00000,0.00000,30,0),(399,2011,3,23,'5020',0.00000,0.00000,0.00000,30,0),(400,2011,3,23,'5025',0.00000,0.00000,0.00000,30,0),(401,2011,3,23,'5035',0.00000,0.00000,0.00000,30,0),(402,2011,3,23,'5036',0.00000,0.00000,0.00000,30,0),(403,2011,3,23,'5037',0.00000,0.00000,0.00000,30,0),(404,2011,3,23,'5040',0.00000,0.00000,0.00000,30,0),(405,2011,3,23,'5041',0.00000,0.00000,0.00000,30,0),(406,2011,3,23,'5050',0.00000,0.00000,0.00000,30,0),(407,2011,3,23,'5051',0.00000,0.00000,0.00000,30,0),(408,2011,3,25,'5020',0.00000,0.00000,0.00000,30,0),(409,2011,3,25,'5025',0.00000,0.00000,0.00000,30,0),(410,2011,3,25,'5035',0.00000,0.00000,0.00000,30,0),(411,2011,3,25,'5036',0.00000,0.00000,0.00000,30,0),(412,2011,3,25,'5037',0.00000,0.00000,0.00000,30,0),(413,2011,3,25,'5040',0.00000,0.00000,0.00000,30,0),(414,2011,3,25,'5041',0.00000,0.00000,0.00000,30,0),(415,2011,3,25,'5050',0.00000,0.00000,0.00000,30,0),(416,2011,3,25,'5051',0.00000,0.00000,0.00000,30,0),(417,2011,3,26,'5020',0.00000,0.00000,0.00000,30,0),(418,2011,3,26,'5025',0.00000,0.00000,0.00000,30,0),(419,2011,3,26,'5035',0.00000,0.00000,0.00000,30,0),(420,2011,3,26,'5036',0.00000,0.00000,0.00000,30,0),(421,2011,3,26,'5037',0.00000,0.00000,0.00000,30,0),(422,2011,3,26,'5040',0.00000,0.00000,0.00000,30,0),(423,2011,3,26,'5041',0.00000,0.00000,0.00000,30,0),(424,2011,3,26,'5050',0.00000,0.00000,0.00000,30,0),(425,2011,3,26,'5051',0.00000,0.00000,0.00000,30,0),(426,2011,3,27,'5020',0.00000,0.00000,0.00000,30,0),(427,2011,3,27,'5025',0.00000,0.00000,0.00000,30,0),(428,2011,3,27,'5035',0.00000,0.00000,0.00000,30,0),(429,2011,3,27,'5036',0.00000,0.00000,0.00000,30,0),(430,2011,3,27,'5037',0.00000,0.00000,0.00000,30,0),(431,2011,3,27,'5040',0.00000,0.00000,0.00000,30,0),(432,2011,3,27,'5041',0.00000,0.00000,0.00000,30,0),(433,2011,3,27,'5050',0.00000,0.00000,0.00000,30,0),(434,2011,3,27,'5051',0.00000,0.00000,0.00000,30,0),(435,2011,3,28,'5020',0.00000,0.00000,0.00000,30,0),(436,2011,3,28,'5025',0.00000,0.00000,0.00000,30,0),(437,2011,3,28,'5035',0.00000,0.00000,0.00000,30,0),(438,2011,3,28,'5036',0.00000,0.00000,0.00000,30,0),(439,2011,3,28,'5037',0.00000,0.00000,0.00000,30,0),(440,2011,3,28,'5040',0.00000,0.00000,0.00000,30,0),(441,2011,3,28,'5041',0.00000,0.00000,0.00000,30,0),(442,2011,3,28,'5050',0.00000,0.00000,0.00000,30,0),(443,2011,3,28,'5051',0.00000,0.00000,0.00000,30,0),(444,2011,3,29,'5020',0.00000,0.00000,0.00000,30,0),(445,2011,3,29,'5025',0.00000,0.00000,0.00000,30,0),(446,2011,3,29,'5035',0.00000,0.00000,0.00000,30,0),(447,2011,3,29,'5036',0.00000,0.00000,0.00000,30,0),(448,2011,3,29,'5037',0.00000,0.00000,0.00000,30,0),(449,2011,3,29,'5040',0.00000,0.00000,0.00000,30,0),(450,2011,3,29,'5041',0.00000,0.00000,0.00000,30,0),(451,2011,3,29,'5050',0.00000,0.00000,0.00000,30,0),(452,2011,3,29,'5051',0.00000,0.00000,0.00000,30,0),(453,2011,3,31,'5020',0.00000,0.00000,0.00000,0,0),(454,2011,3,31,'5025',0.00000,0.00000,0.00000,0,0),(455,2011,3,31,'5035',0.00000,0.00000,0.00000,0,0),(456,2011,3,31,'5036',0.00000,0.00000,0.00000,0,0),(457,2011,3,31,'5037',0.00000,0.00000,0.00000,0,0),(458,2011,3,31,'5040',0.00000,0.00000,0.00000,0,0),(459,2011,3,31,'5041',0.00000,0.00000,0.00000,0,0),(460,2011,3,31,'5050',0.00000,0.00000,0.00000,0,0),(461,2011,3,31,'5051',0.00000,0.00000,0.00000,0,0),(462,2011,3,33,'5020',0.00000,0.00000,0.00000,0,0),(463,2011,3,33,'5025',0.00000,0.00000,0.00000,0,0),(464,2011,3,33,'5035',0.00000,0.00000,0.00000,0,0),(465,2011,3,33,'5036',0.00000,0.00000,0.00000,0,0),(466,2011,3,33,'5037',0.00000,0.00000,0.00000,0,0),(467,2011,3,33,'5040',0.00000,0.00000,0.00000,0,0),(468,2011,3,33,'5041',0.00000,0.00000,0.00000,0,0),(469,2011,3,33,'5050',0.00000,0.00000,0.00000,0,0),(470,2011,3,33,'5051',0.00000,0.00000,0.00000,0,0),(573,2011,4,35,'1061',0.00000,0.00000,0.00000,0,0),(574,2011,4,35,'1999',0.00000,0.00000,0.00000,0,0),(575,2011,4,35,'5000',0.00000,0.00000,0.00000,0,0),(576,2011,4,35,'5070',0.00000,0.00000,0.00000,0,0),(577,2011,4,35,'6500',0.00000,0.00000,0.00000,0,0),(578,2011,4,35,'8000',0.00000,0.00000,0.00000,0,0),(579,2011,4,35,'9010',0.00000,0.00000,0.00000,0,0),(580,2011,4,35,'9015',0.00000,0.00000,0.00000,0,0),(581,2011,4,35,'9019',0.00000,0.00000,0.00000,0,0),(582,2011,4,35,'9020',0.00000,0.00000,0.00000,0,0),(583,2011,4,35,'9025',0.00000,0.00000,0.00000,0,0),(584,2011,4,35,'9027',0.00000,0.00000,0.00000,0,0),(585,2011,4,35,'9029',0.00000,0.00000,0.00000,0,0),(586,2011,4,35,'9030',0.00000,0.00000,0.00000,0,0),(587,2011,4,35,'9035',0.00000,0.00000,0.00000,0,0),(588,2011,4,35,'9040',0.00000,0.00000,0.00000,0,0),(589,2011,4,35,'9045',0.00000,0.00000,0.00000,0,0),(590,2011,4,35,'9050',0.00000,0.00000,0.00000,0,0),(591,2011,4,35,'9055',0.00000,0.00000,0.00000,0,0),(592,2011,4,35,'9060',0.00000,0.00000,0.00000,0,0),(593,2011,4,35,'9065',0.00000,1.00000,0.00000,0,0),(594,2011,4,35,'9070',0.00000,0.00000,0.00000,0,0),(595,2011,4,35,'9090',0.00000,0.00000,0.00000,0,0),(596,2011,4,35,'1005',0.00000,0.00000,0.00000,0,0),(597,2011,4,35,'5010',0.00000,5.05000,0.00000,0,0),(598,2011,4,35,'5013',0.00000,0.00000,0.00000,0,0),(599,2011,4,35,'5020',0.00000,1.00000,0.00000,0,0),(600,2011,4,35,'5025',0.00000,0.50000,0.00000,0,0),(601,2011,4,35,'5023',0.00000,0.00000,0.00000,0,0),(602,2011,4,35,'9120',0.00000,0.00000,0.00000,0,0),(603,2011,4,35,'9999',0.00000,0.00000,0.00000,0,0),(604,2011,4,5,'5020',0.00000,0.00000,0.00000,30,0),(605,2011,4,5,'5025',0.00000,0.00000,0.00000,30,0),(606,2011,4,5,'5035',0.00000,0.00000,0.00000,30,0),(607,2011,4,5,'5036',0.00000,0.00000,0.00000,30,0),(608,2011,4,5,'5037',0.00000,0.00000,0.00000,30,0),(609,2011,4,5,'5040',0.00000,0.00000,0.00000,30,0),(610,2011,4,5,'5041',0.00000,0.00000,0.00000,30,0),(611,2011,4,5,'5050',0.00000,0.00000,0.00000,30,0),(612,2011,4,5,'5051',0.00000,0.00000,0.00000,30,0),(613,2011,4,6,'5020',0.00000,0.00000,0.00000,30,0),(614,2011,4,6,'5025',0.00000,0.00000,0.00000,30,0),(615,2011,4,6,'5035',0.00000,0.00000,0.00000,30,0),(616,2011,4,6,'5036',0.00000,0.00000,0.00000,30,0),(617,2011,4,6,'5037',0.00000,0.00000,0.00000,30,0),(618,2011,4,6,'5040',0.00000,0.00000,0.00000,30,0),(619,2011,4,6,'5041',0.00000,0.00000,0.00000,30,0),(620,2011,4,6,'5050',0.00000,0.00000,0.00000,30,0),(621,2011,4,6,'5051',0.00000,0.00000,0.00000,30,0),(622,2011,4,7,'5020',0.00000,0.00000,0.00000,30,0),(623,2011,4,7,'5025',0.00000,0.00000,0.00000,30,0),(624,2011,4,7,'5035',0.00000,0.00000,0.00000,30,0),(625,2011,4,7,'5036',0.00000,0.00000,0.00000,30,0),(626,2011,4,7,'5037',0.00000,0.00000,0.00000,30,0),(627,2011,4,7,'5040',0.00000,0.00000,0.00000,30,0),(628,2011,4,7,'5041',0.00000,0.00000,0.00000,30,0),(629,2011,4,7,'5050',0.00000,0.00000,0.00000,30,0),(630,2011,4,7,'5051',0.00000,0.00000,0.00000,30,0),(631,2011,4,8,'5020',0.00000,0.00000,0.00000,30,0),(632,2011,4,8,'5025',0.00000,0.00000,0.00000,30,0),(633,2011,4,8,'5035',0.00000,0.00000,0.00000,30,0),(634,2011,4,8,'5036',0.00000,0.00000,0.00000,30,0),(635,2011,4,8,'5037',0.00000,0.00000,0.00000,30,0),(636,2011,4,8,'5040',0.00000,0.00000,0.00000,30,0),(637,2011,4,8,'5041',0.00000,0.00000,0.00000,30,0),(638,2011,4,8,'5050',0.00000,0.00000,0.00000,30,0),(639,2011,4,8,'5051',0.00000,0.00000,0.00000,30,0),(640,2011,4,11,'5020',0.00000,0.00000,0.00000,30,0),(641,2011,4,11,'5025',0.00000,0.00000,0.00000,30,0),(642,2011,4,11,'5035',0.00000,0.00000,0.00000,30,0),(643,2011,4,11,'5036',0.00000,0.00000,0.00000,30,0),(644,2011,4,11,'5037',0.00000,0.00000,0.00000,30,0),(645,2011,4,11,'5040',0.00000,0.00000,0.00000,30,0),(646,2011,4,11,'5041',0.00000,0.00000,0.00000,30,0),(647,2011,4,11,'5050',0.00000,0.00000,0.00000,30,0),(648,2011,4,11,'5051',0.00000,0.00000,0.00000,30,0),(649,2011,4,17,'5020',0.00000,0.00000,0.00000,30,0),(650,2011,4,17,'5025',0.00000,0.00000,0.00000,30,0),(651,2011,4,17,'5035',0.00000,0.00000,0.00000,30,0),(652,2011,4,17,'5036',0.00000,0.00000,0.00000,30,0),(653,2011,4,17,'5037',0.00000,0.00000,0.00000,30,0),(654,2011,4,17,'5040',0.00000,0.00000,0.00000,30,0),(655,2011,4,17,'5041',0.00000,0.00000,0.00000,30,0),(656,2011,4,17,'5050',0.00000,0.00000,0.00000,30,0),(657,2011,4,17,'5051',0.00000,0.00000,0.00000,30,0),(658,2011,4,20,'5020',0.00000,0.00000,0.00000,30,0),(659,2011,4,20,'5025',0.00000,0.00000,0.00000,30,0),(660,2011,4,20,'5035',0.00000,0.00000,0.00000,30,0),(661,2011,4,20,'5036',0.00000,0.00000,0.00000,30,0),(662,2011,4,20,'5037',0.00000,0.00000,0.00000,30,0),(663,2011,4,20,'5040',0.00000,0.00000,0.00000,30,0),(664,2011,4,20,'5041',0.00000,0.00000,0.00000,30,0),(665,2011,4,20,'5050',0.00000,0.00000,0.00000,30,0),(666,2011,4,20,'5051',0.00000,0.00000,0.00000,30,0),(667,2011,4,21,'5020',0.00000,0.00000,0.00000,30,0),(668,2011,4,21,'5025',0.00000,0.00000,0.00000,30,0),(669,2011,4,21,'5035',0.00000,0.00000,0.00000,30,0),(670,2011,4,21,'5036',0.00000,0.00000,0.00000,30,0),(671,2011,4,21,'5037',0.00000,0.00000,0.00000,30,0),(672,2011,4,21,'5040',0.00000,0.00000,0.00000,30,0),(673,2011,4,21,'5041',0.00000,0.00000,0.00000,30,0),(674,2011,4,21,'5050',0.00000,0.00000,0.00000,30,0),(675,2011,4,21,'5051',0.00000,0.00000,0.00000,30,0),(676,2011,4,22,'5020',0.00000,0.00000,0.00000,30,0),(677,2011,4,22,'5025',0.00000,0.00000,0.00000,30,0),(678,2011,4,22,'5035',0.00000,0.00000,0.00000,30,0),(679,2011,4,22,'5036',0.00000,0.00000,0.00000,30,0),(680,2011,4,22,'5037',0.00000,0.00000,0.00000,30,0),(681,2011,4,22,'5040',0.00000,0.00000,0.00000,30,0),(682,2011,4,22,'5041',0.00000,0.00000,0.00000,30,0),(683,2011,4,22,'5050',0.00000,0.00000,0.00000,30,0),(684,2011,4,22,'5051',0.00000,0.00000,0.00000,30,0),(685,2011,4,23,'5020',0.00000,0.00000,0.00000,30,0),(686,2011,4,23,'5025',0.00000,0.00000,0.00000,30,0),(687,2011,4,23,'5035',0.00000,0.00000,0.00000,30,0),(688,2011,4,23,'5036',0.00000,0.00000,0.00000,30,0),(689,2011,4,23,'5037',0.00000,0.00000,0.00000,30,0),(690,2011,4,23,'5040',0.00000,0.00000,0.00000,30,0),(691,2011,4,23,'5041',0.00000,0.00000,0.00000,30,0),(692,2011,4,23,'5050',0.00000,0.00000,0.00000,30,0),(693,2011,4,23,'5051',0.00000,0.00000,0.00000,30,0),(694,2011,4,24,'5020',0.00000,0.00000,0.00000,16,0),(695,2011,4,24,'5025',0.00000,0.00000,0.00000,16,0),(696,2011,4,24,'5035',0.00000,0.00000,0.00000,16,0),(697,2011,4,24,'5036',0.00000,0.00000,0.00000,16,0),(698,2011,4,24,'5037',0.00000,0.00000,0.00000,16,0),(699,2011,4,24,'5040',0.00000,0.00000,0.00000,16,0),(700,2011,4,24,'5041',0.00000,0.00000,0.00000,16,0),(701,2011,4,24,'5050',0.00000,0.00000,0.00000,16,0),(702,2011,4,24,'5051',0.00000,0.00000,0.00000,16,0),(703,2011,4,25,'5020',0.00000,0.00000,0.00000,30,0),(704,2011,4,25,'5025',0.00000,0.00000,0.00000,30,0),(705,2011,4,25,'5035',0.00000,0.00000,0.00000,30,0),(706,2011,4,25,'5036',0.00000,0.00000,0.00000,30,0),(707,2011,4,25,'5037',0.00000,0.00000,0.00000,30,0),(708,2011,4,25,'5040',0.00000,0.00000,0.00000,30,0),(709,2011,4,25,'5041',0.00000,0.00000,0.00000,30,0),(710,2011,4,25,'5050',0.00000,0.00000,0.00000,30,0),(711,2011,4,25,'5051',0.00000,0.00000,0.00000,30,0),(712,2011,4,26,'5020',0.00000,0.00000,0.00000,30,0),(713,2011,4,26,'5025',0.00000,0.00000,0.00000,30,0),(714,2011,4,26,'5035',0.00000,0.00000,0.00000,30,0),(715,2011,4,26,'5036',0.00000,0.00000,0.00000,30,0),(716,2011,4,26,'5037',0.00000,0.00000,0.00000,30,0),(717,2011,4,26,'5040',0.00000,0.00000,0.00000,30,0),(718,2011,4,26,'5041',0.00000,0.00000,0.00000,30,0),(719,2011,4,26,'5050',0.00000,0.00000,0.00000,30,0),(720,2011,4,26,'5051',0.00000,0.00000,0.00000,30,0),(721,2011,4,27,'5020',0.00000,0.00000,0.00000,30,0),(722,2011,4,27,'5025',0.00000,0.00000,0.00000,30,0),(723,2011,4,27,'5035',0.00000,0.00000,0.00000,30,0),(724,2011,4,27,'5036',0.00000,0.00000,0.00000,30,0),(725,2011,4,27,'5037',0.00000,0.00000,0.00000,30,0),(726,2011,4,27,'5040',0.00000,0.00000,0.00000,30,0),(727,2011,4,27,'5041',0.00000,0.00000,0.00000,30,0),(728,2011,4,27,'5050',0.00000,0.00000,0.00000,30,0),(729,2011,4,27,'5051',0.00000,0.00000,0.00000,30,0),(730,2011,4,28,'5020',0.00000,0.00000,0.00000,30,0),(731,2011,4,28,'5025',0.00000,0.00000,0.00000,30,0),(732,2011,4,28,'5035',0.00000,0.00000,0.00000,30,0),(733,2011,4,28,'5036',0.00000,0.00000,0.00000,30,0),(734,2011,4,28,'5037',0.00000,0.00000,0.00000,30,0),(735,2011,4,28,'5040',0.00000,0.00000,0.00000,30,0),(736,2011,4,28,'5041',0.00000,0.00000,0.00000,30,0),(737,2011,4,28,'5050',0.00000,0.00000,0.00000,30,0),(738,2011,4,28,'5051',0.00000,0.00000,0.00000,30,0),(739,2011,4,29,'5020',0.00000,0.00000,0.00000,30,0),(740,2011,4,29,'5025',0.00000,0.00000,0.00000,30,0),(741,2011,4,29,'5035',0.00000,0.00000,0.00000,30,0),(742,2011,4,29,'5036',0.00000,0.00000,0.00000,30,0),(743,2011,4,29,'5037',0.00000,0.00000,0.00000,30,0),(744,2011,4,29,'5040',0.00000,0.00000,0.00000,30,0),(745,2011,4,29,'5041',0.00000,0.00000,0.00000,30,0),(746,2011,4,29,'5050',0.00000,0.00000,0.00000,30,0),(747,2011,4,29,'5051',0.00000,0.00000,0.00000,30,0),(748,2011,4,31,'5020',0.00000,0.00000,0.00000,0,0),(749,2011,4,31,'5025',0.00000,0.00000,0.00000,0,0),(750,2011,4,31,'5035',0.00000,0.00000,0.00000,0,0),(751,2011,4,31,'5036',0.00000,0.00000,0.00000,0,0),(752,2011,4,31,'5037',0.00000,0.00000,0.00000,0,0),(753,2011,4,31,'5040',0.00000,0.00000,0.00000,0,0),(754,2011,4,31,'5041',0.00000,0.00000,0.00000,0,0),(755,2011,4,31,'5050',0.00000,0.00000,0.00000,0,0),(756,2011,4,31,'5051',0.00000,0.00000,0.00000,0,0),(757,2011,4,33,'5020',0.00000,0.00000,0.00000,0,0),(758,2011,4,33,'5025',0.00000,0.00000,0.00000,0,0),(759,2011,4,33,'5035',0.00000,0.00000,0.00000,0,0),(760,2011,4,33,'5036',0.00000,0.00000,0.00000,0,0),(761,2011,4,33,'5037',0.00000,0.00000,0.00000,0,0),(762,2011,4,33,'5040',0.00000,0.00000,0.00000,0,0),(763,2011,4,33,'5041',0.00000,0.00000,0.00000,0,0),(764,2011,4,33,'5050',0.00000,0.00000,0.00000,0,0),(765,2011,4,33,'5051',0.00000,0.00000,0.00000,0,0),(859,2011,5,35,'1061',0.00000,0.00000,0.00000,0,0),(860,2011,5,35,'1999',0.00000,0.00000,0.00000,0,0),(861,2011,5,35,'5000',0.00000,0.00000,0.00000,0,0),(862,2011,5,35,'5070',0.00000,0.00000,0.00000,0,0),(863,2011,5,35,'6500',0.00000,0.00000,0.00000,0,0),(864,2011,5,35,'8000',0.00000,0.00000,0.00000,0,0),(865,2011,5,35,'9010',0.00000,0.00000,0.00000,0,0),(866,2011,5,35,'9015',0.00000,0.00000,0.00000,0,0),(867,2011,5,35,'9019',0.00000,0.00000,0.00000,0,0),(868,2011,5,35,'9020',0.00000,0.00000,0.00000,0,0),(869,2011,5,35,'9025',0.00000,0.00000,0.00000,0,0),(870,2011,5,35,'9027',0.00000,0.00000,0.00000,0,0),(871,2011,5,35,'9029',0.00000,0.00000,0.00000,0,0),(872,2011,5,35,'9030',0.00000,0.00000,0.00000,0,0),(873,2011,5,35,'9035',0.00000,0.00000,0.00000,0,0),(874,2011,5,35,'9040',0.00000,0.00000,0.00000,0,0),(875,2011,5,35,'9045',0.00000,0.00000,0.00000,0,0),(876,2011,5,35,'9050',0.00000,0.00000,0.00000,0,0),(877,2011,5,35,'9055',0.00000,0.00000,0.00000,0,0),(878,2011,5,35,'9060',0.00000,0.00000,0.00000,0,0),(879,2011,5,35,'9065',0.00000,1.00000,0.00000,0,0),(880,2011,5,35,'9070',0.00000,0.00000,0.00000,0,0),(881,2011,5,35,'9090',0.00000,0.00000,0.00000,0,0),(882,2011,5,35,'1005',0.00000,0.00000,0.00000,0,0),(883,2011,5,35,'5010',0.00000,5.05000,0.00000,0,0),(884,2011,5,35,'5013',0.00000,0.00000,0.00000,0,0),(885,2011,5,35,'5020',0.00000,1.00000,0.00000,0,0),(886,2011,5,35,'5025',0.00000,0.50000,0.00000,0,0),(887,2011,5,35,'5023',0.00000,0.00000,0.00000,0,0),(888,2011,5,35,'9120',0.00000,0.00000,0.00000,0,0),(889,2011,5,35,'9999',0.00000,0.00000,0.00000,0,0),(890,2011,5,5,'5020',0.00000,0.00000,0.00000,30,0),(891,2011,5,5,'5025',0.00000,0.00000,0.00000,30,0),(892,2011,5,5,'5035',0.00000,0.00000,0.00000,30,0),(893,2011,5,5,'5036',0.00000,0.00000,0.00000,30,0),(894,2011,5,5,'5037',0.00000,0.00000,0.00000,30,0),(895,2011,5,5,'5040',0.00000,0.00000,0.00000,30,0),(896,2011,5,5,'5041',0.00000,0.00000,0.00000,30,0),(897,2011,5,5,'5050',0.00000,0.00000,0.00000,30,0),(898,2011,5,5,'5051',0.00000,0.00000,0.00000,30,0),(899,2011,5,6,'5020',0.00000,0.00000,0.00000,30,0),(900,2011,5,6,'5025',0.00000,0.00000,0.00000,30,0),(901,2011,5,6,'5035',0.00000,0.00000,0.00000,30,0),(902,2011,5,6,'5036',0.00000,0.00000,0.00000,30,0),(903,2011,5,6,'5037',0.00000,0.00000,0.00000,30,0),(904,2011,5,6,'5040',0.00000,0.00000,0.00000,30,0),(905,2011,5,6,'5041',0.00000,0.00000,0.00000,30,0),(906,2011,5,6,'5050',0.00000,0.00000,0.00000,30,0),(907,2011,5,6,'5051',0.00000,0.00000,0.00000,30,0),(908,2011,5,7,'5020',0.00000,0.00000,0.00000,30,0),(909,2011,5,7,'5025',0.00000,0.00000,0.00000,30,0),(910,2011,5,7,'5035',0.00000,0.00000,0.00000,30,0),(911,2011,5,7,'5036',0.00000,0.00000,0.00000,30,0),(912,2011,5,7,'5037',0.00000,0.00000,0.00000,30,0),(913,2011,5,7,'5040',0.00000,0.00000,0.00000,30,0),(914,2011,5,7,'5041',0.00000,0.00000,0.00000,30,0),(915,2011,5,7,'5050',0.00000,0.00000,0.00000,30,0),(916,2011,5,7,'5051',0.00000,0.00000,0.00000,30,0),(917,2011,5,8,'5020',0.00000,0.00000,0.00000,30,0),(918,2011,5,8,'5025',0.00000,0.00000,0.00000,30,0),(919,2011,5,8,'5035',0.00000,0.00000,0.00000,30,0),(920,2011,5,8,'5036',0.00000,0.00000,0.00000,30,0),(921,2011,5,8,'5037',0.00000,0.00000,0.00000,30,0),(922,2011,5,8,'5040',0.00000,0.00000,0.00000,30,0),(923,2011,5,8,'5041',0.00000,0.00000,0.00000,30,0),(924,2011,5,8,'5050',0.00000,0.00000,0.00000,30,0),(925,2011,5,8,'5051',0.00000,0.00000,0.00000,30,0),(926,2011,5,11,'5020',0.00000,0.00000,0.00000,30,0),(927,2011,5,11,'5025',0.00000,0.00000,0.00000,30,0),(928,2011,5,11,'5035',0.00000,0.00000,0.00000,30,0),(929,2011,5,11,'5036',0.00000,0.00000,0.00000,30,0),(930,2011,5,11,'5037',0.00000,0.00000,0.00000,30,0),(931,2011,5,11,'5040',0.00000,0.00000,0.00000,30,0),(932,2011,5,11,'5041',0.00000,0.00000,0.00000,30,0),(933,2011,5,11,'5050',0.00000,0.00000,0.00000,30,0),(934,2011,5,11,'5051',0.00000,0.00000,0.00000,30,0),(935,2011,5,17,'5020',0.00000,0.00000,0.00000,30,0),(936,2011,5,17,'5025',0.00000,0.00000,0.00000,30,0),(937,2011,5,17,'5035',0.00000,0.00000,0.00000,30,0),(938,2011,5,17,'5036',0.00000,0.00000,0.00000,30,0),(939,2011,5,17,'5037',0.00000,0.00000,0.00000,30,0),(940,2011,5,17,'5040',0.00000,0.00000,0.00000,30,0),(941,2011,5,17,'5041',0.00000,0.00000,0.00000,30,0),(942,2011,5,17,'5050',0.00000,0.00000,0.00000,30,0),(943,2011,5,17,'5051',0.00000,0.00000,0.00000,30,0),(944,2011,5,20,'5020',0.00000,0.00000,0.00000,30,0),(945,2011,5,20,'5025',0.00000,0.00000,0.00000,30,0),(946,2011,5,20,'5035',0.00000,0.00000,0.00000,30,0),(947,2011,5,20,'5036',0.00000,0.00000,0.00000,30,0),(948,2011,5,20,'5037',0.00000,0.00000,0.00000,30,0),(949,2011,5,20,'5040',0.00000,0.00000,0.00000,30,0),(950,2011,5,20,'5041',0.00000,0.00000,0.00000,30,0),(951,2011,5,20,'5050',0.00000,0.00000,0.00000,30,0),(952,2011,5,20,'5051',0.00000,0.00000,0.00000,30,0),(953,2011,5,21,'5020',0.00000,0.00000,0.00000,30,0),(954,2011,5,21,'5025',0.00000,0.00000,0.00000,30,0),(955,2011,5,21,'5035',0.00000,0.00000,0.00000,30,0),(956,2011,5,21,'5036',0.00000,0.00000,0.00000,30,0),(957,2011,5,21,'5037',0.00000,0.00000,0.00000,30,0),(958,2011,5,21,'5040',0.00000,0.00000,0.00000,30,0),(959,2011,5,21,'5041',0.00000,0.00000,0.00000,30,0),(960,2011,5,21,'5050',0.00000,0.00000,0.00000,30,0),(961,2011,5,21,'5051',0.00000,0.00000,0.00000,30,0),(962,2011,5,22,'5020',0.00000,0.00000,0.00000,30,0),(963,2011,5,22,'5025',0.00000,0.00000,0.00000,30,0),(964,2011,5,22,'5035',0.00000,0.00000,0.00000,30,0),(965,2011,5,22,'5036',0.00000,0.00000,0.00000,30,0),(966,2011,5,22,'5037',0.00000,0.00000,0.00000,30,0),(967,2011,5,22,'5040',0.00000,0.00000,0.00000,30,0),(968,2011,5,22,'5041',0.00000,0.00000,0.00000,30,0),(969,2011,5,22,'5050',0.00000,0.00000,0.00000,30,0),(970,2011,5,22,'5051',0.00000,0.00000,0.00000,30,0),(971,2011,5,23,'5020',0.00000,0.00000,0.00000,30,0),(972,2011,5,23,'5025',0.00000,0.00000,0.00000,30,0),(973,2011,5,23,'5035',0.00000,0.00000,0.00000,30,0),(974,2011,5,23,'5036',0.00000,0.00000,0.00000,30,0),(975,2011,5,23,'5037',0.00000,0.00000,0.00000,30,0),(976,2011,5,23,'5040',0.00000,0.00000,0.00000,30,0),(977,2011,5,23,'5041',0.00000,0.00000,0.00000,30,0),(978,2011,5,23,'5050',0.00000,0.00000,0.00000,30,0),(979,2011,5,23,'5051',0.00000,0.00000,0.00000,30,0),(980,2011,5,24,'5020',0.00000,0.00000,0.00000,30,0),(981,2011,5,24,'5025',0.00000,0.00000,0.00000,30,0),(982,2011,5,24,'5035',0.00000,0.00000,0.00000,30,0),(983,2011,5,24,'5036',0.00000,0.00000,0.00000,30,0),(984,2011,5,24,'5037',0.00000,0.00000,0.00000,30,0),(985,2011,5,24,'5040',0.00000,0.00000,0.00000,30,0),(986,2011,5,24,'5041',0.00000,0.00000,0.00000,30,0),(987,2011,5,24,'5050',0.00000,0.00000,0.00000,30,0),(988,2011,5,24,'5051',0.00000,0.00000,0.00000,30,0),(989,2011,5,25,'5020',0.00000,0.00000,0.00000,30,0),(990,2011,5,25,'5025',0.00000,0.00000,0.00000,30,0),(991,2011,5,25,'5035',0.00000,0.00000,0.00000,30,0),(992,2011,5,25,'5036',0.00000,0.00000,0.00000,30,0),(993,2011,5,25,'5037',0.00000,0.00000,0.00000,30,0),(994,2011,5,25,'5040',0.00000,0.00000,0.00000,30,0),(995,2011,5,25,'5041',0.00000,0.00000,0.00000,30,0),(996,2011,5,25,'5050',0.00000,0.00000,0.00000,30,0),(997,2011,5,25,'5051',0.00000,0.00000,0.00000,30,0),(998,2011,5,26,'5020',0.00000,0.00000,0.00000,30,0),(999,2011,5,26,'5025',0.00000,0.00000,0.00000,30,0),(1000,2011,5,26,'5035',0.00000,0.00000,0.00000,30,0),(1001,2011,5,26,'5036',0.00000,0.00000,0.00000,30,0),(1002,2011,5,26,'5037',0.00000,0.00000,0.00000,30,0),(1003,2011,5,26,'5040',0.00000,0.00000,0.00000,30,0),(1004,2011,5,26,'5041',0.00000,0.00000,0.00000,30,0),(1005,2011,5,26,'5050',0.00000,0.00000,0.00000,30,0),(1006,2011,5,26,'5051',0.00000,0.00000,0.00000,30,0),(1007,2011,5,27,'5020',0.00000,0.00000,0.00000,30,0),(1008,2011,5,27,'5025',0.00000,0.00000,0.00000,30,0),(1009,2011,5,27,'5035',0.00000,0.00000,0.00000,30,0),(1010,2011,5,27,'5036',0.00000,0.00000,0.00000,30,0),(1011,2011,5,27,'5037',0.00000,0.00000,0.00000,30,0),(1012,2011,5,27,'5040',0.00000,0.00000,0.00000,30,0),(1013,2011,5,27,'5041',0.00000,0.00000,0.00000,30,0),(1014,2011,5,27,'5050',0.00000,0.00000,0.00000,30,0),(1015,2011,5,27,'5051',0.00000,0.00000,0.00000,30,0),(1016,2011,5,28,'5020',0.00000,0.00000,0.00000,30,0),(1017,2011,5,28,'5025',0.00000,0.00000,0.00000,30,0),(1018,2011,5,28,'5035',0.00000,0.00000,0.00000,30,0),(1019,2011,5,28,'5036',0.00000,0.00000,0.00000,30,0),(1020,2011,5,28,'5037',0.00000,0.00000,0.00000,30,0),(1021,2011,5,28,'5040',0.00000,0.00000,0.00000,30,0),(1022,2011,5,28,'5041',0.00000,0.00000,0.00000,30,0),(1023,2011,5,28,'5050',0.00000,0.00000,0.00000,30,0),(1024,2011,5,28,'5051',0.00000,0.00000,0.00000,30,0),(1025,2011,5,29,'5020',0.00000,0.00000,0.00000,30,0),(1026,2011,5,29,'5025',0.00000,0.00000,0.00000,30,0),(1027,2011,5,29,'5035',0.00000,0.00000,0.00000,30,0),(1028,2011,5,29,'5036',0.00000,0.00000,0.00000,30,0),(1029,2011,5,29,'5037',0.00000,0.00000,0.00000,30,0),(1030,2011,5,29,'5040',0.00000,0.00000,0.00000,30,0),(1031,2011,5,29,'5041',0.00000,0.00000,0.00000,30,0),(1032,2011,5,29,'5050',0.00000,0.00000,0.00000,30,0),(1033,2011,5,29,'5051',0.00000,0.00000,0.00000,30,0),(1034,2011,5,31,'5020',0.00000,0.00000,0.00000,0,0),(1035,2011,5,31,'5025',0.00000,0.00000,0.00000,0,0),(1036,2011,5,31,'5035',0.00000,0.00000,0.00000,0,0),(1037,2011,5,31,'5036',0.00000,0.00000,0.00000,0,0),(1038,2011,5,31,'5037',0.00000,0.00000,0.00000,0,0),(1039,2011,5,31,'5040',0.00000,0.00000,0.00000,0,0),(1040,2011,5,31,'5041',0.00000,0.00000,0.00000,0,0),(1041,2011,5,31,'5050',0.00000,0.00000,0.00000,0,0),(1042,2011,5,31,'5051',0.00000,0.00000,0.00000,0,0),(1043,2011,5,33,'5020',0.00000,0.00000,0.00000,0,0),(1044,2011,5,33,'5025',0.00000,0.00000,0.00000,0,0),(1045,2011,5,33,'5035',0.00000,0.00000,0.00000,0,0),(1046,2011,5,33,'5036',0.00000,0.00000,0.00000,0,0),(1047,2011,5,33,'5037',0.00000,0.00000,0.00000,0,0),(1048,2011,5,33,'5040',0.00000,0.00000,0.00000,0,0),(1049,2011,5,33,'5041',0.00000,0.00000,0.00000,0,0),(1050,2011,5,33,'5050',0.00000,0.00000,0.00000,0,0),(1051,2011,5,33,'5051',0.00000,0.00000,0.00000,0,0),(1145,2011,6,35,'1061',0.00000,0.00000,0.00000,0,0),(1146,2011,6,35,'1999',0.00000,0.00000,0.00000,0,0),(1147,2011,6,35,'5000',0.00000,0.00000,0.00000,0,0),(1148,2011,6,35,'5070',0.00000,0.00000,0.00000,0,0),(1149,2011,6,35,'6500',0.00000,0.00000,0.00000,0,0),(1150,2011,6,35,'8000',0.00000,0.00000,0.00000,0,0),(1151,2011,6,35,'9010',0.00000,0.00000,0.00000,0,0),(1152,2011,6,35,'9015',0.00000,0.00000,0.00000,0,0),(1153,2011,6,35,'9019',0.00000,0.00000,0.00000,0,0),(1154,2011,6,35,'9020',0.00000,0.00000,0.00000,0,0),(1155,2011,6,35,'9025',0.00000,0.00000,0.00000,0,0),(1156,2011,6,35,'9027',0.00000,0.00000,0.00000,0,0),(1157,2011,6,35,'9029',0.00000,0.00000,0.00000,0,0),(1158,2011,6,35,'9030',0.00000,0.00000,0.00000,0,0),(1159,2011,6,35,'9035',0.00000,0.00000,0.00000,0,0),(1160,2011,6,35,'9040',0.00000,0.00000,0.00000,0,0),(1161,2011,6,35,'9045',0.00000,0.00000,0.00000,0,0),(1162,2011,6,35,'9050',0.00000,0.00000,0.00000,0,0),(1163,2011,6,35,'9055',0.00000,0.00000,0.00000,0,0),(1164,2011,6,35,'9060',0.00000,0.00000,0.00000,0,0),(1165,2011,6,35,'9065',0.00000,1.00000,0.00000,0,0),(1166,2011,6,35,'9070',0.00000,0.00000,0.00000,0,0),(1167,2011,6,35,'9090',0.00000,0.00000,0.00000,0,0),(1168,2011,6,35,'1005',0.00000,0.00000,0.00000,0,0),(1169,2011,6,35,'5010',0.00000,5.05000,0.00000,0,0),(1170,2011,6,35,'5013',0.00000,0.00000,0.00000,0,0),(1171,2011,6,35,'5020',0.00000,1.00000,0.00000,0,0),(1172,2011,6,35,'5025',0.00000,0.50000,0.00000,0,0),(1173,2011,6,35,'5023',0.00000,0.00000,0.00000,0,0),(1174,2011,6,35,'9120',0.00000,0.00000,0.00000,0,0),(1175,2011,6,35,'9999',0.00000,0.00000,0.00000,0,0),(1176,2011,6,5,'5020',0.00000,0.00000,0.00000,30,0),(1177,2011,6,5,'5025',0.00000,0.00000,0.00000,30,0),(1178,2011,6,5,'5035',0.00000,0.00000,0.00000,30,0),(1179,2011,6,5,'5036',0.00000,0.00000,0.00000,30,0),(1180,2011,6,5,'5037',0.00000,0.00000,0.00000,30,0),(1181,2011,6,5,'5040',0.00000,0.00000,0.00000,30,0),(1182,2011,6,5,'5041',0.00000,0.00000,0.00000,30,0),(1183,2011,6,5,'5050',0.00000,0.00000,0.00000,30,0),(1184,2011,6,5,'5051',0.00000,0.00000,0.00000,30,0),(1185,2011,6,6,'5020',0.00000,0.00000,0.00000,30,0),(1186,2011,6,6,'5025',0.00000,0.00000,0.00000,30,0),(1187,2011,6,6,'5035',0.00000,0.00000,0.00000,30,0),(1188,2011,6,6,'5036',0.00000,0.00000,0.00000,30,0),(1189,2011,6,6,'5037',0.00000,0.00000,0.00000,30,0),(1190,2011,6,6,'5040',0.00000,0.00000,0.00000,30,0),(1191,2011,6,6,'5041',0.00000,0.00000,0.00000,30,0),(1192,2011,6,6,'5050',0.00000,0.00000,0.00000,30,0),(1193,2011,6,6,'5051',0.00000,0.00000,0.00000,30,0),(1194,2011,6,7,'5020',0.00000,0.00000,0.00000,30,0),(1195,2011,6,7,'5025',0.00000,0.00000,0.00000,30,0),(1196,2011,6,7,'5035',0.00000,0.00000,0.00000,30,0),(1197,2011,6,7,'5036',0.00000,0.00000,0.00000,30,0),(1198,2011,6,7,'5037',0.00000,0.00000,0.00000,30,0),(1199,2011,6,7,'5040',0.00000,0.00000,0.00000,30,0),(1200,2011,6,7,'5041',0.00000,0.00000,0.00000,30,0),(1201,2011,6,7,'5050',0.00000,0.00000,0.00000,30,0),(1202,2011,6,7,'5051',0.00000,0.00000,0.00000,30,0),(1203,2011,6,8,'5020',0.00000,0.00000,0.00000,30,0),(1204,2011,6,8,'5025',0.00000,0.00000,0.00000,30,0),(1205,2011,6,8,'5035',0.00000,0.00000,0.00000,30,0),(1206,2011,6,8,'5036',0.00000,0.00000,0.00000,30,0),(1207,2011,6,8,'5037',0.00000,0.00000,0.00000,30,0),(1208,2011,6,8,'5040',0.00000,0.00000,0.00000,30,0),(1209,2011,6,8,'5041',0.00000,0.00000,0.00000,30,0),(1210,2011,6,8,'5050',0.00000,0.00000,0.00000,30,0),(1211,2011,6,8,'5051',0.00000,0.00000,0.00000,30,0),(1212,2011,6,11,'5020',0.00000,0.00000,0.00000,30,0),(1213,2011,6,11,'5025',0.00000,0.00000,0.00000,30,0),(1214,2011,6,11,'5035',0.00000,0.00000,0.00000,30,0),(1215,2011,6,11,'5036',0.00000,0.00000,0.00000,30,0),(1216,2011,6,11,'5037',0.00000,0.00000,0.00000,30,0),(1217,2011,6,11,'5040',0.00000,0.00000,0.00000,30,0),(1218,2011,6,11,'5041',0.00000,0.00000,0.00000,30,0),(1219,2011,6,11,'5050',0.00000,0.00000,0.00000,30,0),(1220,2011,6,11,'5051',0.00000,0.00000,0.00000,30,0),(1221,2011,6,17,'5020',0.00000,0.00000,0.00000,30,0),(1222,2011,6,17,'5025',0.00000,0.00000,0.00000,30,0),(1223,2011,6,17,'5035',0.00000,0.00000,0.00000,30,0),(1224,2011,6,17,'5036',0.00000,0.00000,0.00000,30,0),(1225,2011,6,17,'5037',0.00000,0.00000,0.00000,30,0),(1226,2011,6,17,'5040',0.00000,0.00000,0.00000,30,0),(1227,2011,6,17,'5041',0.00000,0.00000,0.00000,30,0),(1228,2011,6,17,'5050',0.00000,0.00000,0.00000,30,0),(1229,2011,6,17,'5051',0.00000,0.00000,0.00000,30,0),(1230,2011,6,20,'5020',0.00000,0.00000,0.00000,30,0),(1231,2011,6,20,'5025',0.00000,0.00000,0.00000,30,0),(1232,2011,6,20,'5035',0.00000,0.00000,0.00000,30,0),(1233,2011,6,20,'5036',0.00000,0.00000,0.00000,30,0),(1234,2011,6,20,'5037',0.00000,0.00000,0.00000,30,0),(1235,2011,6,20,'5040',0.00000,0.00000,0.00000,30,0),(1236,2011,6,20,'5041',0.00000,0.00000,0.00000,30,0),(1237,2011,6,20,'5050',0.00000,0.00000,0.00000,30,0),(1238,2011,6,20,'5051',0.00000,0.00000,0.00000,30,0),(1239,2011,6,21,'5020',0.00000,0.00000,0.00000,30,0),(1240,2011,6,21,'5025',0.00000,0.00000,0.00000,30,0),(1241,2011,6,21,'5035',0.00000,0.00000,0.00000,30,0),(1242,2011,6,21,'5036',0.00000,0.00000,0.00000,30,0),(1243,2011,6,21,'5037',0.00000,0.00000,0.00000,30,0),(1244,2011,6,21,'5040',0.00000,0.00000,0.00000,30,0),(1245,2011,6,21,'5041',0.00000,0.00000,0.00000,30,0),(1246,2011,6,21,'5050',0.00000,0.00000,0.00000,30,0),(1247,2011,6,21,'5051',0.00000,0.00000,0.00000,30,0),(1248,2011,6,22,'5020',0.00000,0.00000,0.00000,30,0),(1249,2011,6,22,'5025',0.00000,0.00000,0.00000,30,0),(1250,2011,6,22,'5035',0.00000,0.00000,0.00000,30,0),(1251,2011,6,22,'5036',0.00000,0.00000,0.00000,30,0),(1252,2011,6,22,'5037',0.00000,0.00000,0.00000,30,0),(1253,2011,6,22,'5040',0.00000,0.00000,0.00000,30,0),(1254,2011,6,22,'5041',0.00000,0.00000,0.00000,30,0),(1255,2011,6,22,'5050',0.00000,0.00000,0.00000,30,0),(1256,2011,6,22,'5051',0.00000,0.00000,0.00000,30,0),(1257,2011,6,23,'5020',0.00000,0.00000,0.00000,30,0),(1258,2011,6,23,'5025',0.00000,0.00000,0.00000,30,0),(1259,2011,6,23,'5035',0.00000,0.00000,0.00000,30,0),(1260,2011,6,23,'5036',0.00000,0.00000,0.00000,30,0),(1261,2011,6,23,'5037',0.00000,0.00000,0.00000,30,0),(1262,2011,6,23,'5040',0.00000,0.00000,0.00000,30,0),(1263,2011,6,23,'5041',0.00000,0.00000,0.00000,30,0),(1264,2011,6,23,'5050',0.00000,0.00000,0.00000,30,0),(1265,2011,6,23,'5051',0.00000,0.00000,0.00000,30,0),(1266,2011,6,24,'5020',0.00000,0.00000,0.00000,30,0),(1267,2011,6,24,'5025',0.00000,0.00000,0.00000,30,0),(1268,2011,6,24,'5035',0.00000,0.00000,0.00000,30,0),(1269,2011,6,24,'5036',0.00000,0.00000,0.00000,30,0),(1270,2011,6,24,'5037',0.00000,0.00000,0.00000,30,0),(1271,2011,6,24,'5040',0.00000,0.00000,0.00000,30,0),(1272,2011,6,24,'5041',0.00000,0.00000,0.00000,30,0),(1273,2011,6,24,'5050',0.00000,0.00000,0.00000,30,0),(1274,2011,6,24,'5051',0.00000,0.00000,0.00000,30,0),(1275,2011,6,25,'5020',0.00000,0.00000,0.00000,30,0),(1276,2011,6,25,'5025',0.00000,0.00000,0.00000,30,0),(1277,2011,6,25,'5035',0.00000,0.00000,0.00000,30,0),(1278,2011,6,25,'5036',0.00000,0.00000,0.00000,30,0),(1279,2011,6,25,'5037',0.00000,0.00000,0.00000,30,0),(1280,2011,6,25,'5040',0.00000,0.00000,0.00000,30,0),(1281,2011,6,25,'5041',0.00000,0.00000,0.00000,30,0),(1282,2011,6,25,'5050',0.00000,0.00000,0.00000,30,0),(1283,2011,6,25,'5051',0.00000,0.00000,0.00000,30,0),(1284,2011,6,26,'5020',0.00000,0.00000,0.00000,30,0),(1285,2011,6,26,'5025',0.00000,0.00000,0.00000,30,0),(1286,2011,6,26,'5035',0.00000,0.00000,0.00000,30,0),(1287,2011,6,26,'5036',0.00000,0.00000,0.00000,30,0),(1288,2011,6,26,'5037',0.00000,0.00000,0.00000,30,0),(1289,2011,6,26,'5040',0.00000,0.00000,0.00000,30,0),(1290,2011,6,26,'5041',0.00000,0.00000,0.00000,30,0),(1291,2011,6,26,'5050',0.00000,0.00000,0.00000,30,0),(1292,2011,6,26,'5051',0.00000,0.00000,0.00000,30,0),(1293,2011,6,27,'5020',0.00000,0.00000,0.00000,30,0),(1294,2011,6,27,'5025',0.00000,0.00000,0.00000,30,0),(1295,2011,6,27,'5035',0.00000,0.00000,0.00000,30,0),(1296,2011,6,27,'5036',0.00000,0.00000,0.00000,30,0),(1297,2011,6,27,'5037',0.00000,0.00000,0.00000,30,0),(1298,2011,6,27,'5040',0.00000,0.00000,0.00000,30,0),(1299,2011,6,27,'5041',0.00000,0.00000,0.00000,30,0),(1300,2011,6,27,'5050',0.00000,0.00000,0.00000,30,0),(1301,2011,6,27,'5051',0.00000,0.00000,0.00000,30,0),(1302,2011,6,28,'5020',0.00000,0.00000,0.00000,30,0),(1303,2011,6,28,'5025',0.00000,0.00000,0.00000,30,0),(1304,2011,6,28,'5035',0.00000,0.00000,0.00000,30,0),(1305,2011,6,28,'5036',0.00000,0.00000,0.00000,30,0),(1306,2011,6,28,'5037',0.00000,0.00000,0.00000,30,0),(1307,2011,6,28,'5040',0.00000,0.00000,0.00000,30,0),(1308,2011,6,28,'5041',0.00000,0.00000,0.00000,30,0),(1309,2011,6,28,'5050',0.00000,0.00000,0.00000,30,0),(1310,2011,6,28,'5051',0.00000,0.00000,0.00000,30,0),(1311,2011,6,29,'5020',0.00000,0.00000,0.00000,30,0),(1312,2011,6,29,'5025',0.00000,0.00000,0.00000,30,0),(1313,2011,6,29,'5035',0.00000,0.00000,0.00000,30,0),(1314,2011,6,29,'5036',0.00000,0.00000,0.00000,30,0),(1315,2011,6,29,'5037',0.00000,0.00000,0.00000,30,0),(1316,2011,6,29,'5040',0.00000,0.00000,0.00000,30,0),(1317,2011,6,29,'5041',0.00000,0.00000,0.00000,30,0),(1318,2011,6,29,'5050',0.00000,0.00000,0.00000,30,0),(1319,2011,6,29,'5051',0.00000,0.00000,0.00000,30,0),(1320,2011,6,31,'5020',0.00000,0.00000,0.00000,0,0),(1321,2011,6,31,'5025',0.00000,0.00000,0.00000,0,0),(1322,2011,6,31,'5035',0.00000,0.00000,0.00000,0,0),(1323,2011,6,31,'5036',0.00000,0.00000,0.00000,0,0),(1324,2011,6,31,'5037',0.00000,0.00000,0.00000,0,0),(1325,2011,6,31,'5040',0.00000,0.00000,0.00000,0,0),(1326,2011,6,31,'5041',0.00000,0.00000,0.00000,0,0),(1327,2011,6,31,'5050',0.00000,0.00000,0.00000,0,0),(1328,2011,6,31,'5051',0.00000,0.00000,0.00000,0,0),(1329,2011,6,32,'5020',0.00000,0.00000,0.00000,30,0),(1330,2011,6,32,'5025',0.00000,0.00000,0.00000,30,0),(1331,2011,6,32,'5035',0.00000,0.00000,0.00000,30,0),(1332,2011,6,32,'5036',0.00000,0.00000,0.00000,30,0),(1333,2011,6,32,'5037',0.00000,0.00000,0.00000,30,0),(1334,2011,6,32,'5040',0.00000,0.00000,0.00000,30,0),(1335,2011,6,32,'5041',0.00000,0.00000,0.00000,30,0),(1336,2011,6,32,'5050',0.00000,0.00000,0.00000,30,0),(1337,2011,6,32,'5051',0.00000,0.00000,0.00000,30,0),(1338,2011,6,33,'5020',0.00000,0.00000,0.00000,0,0),(1339,2011,6,33,'5025',0.00000,0.00000,0.00000,0,0),(1340,2011,6,33,'5035',0.00000,0.00000,0.00000,0,0),(1341,2011,6,33,'5036',0.00000,0.00000,0.00000,0,0),(1342,2011,6,33,'5037',0.00000,0.00000,0.00000,0,0),(1343,2011,6,33,'5040',0.00000,0.00000,0.00000,0,0),(1344,2011,6,33,'5041',0.00000,0.00000,0.00000,0,0),(1345,2011,6,33,'5050',0.00000,0.00000,0.00000,0,0),(1346,2011,6,33,'5051',0.00000,0.00000,0.00000,0,0),(1431,2011,7,35,'1061',0.00000,0.00000,0.00000,0,0),(1432,2011,7,35,'1999',0.00000,0.00000,0.00000,0,0),(1433,2011,7,35,'5000',0.00000,0.00000,0.00000,0,0),(1434,2011,7,35,'5070',0.00000,0.00000,0.00000,0,0),(1435,2011,7,35,'6500',0.00000,0.00000,0.00000,0,0),(1436,2011,7,35,'8000',0.00000,0.00000,0.00000,0,0),(1437,2011,7,35,'9010',0.00000,0.00000,0.00000,0,0),(1438,2011,7,35,'9015',0.00000,0.00000,0.00000,0,0),(1439,2011,7,35,'9019',0.00000,0.00000,0.00000,0,0),(1440,2011,7,35,'9020',0.00000,0.00000,0.00000,0,0),(1441,2011,7,35,'9025',0.00000,0.00000,0.00000,0,0),(1442,2011,7,35,'9027',0.00000,0.00000,0.00000,0,0),(1443,2011,7,35,'9029',0.00000,0.00000,0.00000,0,0),(1444,2011,7,35,'9030',0.00000,0.00000,0.00000,0,0),(1445,2011,7,35,'9035',0.00000,0.00000,0.00000,0,0),(1446,2011,7,35,'9040',0.00000,0.00000,0.00000,0,0),(1447,2011,7,35,'9045',0.00000,0.00000,0.00000,0,0),(1448,2011,7,35,'9050',0.00000,0.00000,0.00000,0,0),(1449,2011,7,35,'9055',0.00000,0.00000,0.00000,0,0),(1450,2011,7,35,'9060',0.00000,0.00000,0.00000,0,0),(1451,2011,7,35,'9065',0.00000,1.00000,0.00000,0,0),(1452,2011,7,35,'9070',0.00000,0.00000,0.00000,0,0),(1453,2011,7,35,'9090',0.00000,0.00000,0.00000,0,0),(1454,2011,7,35,'1005',0.00000,0.00000,0.00000,0,0),(1455,2011,7,35,'5010',0.00000,5.05000,0.00000,0,0),(1456,2011,7,35,'5013',0.00000,0.00000,0.00000,0,0),(1457,2011,7,35,'5020',0.00000,1.00000,0.00000,0,0),(1458,2011,7,35,'5025',0.00000,0.50000,0.00000,0,0),(1459,2011,7,35,'5023',0.00000,0.00000,0.00000,0,0),(1460,2011,7,35,'9120',0.00000,0.00000,0.00000,0,0),(1461,2011,7,35,'9999',0.00000,0.00000,0.00000,0,0),(1462,2011,7,5,'5020',0.00000,0.00000,0.00000,30,0),(1463,2011,7,5,'5025',0.00000,0.00000,0.00000,30,0),(1464,2011,7,5,'5035',0.00000,0.00000,0.00000,30,0),(1465,2011,7,5,'5036',0.00000,0.00000,0.00000,30,0),(1466,2011,7,5,'5037',0.00000,0.00000,0.00000,30,0),(1467,2011,7,5,'5040',0.00000,0.00000,0.00000,30,0),(1468,2011,7,5,'5041',0.00000,0.00000,0.00000,30,0),(1469,2011,7,5,'5050',0.00000,0.00000,0.00000,30,0),(1470,2011,7,5,'5051',0.00000,0.00000,0.00000,30,0),(1471,2011,7,6,'5020',0.00000,0.00000,0.00000,30,0),(1472,2011,7,6,'5025',0.00000,0.00000,0.00000,30,0),(1473,2011,7,6,'5035',0.00000,0.00000,0.00000,30,0),(1474,2011,7,6,'5036',0.00000,0.00000,0.00000,30,0),(1475,2011,7,6,'5037',0.00000,0.00000,0.00000,30,0),(1476,2011,7,6,'5040',0.00000,0.00000,0.00000,30,0),(1477,2011,7,6,'5041',0.00000,0.00000,0.00000,30,0),(1478,2011,7,6,'5050',0.00000,0.00000,0.00000,30,0),(1479,2011,7,6,'5051',0.00000,0.00000,0.00000,30,0),(1480,2011,7,7,'5020',0.00000,0.00000,0.00000,30,0),(1481,2011,7,7,'5025',0.00000,0.00000,0.00000,30,0),(1482,2011,7,7,'5035',0.00000,0.00000,0.00000,30,0),(1483,2011,7,7,'5036',0.00000,0.00000,0.00000,30,0),(1484,2011,7,7,'5037',0.00000,0.00000,0.00000,30,0),(1485,2011,7,7,'5040',0.00000,0.00000,0.00000,30,0),(1486,2011,7,7,'5041',0.00000,0.00000,0.00000,30,0),(1487,2011,7,7,'5050',0.00000,0.00000,0.00000,30,0),(1488,2011,7,7,'5051',0.00000,0.00000,0.00000,30,0),(1489,2011,7,8,'5020',0.00000,0.00000,0.00000,30,0),(1490,2011,7,8,'5025',0.00000,0.00000,0.00000,30,0),(1491,2011,7,8,'5035',0.00000,0.00000,0.00000,30,0),(1492,2011,7,8,'5036',0.00000,0.00000,0.00000,30,0),(1493,2011,7,8,'5037',0.00000,0.00000,0.00000,30,0),(1494,2011,7,8,'5040',0.00000,0.00000,0.00000,30,0),(1495,2011,7,8,'5041',0.00000,0.00000,0.00000,30,0),(1496,2011,7,8,'5050',0.00000,0.00000,0.00000,30,0),(1497,2011,7,8,'5051',0.00000,0.00000,0.00000,30,0),(1498,2011,7,11,'5020',0.00000,0.00000,0.00000,30,0),(1499,2011,7,11,'5025',0.00000,0.00000,0.00000,30,0),(1500,2011,7,11,'5035',0.00000,0.00000,0.00000,30,0),(1501,2011,7,11,'5036',0.00000,0.00000,0.00000,30,0),(1502,2011,7,11,'5037',0.00000,0.00000,0.00000,30,0),(1503,2011,7,11,'5040',0.00000,0.00000,0.00000,30,0),(1504,2011,7,11,'5041',0.00000,0.00000,0.00000,30,0),(1505,2011,7,11,'5050',0.00000,0.00000,0.00000,30,0),(1506,2011,7,11,'5051',0.00000,0.00000,0.00000,30,0),(1507,2011,7,17,'5020',0.00000,0.00000,0.00000,30,0),(1508,2011,7,17,'5025',0.00000,0.00000,0.00000,30,0),(1509,2011,7,17,'5035',0.00000,0.00000,0.00000,30,0),(1510,2011,7,17,'5036',0.00000,0.00000,0.00000,30,0),(1511,2011,7,17,'5037',0.00000,0.00000,0.00000,30,0),(1512,2011,7,17,'5040',0.00000,0.00000,0.00000,30,0),(1513,2011,7,17,'5041',0.00000,0.00000,0.00000,30,0),(1514,2011,7,17,'5050',0.00000,0.00000,0.00000,30,0),(1515,2011,7,17,'5051',0.00000,0.00000,0.00000,30,0),(1516,2011,7,20,'5020',0.00000,0.00000,0.00000,30,0),(1517,2011,7,20,'5025',0.00000,0.00000,0.00000,30,0),(1518,2011,7,20,'5035',0.00000,0.00000,0.00000,30,0),(1519,2011,7,20,'5036',0.00000,0.00000,0.00000,30,0),(1520,2011,7,20,'5037',0.00000,0.00000,0.00000,30,0),(1521,2011,7,20,'5040',0.00000,0.00000,0.00000,30,0),(1522,2011,7,20,'5041',0.00000,0.00000,0.00000,30,0),(1523,2011,7,20,'5050',0.00000,0.00000,0.00000,30,0),(1524,2011,7,20,'5051',0.00000,0.00000,0.00000,30,0),(1525,2011,7,21,'5020',0.00000,0.00000,0.00000,30,0),(1526,2011,7,21,'5025',0.00000,0.00000,0.00000,30,0),(1527,2011,7,21,'5035',0.00000,0.00000,0.00000,30,0),(1528,2011,7,21,'5036',0.00000,0.00000,0.00000,30,0),(1529,2011,7,21,'5037',0.00000,0.00000,0.00000,30,0),(1530,2011,7,21,'5040',0.00000,0.00000,0.00000,30,0),(1531,2011,7,21,'5041',0.00000,0.00000,0.00000,30,0),(1532,2011,7,21,'5050',0.00000,0.00000,0.00000,30,0),(1533,2011,7,21,'5051',0.00000,0.00000,0.00000,30,0),(1534,2011,7,22,'5020',0.00000,0.00000,0.00000,30,0),(1535,2011,7,22,'5025',0.00000,0.00000,0.00000,30,0),(1536,2011,7,22,'5035',0.00000,0.00000,0.00000,30,0),(1537,2011,7,22,'5036',0.00000,0.00000,0.00000,30,0),(1538,2011,7,22,'5037',0.00000,0.00000,0.00000,30,0),(1539,2011,7,22,'5040',0.00000,0.00000,0.00000,30,0),(1540,2011,7,22,'5041',0.00000,0.00000,0.00000,30,0),(1541,2011,7,22,'5050',0.00000,0.00000,0.00000,30,0),(1542,2011,7,22,'5051',0.00000,0.00000,0.00000,30,0),(1543,2011,7,23,'5020',0.00000,0.00000,0.00000,30,0),(1544,2011,7,23,'5025',0.00000,0.00000,0.00000,30,0),(1545,2011,7,23,'5035',0.00000,0.00000,0.00000,30,0),(1546,2011,7,23,'5036',0.00000,0.00000,0.00000,30,0),(1547,2011,7,23,'5037',0.00000,0.00000,0.00000,30,0),(1548,2011,7,23,'5040',0.00000,0.00000,0.00000,30,0),(1549,2011,7,23,'5041',0.00000,0.00000,0.00000,30,0),(1550,2011,7,23,'5050',0.00000,0.00000,0.00000,30,0),(1551,2011,7,23,'5051',0.00000,0.00000,0.00000,30,0),(1552,2011,7,24,'5020',0.00000,0.00000,0.00000,30,0),(1553,2011,7,24,'5025',0.00000,0.00000,0.00000,30,0),(1554,2011,7,24,'5035',0.00000,0.00000,0.00000,30,0),(1555,2011,7,24,'5036',0.00000,0.00000,0.00000,30,0),(1556,2011,7,24,'5037',0.00000,0.00000,0.00000,30,0),(1557,2011,7,24,'5040',0.00000,0.00000,0.00000,30,0),(1558,2011,7,24,'5041',0.00000,0.00000,0.00000,30,0),(1559,2011,7,24,'5050',0.00000,0.00000,0.00000,30,0),(1560,2011,7,24,'5051',0.00000,0.00000,0.00000,30,0),(1561,2011,7,25,'5020',0.00000,0.00000,0.00000,30,0),(1562,2011,7,25,'5025',0.00000,0.00000,0.00000,30,0),(1563,2011,7,25,'5035',0.00000,0.00000,0.00000,30,0),(1564,2011,7,25,'5036',0.00000,0.00000,0.00000,30,0),(1565,2011,7,25,'5037',0.00000,0.00000,0.00000,30,0),(1566,2011,7,25,'5040',0.00000,0.00000,0.00000,30,0),(1567,2011,7,25,'5041',0.00000,0.00000,0.00000,30,0),(1568,2011,7,25,'5050',0.00000,0.00000,0.00000,30,0),(1569,2011,7,25,'5051',0.00000,0.00000,0.00000,30,0),(1570,2011,7,26,'5020',0.00000,0.00000,0.00000,30,0),(1571,2011,7,26,'5025',0.00000,0.00000,0.00000,30,0),(1572,2011,7,26,'5035',0.00000,0.00000,0.00000,30,0),(1573,2011,7,26,'5036',0.00000,0.00000,0.00000,30,0),(1574,2011,7,26,'5037',0.00000,0.00000,0.00000,30,0),(1575,2011,7,26,'5040',0.00000,0.00000,0.00000,30,0),(1576,2011,7,26,'5041',0.00000,0.00000,0.00000,30,0),(1577,2011,7,26,'5050',0.00000,0.00000,0.00000,30,0),(1578,2011,7,26,'5051',0.00000,0.00000,0.00000,30,0),(1579,2011,7,27,'5020',0.00000,0.00000,0.00000,30,0),(1580,2011,7,27,'5025',0.00000,0.00000,0.00000,30,0),(1581,2011,7,27,'5035',0.00000,0.00000,0.00000,30,0),(1582,2011,7,27,'5036',0.00000,0.00000,0.00000,30,0),(1583,2011,7,27,'5037',0.00000,0.00000,0.00000,30,0),(1584,2011,7,27,'5040',0.00000,0.00000,0.00000,30,0),(1585,2011,7,27,'5041',0.00000,0.00000,0.00000,30,0),(1586,2011,7,27,'5050',0.00000,0.00000,0.00000,30,0),(1587,2011,7,27,'5051',0.00000,0.00000,0.00000,30,0),(1588,2011,7,28,'5020',0.00000,0.00000,0.00000,30,0),(1589,2011,7,28,'5025',0.00000,0.00000,0.00000,30,0),(1590,2011,7,28,'5035',0.00000,0.00000,0.00000,30,0),(1591,2011,7,28,'5036',0.00000,0.00000,0.00000,30,0),(1592,2011,7,28,'5037',0.00000,0.00000,0.00000,30,0),(1593,2011,7,28,'5040',0.00000,0.00000,0.00000,30,0),(1594,2011,7,28,'5041',0.00000,0.00000,0.00000,30,0),(1595,2011,7,28,'5050',0.00000,0.00000,0.00000,30,0),(1596,2011,7,28,'5051',0.00000,0.00000,0.00000,30,0),(1597,2011,7,29,'5020',0.00000,0.00000,0.00000,30,0),(1598,2011,7,29,'5025',0.00000,0.00000,0.00000,30,0),(1599,2011,7,29,'5035',0.00000,0.00000,0.00000,30,0),(1600,2011,7,29,'5036',0.00000,0.00000,0.00000,30,0),(1601,2011,7,29,'5037',0.00000,0.00000,0.00000,30,0),(1602,2011,7,29,'5040',0.00000,0.00000,0.00000,30,0),(1603,2011,7,29,'5041',0.00000,0.00000,0.00000,30,0),(1604,2011,7,29,'5050',0.00000,0.00000,0.00000,30,0),(1605,2011,7,29,'5051',0.00000,0.00000,0.00000,30,0),(1606,2011,7,31,'5020',0.00000,0.00000,0.00000,0,0),(1607,2011,7,31,'5025',0.00000,0.00000,0.00000,0,0),(1608,2011,7,31,'5035',0.00000,0.00000,0.00000,0,0),(1609,2011,7,31,'5036',0.00000,0.00000,0.00000,0,0),(1610,2011,7,31,'5037',0.00000,0.00000,0.00000,0,0),(1611,2011,7,31,'5040',0.00000,0.00000,0.00000,0,0),(1612,2011,7,31,'5041',0.00000,0.00000,0.00000,0,0),(1613,2011,7,31,'5050',0.00000,0.00000,0.00000,0,0),(1614,2011,7,31,'5051',0.00000,0.00000,0.00000,0,0),(1615,2011,7,32,'5020',0.00000,0.00000,0.00000,30,0),(1616,2011,7,32,'5025',0.00000,0.00000,0.00000,30,0),(1617,2011,7,32,'5035',0.00000,0.00000,0.00000,30,0),(1618,2011,7,32,'5036',0.00000,0.00000,0.00000,30,0),(1619,2011,7,32,'5037',0.00000,0.00000,0.00000,30,0),(1620,2011,7,32,'5040',0.00000,0.00000,0.00000,30,0),(1621,2011,7,32,'5041',0.00000,0.00000,0.00000,30,0),(1622,2011,7,32,'5050',0.00000,0.00000,0.00000,30,0),(1623,2011,7,32,'5051',0.00000,0.00000,0.00000,30,0),(1624,2011,7,33,'5020',0.00000,0.00000,0.00000,0,0),(1625,2011,7,33,'5025',0.00000,0.00000,0.00000,0,0),(1626,2011,7,33,'5035',0.00000,0.00000,0.00000,0,0),(1627,2011,7,33,'5036',0.00000,0.00000,0.00000,0,0),(1628,2011,7,33,'5037',0.00000,0.00000,0.00000,0,0),(1629,2011,7,33,'5040',0.00000,0.00000,0.00000,0,0),(1630,2011,7,33,'5041',0.00000,0.00000,0.00000,0,0),(1631,2011,7,33,'5050',0.00000,0.00000,0.00000,0,0),(1632,2011,7,33,'5051',0.00000,0.00000,0.00000,0,0),(1717,2011,8,35,'1061',0.00000,0.00000,0.00000,0,0),(1718,2011,8,35,'1999',0.00000,0.00000,0.00000,0,0),(1719,2011,8,35,'5000',0.00000,0.00000,0.00000,0,0),(1720,2011,8,35,'5070',0.00000,0.00000,0.00000,0,0),(1721,2011,8,35,'6500',0.00000,0.00000,0.00000,0,0),(1722,2011,8,35,'8000',0.00000,0.00000,0.00000,0,0),(1723,2011,8,35,'9010',0.00000,0.00000,0.00000,0,0),(1724,2011,8,35,'9015',0.00000,0.00000,0.00000,0,0),(1725,2011,8,35,'9019',0.00000,0.00000,0.00000,0,0),(1726,2011,8,35,'9020',0.00000,0.00000,0.00000,0,0),(1727,2011,8,35,'9025',0.00000,0.00000,0.00000,0,0),(1728,2011,8,35,'9027',0.00000,0.00000,0.00000,0,0),(1729,2011,8,35,'9029',0.00000,0.00000,0.00000,0,0),(1730,2011,8,35,'9030',0.00000,0.00000,0.00000,0,0),(1731,2011,8,35,'9035',0.00000,0.00000,0.00000,0,0),(1732,2011,8,35,'9040',0.00000,0.00000,0.00000,0,0),(1733,2011,8,35,'9045',0.00000,0.00000,0.00000,0,0),(1734,2011,8,35,'9050',0.00000,0.00000,0.00000,0,0),(1735,2011,8,35,'9055',0.00000,0.00000,0.00000,0,0),(1736,2011,8,35,'9060',0.00000,0.00000,0.00000,0,0),(1737,2011,8,35,'9065',0.00000,1.00000,0.00000,0,0),(1738,2011,8,35,'9070',0.00000,0.00000,0.00000,0,0),(1739,2011,8,35,'9090',0.00000,0.00000,0.00000,0,0),(1740,2011,8,35,'1005',0.00000,0.00000,0.00000,0,0),(1741,2011,8,35,'5010',0.00000,5.05000,0.00000,0,0),(1742,2011,8,35,'5013',0.00000,0.00000,0.00000,0,0),(1743,2011,8,35,'5020',0.00000,1.00000,0.00000,0,0),(1744,2011,8,35,'5025',0.00000,0.50000,0.00000,0,0),(1745,2011,8,35,'5023',0.00000,0.00000,0.00000,0,0),(1746,2011,8,35,'9120',0.00000,0.00000,0.00000,0,0),(1747,2011,8,35,'9999',0.00000,0.00000,0.00000,0,0),(1748,2011,8,5,'5020',0.00000,0.00000,0.00000,30,0),(1749,2011,8,5,'5025',0.00000,0.00000,0.00000,30,0),(1750,2011,8,5,'5035',0.00000,0.00000,0.00000,30,0),(1751,2011,8,5,'5036',0.00000,0.00000,0.00000,30,0),(1752,2011,8,5,'5037',0.00000,0.00000,0.00000,30,0),(1753,2011,8,5,'5040',0.00000,0.00000,0.00000,30,0),(1754,2011,8,5,'5041',0.00000,0.00000,0.00000,30,0),(1755,2011,8,5,'5050',0.00000,0.00000,0.00000,30,0),(1756,2011,8,5,'5051',0.00000,0.00000,0.00000,30,0),(1757,2011,8,6,'5020',0.00000,0.00000,0.00000,30,0),(1758,2011,8,6,'5025',0.00000,0.00000,0.00000,30,0),(1759,2011,8,6,'5035',0.00000,0.00000,0.00000,30,0),(1760,2011,8,6,'5036',0.00000,0.00000,0.00000,30,0),(1761,2011,8,6,'5037',0.00000,0.00000,0.00000,30,0),(1762,2011,8,6,'5040',0.00000,0.00000,0.00000,30,0),(1763,2011,8,6,'5041',0.00000,0.00000,0.00000,30,0),(1764,2011,8,6,'5050',0.00000,0.00000,0.00000,30,0),(1765,2011,8,6,'5051',0.00000,0.00000,0.00000,30,0),(1766,2011,8,7,'5020',0.00000,0.00000,0.00000,30,0),(1767,2011,8,7,'5025',0.00000,0.00000,0.00000,30,0),(1768,2011,8,7,'5035',0.00000,0.00000,0.00000,30,0),(1769,2011,8,7,'5036',0.00000,0.00000,0.00000,30,0),(1770,2011,8,7,'5037',0.00000,0.00000,0.00000,30,0),(1771,2011,8,7,'5040',0.00000,0.00000,0.00000,30,0),(1772,2011,8,7,'5041',0.00000,0.00000,0.00000,30,0),(1773,2011,8,7,'5050',0.00000,0.00000,0.00000,30,0),(1774,2011,8,7,'5051',0.00000,0.00000,0.00000,30,0),(1775,2011,8,8,'5020',0.00000,0.00000,0.00000,30,0),(1776,2011,8,8,'5025',0.00000,0.00000,0.00000,30,0),(1777,2011,8,8,'5035',0.00000,0.00000,0.00000,30,0),(1778,2011,8,8,'5036',0.00000,0.00000,0.00000,30,0),(1779,2011,8,8,'5037',0.00000,0.00000,0.00000,30,0),(1780,2011,8,8,'5040',0.00000,0.00000,0.00000,30,0),(1781,2011,8,8,'5041',0.00000,0.00000,0.00000,30,0),(1782,2011,8,8,'5050',0.00000,0.00000,0.00000,30,0),(1783,2011,8,8,'5051',0.00000,0.00000,0.00000,30,0),(1784,2011,8,11,'5020',0.00000,0.00000,0.00000,30,0),(1785,2011,8,11,'5025',0.00000,0.00000,0.00000,30,0),(1786,2011,8,11,'5035',0.00000,0.00000,0.00000,30,0),(1787,2011,8,11,'5036',0.00000,0.00000,0.00000,30,0),(1788,2011,8,11,'5037',0.00000,0.00000,0.00000,30,0),(1789,2011,8,11,'5040',0.00000,0.00000,0.00000,30,0),(1790,2011,8,11,'5041',0.00000,0.00000,0.00000,30,0),(1791,2011,8,11,'5050',0.00000,0.00000,0.00000,30,0),(1792,2011,8,11,'5051',0.00000,0.00000,0.00000,30,0),(1793,2011,8,17,'5020',0.00000,0.00000,0.00000,30,0),(1794,2011,8,17,'5025',0.00000,0.00000,0.00000,30,0),(1795,2011,8,17,'5035',0.00000,0.00000,0.00000,30,0),(1796,2011,8,17,'5036',0.00000,0.00000,0.00000,30,0),(1797,2011,8,17,'5037',0.00000,0.00000,0.00000,30,0),(1798,2011,8,17,'5040',0.00000,0.00000,0.00000,30,0),(1799,2011,8,17,'5041',0.00000,0.00000,0.00000,30,0),(1800,2011,8,17,'5050',0.00000,0.00000,0.00000,30,0),(1801,2011,8,17,'5051',0.00000,0.00000,0.00000,30,0),(1802,2011,8,20,'5020',0.00000,0.00000,0.00000,30,0),(1803,2011,8,20,'5025',0.00000,0.00000,0.00000,30,0),(1804,2011,8,20,'5035',0.00000,0.00000,0.00000,30,0),(1805,2011,8,20,'5036',0.00000,0.00000,0.00000,30,0),(1806,2011,8,20,'5037',0.00000,0.00000,0.00000,30,0),(1807,2011,8,20,'5040',0.00000,0.00000,0.00000,30,0),(1808,2011,8,20,'5041',0.00000,0.00000,0.00000,30,0),(1809,2011,8,20,'5050',0.00000,0.00000,0.00000,30,0),(1810,2011,8,20,'5051',0.00000,0.00000,0.00000,30,0),(1811,2011,8,21,'5020',0.00000,0.00000,0.00000,30,0),(1812,2011,8,21,'5025',0.00000,0.00000,0.00000,30,0),(1813,2011,8,21,'5035',0.00000,0.00000,0.00000,30,0),(1814,2011,8,21,'5036',0.00000,0.00000,0.00000,30,0),(1815,2011,8,21,'5037',0.00000,0.00000,0.00000,30,0),(1816,2011,8,21,'5040',0.00000,0.00000,0.00000,30,0),(1817,2011,8,21,'5041',0.00000,0.00000,0.00000,30,0),(1818,2011,8,21,'5050',0.00000,0.00000,0.00000,30,0),(1819,2011,8,21,'5051',0.00000,0.00000,0.00000,30,0),(1820,2011,8,22,'5020',0.00000,0.00000,0.00000,30,0),(1821,2011,8,22,'5025',0.00000,0.00000,0.00000,30,0),(1822,2011,8,22,'5035',0.00000,0.00000,0.00000,30,0),(1823,2011,8,22,'5036',0.00000,0.00000,0.00000,30,0),(1824,2011,8,22,'5037',0.00000,0.00000,0.00000,30,0),(1825,2011,8,22,'5040',0.00000,0.00000,0.00000,30,0),(1826,2011,8,22,'5041',0.00000,0.00000,0.00000,30,0),(1827,2011,8,22,'5050',0.00000,0.00000,0.00000,30,0),(1828,2011,8,22,'5051',0.00000,0.00000,0.00000,30,0),(1829,2011,8,23,'5020',0.00000,0.00000,0.00000,30,0),(1830,2011,8,23,'5025',0.00000,0.00000,0.00000,30,0),(1831,2011,8,23,'5035',0.00000,0.00000,0.00000,30,0),(1832,2011,8,23,'5036',0.00000,0.00000,0.00000,30,0),(1833,2011,8,23,'5037',0.00000,0.00000,0.00000,30,0),(1834,2011,8,23,'5040',0.00000,0.00000,0.00000,30,0),(1835,2011,8,23,'5041',0.00000,0.00000,0.00000,30,0),(1836,2011,8,23,'5050',0.00000,0.00000,0.00000,30,0),(1837,2011,8,23,'5051',0.00000,0.00000,0.00000,30,0),(1838,2011,8,24,'5020',0.00000,0.00000,0.00000,30,0),(1839,2011,8,24,'5025',0.00000,0.00000,0.00000,30,0),(1840,2011,8,24,'5035',0.00000,0.00000,0.00000,30,0),(1841,2011,8,24,'5036',0.00000,0.00000,0.00000,30,0),(1842,2011,8,24,'5037',0.00000,0.00000,0.00000,30,0),(1843,2011,8,24,'5040',0.00000,0.00000,0.00000,30,0),(1844,2011,8,24,'5041',0.00000,0.00000,0.00000,30,0),(1845,2011,8,24,'5050',0.00000,0.00000,0.00000,30,0),(1846,2011,8,24,'5051',0.00000,0.00000,0.00000,30,0),(1847,2011,8,25,'5020',0.00000,0.00000,0.00000,30,0),(1848,2011,8,25,'5025',0.00000,0.00000,0.00000,30,0),(1849,2011,8,25,'5035',0.00000,0.00000,0.00000,30,0),(1850,2011,8,25,'5036',0.00000,0.00000,0.00000,30,0),(1851,2011,8,25,'5037',0.00000,0.00000,0.00000,30,0),(1852,2011,8,25,'5040',0.00000,0.00000,0.00000,30,0),(1853,2011,8,25,'5041',0.00000,0.00000,0.00000,30,0),(1854,2011,8,25,'5050',0.00000,0.00000,0.00000,30,0),(1855,2011,8,25,'5051',0.00000,0.00000,0.00000,30,0),(1856,2011,8,26,'5020',0.00000,0.00000,0.00000,30,0),(1857,2011,8,26,'5025',0.00000,0.00000,0.00000,30,0),(1858,2011,8,26,'5035',0.00000,0.00000,0.00000,30,0),(1859,2011,8,26,'5036',0.00000,0.00000,0.00000,30,0),(1860,2011,8,26,'5037',0.00000,0.00000,0.00000,30,0),(1861,2011,8,26,'5040',0.00000,0.00000,0.00000,30,0),(1862,2011,8,26,'5041',0.00000,0.00000,0.00000,30,0),(1863,2011,8,26,'5050',0.00000,0.00000,0.00000,30,0),(1864,2011,8,26,'5051',0.00000,0.00000,0.00000,30,0),(1865,2011,8,27,'5020',0.00000,0.00000,0.00000,30,0),(1866,2011,8,27,'5025',0.00000,0.00000,0.00000,30,0),(1867,2011,8,27,'5035',0.00000,0.00000,0.00000,30,0),(1868,2011,8,27,'5036',0.00000,0.00000,0.00000,30,0),(1869,2011,8,27,'5037',0.00000,0.00000,0.00000,30,0),(1870,2011,8,27,'5040',0.00000,0.00000,0.00000,30,0),(1871,2011,8,27,'5041',0.00000,0.00000,0.00000,30,0),(1872,2011,8,27,'5050',0.00000,0.00000,0.00000,30,0),(1873,2011,8,27,'5051',0.00000,0.00000,0.00000,30,0),(1874,2011,8,28,'5020',0.00000,0.00000,0.00000,30,0),(1875,2011,8,28,'5025',0.00000,0.00000,0.00000,30,0),(1876,2011,8,28,'5035',0.00000,0.00000,0.00000,30,0),(1877,2011,8,28,'5036',0.00000,0.00000,0.00000,30,0),(1878,2011,8,28,'5037',0.00000,0.00000,0.00000,30,0),(1879,2011,8,28,'5040',0.00000,0.00000,0.00000,30,0),(1880,2011,8,28,'5041',0.00000,0.00000,0.00000,30,0),(1881,2011,8,28,'5050',0.00000,0.00000,0.00000,30,0),(1882,2011,8,28,'5051',0.00000,0.00000,0.00000,30,0),(1883,2011,8,29,'5020',0.00000,0.00000,0.00000,30,0),(1884,2011,8,29,'5025',0.00000,0.00000,0.00000,30,0),(1885,2011,8,29,'5035',0.00000,0.00000,0.00000,30,0),(1886,2011,8,29,'5036',0.00000,0.00000,0.00000,30,0),(1887,2011,8,29,'5037',0.00000,0.00000,0.00000,30,0),(1888,2011,8,29,'5040',0.00000,0.00000,0.00000,30,0),(1889,2011,8,29,'5041',0.00000,0.00000,0.00000,30,0),(1890,2011,8,29,'5050',0.00000,0.00000,0.00000,30,0),(1891,2011,8,29,'5051',0.00000,0.00000,0.00000,30,0),(1892,2011,8,31,'5020',0.00000,0.00000,0.00000,0,0),(1893,2011,8,31,'5025',0.00000,0.00000,0.00000,0,0),(1894,2011,8,31,'5035',0.00000,0.00000,0.00000,0,0),(1895,2011,8,31,'5036',0.00000,0.00000,0.00000,0,0),(1896,2011,8,31,'5037',0.00000,0.00000,0.00000,0,0),(1897,2011,8,31,'5040',0.00000,0.00000,0.00000,0,0),(1898,2011,8,31,'5041',0.00000,0.00000,0.00000,0,0),(1899,2011,8,31,'5050',0.00000,0.00000,0.00000,0,0),(1900,2011,8,31,'5051',0.00000,0.00000,0.00000,0,0),(1901,2011,8,32,'5020',0.00000,0.00000,0.00000,30,0),(1902,2011,8,32,'5025',0.00000,0.00000,0.00000,30,0),(1903,2011,8,32,'5035',0.00000,0.00000,0.00000,30,0),(1904,2011,8,32,'5036',0.00000,0.00000,0.00000,30,0),(1905,2011,8,32,'5037',0.00000,0.00000,0.00000,30,0),(1906,2011,8,32,'5040',0.00000,0.00000,0.00000,30,0),(1907,2011,8,32,'5041',0.00000,0.00000,0.00000,30,0),(1908,2011,8,32,'5050',0.00000,0.00000,0.00000,30,0),(1909,2011,8,32,'5051',0.00000,0.00000,0.00000,30,0),(1910,2011,8,33,'5020',0.00000,0.00000,0.00000,0,0),(1911,2011,8,33,'5025',0.00000,0.00000,0.00000,0,0),(1912,2011,8,33,'5035',0.00000,0.00000,0.00000,0,0),(1913,2011,8,33,'5036',0.00000,0.00000,0.00000,0,0),(1914,2011,8,33,'5037',0.00000,0.00000,0.00000,0,0),(1915,2011,8,33,'5040',0.00000,0.00000,0.00000,0,0),(1916,2011,8,33,'5041',0.00000,0.00000,0.00000,0,0),(1917,2011,8,33,'5050',0.00000,0.00000,0.00000,0,0),(1918,2011,8,33,'5051',0.00000,0.00000,0.00000,0,0),(2003,2011,9,35,'1061',0.00000,0.00000,0.00000,0,0),(2004,2011,9,35,'1999',0.00000,0.00000,0.00000,0,0),(2005,2011,9,35,'5000',0.00000,0.00000,0.00000,0,0),(2006,2011,9,35,'5070',0.00000,0.00000,0.00000,0,0),(2007,2011,9,35,'6500',0.00000,0.00000,0.00000,0,0),(2008,2011,9,35,'8000',0.00000,0.00000,0.00000,0,0),(2009,2011,9,35,'9010',0.00000,0.00000,0.00000,0,0),(2010,2011,9,35,'9015',0.00000,0.00000,0.00000,0,0),(2011,2011,9,35,'9019',0.00000,0.00000,0.00000,0,0),(2012,2011,9,35,'9020',0.00000,0.00000,0.00000,0,0),(2013,2011,9,35,'9025',0.00000,0.00000,0.00000,0,0),(2014,2011,9,35,'9027',0.00000,0.00000,0.00000,0,0),(2015,2011,9,35,'9029',0.00000,0.00000,0.00000,0,0),(2016,2011,9,35,'9030',0.00000,0.00000,0.00000,0,0),(2017,2011,9,35,'9035',0.00000,0.00000,0.00000,0,0),(2018,2011,9,35,'9040',0.00000,0.00000,0.00000,0,0),(2019,2011,9,35,'9045',0.00000,0.00000,0.00000,0,0),(2020,2011,9,35,'9050',0.00000,0.00000,0.00000,0,0),(2021,2011,9,35,'9055',0.00000,0.00000,0.00000,0,0),(2022,2011,9,35,'9060',0.00000,0.00000,0.00000,0,0),(2023,2011,9,35,'9065',0.00000,1.00000,0.00000,0,0),(2024,2011,9,35,'9070',0.00000,0.00000,0.00000,0,0),(2025,2011,9,35,'9090',0.00000,0.00000,0.00000,0,0),(2026,2011,9,35,'1005',0.00000,0.00000,0.00000,0,0),(2027,2011,9,35,'5010',0.00000,5.05000,0.00000,0,0),(2028,2011,9,35,'5013',0.00000,0.00000,0.00000,0,0),(2029,2011,9,35,'5020',0.00000,1.00000,0.00000,0,0),(2030,2011,9,35,'5025',0.00000,0.50000,0.00000,0,0),(2031,2011,9,35,'5023',0.00000,0.00000,0.00000,0,0),(2032,2011,9,35,'9120',0.00000,0.00000,0.00000,0,0),(2033,2011,9,35,'9999',0.00000,0.00000,0.00000,0,0),(2034,2011,9,5,'5020',0.00000,0.00000,0.00000,30,0),(2035,2011,9,5,'5025',0.00000,0.00000,0.00000,30,0),(2036,2011,9,5,'5035',0.00000,0.00000,0.00000,30,0),(2037,2011,9,5,'5036',0.00000,0.00000,0.00000,30,0),(2038,2011,9,5,'5037',0.00000,0.00000,0.00000,30,0),(2039,2011,9,5,'5040',0.00000,0.00000,0.00000,30,0),(2040,2011,9,5,'5041',0.00000,0.00000,0.00000,30,0),(2041,2011,9,5,'5050',0.00000,0.00000,0.00000,30,0),(2042,2011,9,5,'5051',0.00000,0.00000,0.00000,30,0),(2043,2011,9,6,'5020',0.00000,0.00000,0.00000,30,0),(2044,2011,9,6,'5025',0.00000,0.00000,0.00000,30,0),(2045,2011,9,6,'5035',0.00000,0.00000,0.00000,30,0),(2046,2011,9,6,'5036',0.00000,0.00000,0.00000,30,0),(2047,2011,9,6,'5037',0.00000,0.00000,0.00000,30,0),(2048,2011,9,6,'5040',0.00000,0.00000,0.00000,30,0),(2049,2011,9,6,'5041',0.00000,0.00000,0.00000,30,0),(2050,2011,9,6,'5050',0.00000,0.00000,0.00000,30,0),(2051,2011,9,6,'5051',0.00000,0.00000,0.00000,30,0),(2052,2011,9,7,'5020',0.00000,0.00000,0.00000,30,0),(2053,2011,9,7,'5025',0.00000,0.00000,0.00000,30,0),(2054,2011,9,7,'5035',0.00000,0.00000,0.00000,30,0),(2055,2011,9,7,'5036',0.00000,0.00000,0.00000,30,0),(2056,2011,9,7,'5037',0.00000,0.00000,0.00000,30,0),(2057,2011,9,7,'5040',0.00000,0.00000,0.00000,30,0),(2058,2011,9,7,'5041',0.00000,0.00000,0.00000,30,0),(2059,2011,9,7,'5050',0.00000,0.00000,0.00000,30,0),(2060,2011,9,7,'5051',0.00000,0.00000,0.00000,30,0),(2061,2011,9,8,'5020',0.00000,0.00000,0.00000,30,0),(2062,2011,9,8,'5025',0.00000,0.00000,0.00000,30,0),(2063,2011,9,8,'5035',0.00000,0.00000,0.00000,30,0),(2064,2011,9,8,'5036',0.00000,0.00000,0.00000,30,0),(2065,2011,9,8,'5037',0.00000,0.00000,0.00000,30,0),(2066,2011,9,8,'5040',0.00000,0.00000,0.00000,30,0),(2067,2011,9,8,'5041',0.00000,0.00000,0.00000,30,0),(2068,2011,9,8,'5050',0.00000,0.00000,0.00000,30,0),(2069,2011,9,8,'5051',0.00000,0.00000,0.00000,30,0),(2070,2011,9,11,'5020',0.00000,0.00000,0.00000,30,0),(2071,2011,9,11,'5025',0.00000,0.00000,0.00000,30,0),(2072,2011,9,11,'5035',0.00000,0.00000,0.00000,30,0),(2073,2011,9,11,'5036',0.00000,0.00000,0.00000,30,0),(2074,2011,9,11,'5037',0.00000,0.00000,0.00000,30,0),(2075,2011,9,11,'5040',0.00000,0.00000,0.00000,30,0),(2076,2011,9,11,'5041',0.00000,0.00000,0.00000,30,0),(2077,2011,9,11,'5050',0.00000,0.00000,0.00000,30,0),(2078,2011,9,11,'5051',0.00000,0.00000,0.00000,30,0),(2079,2011,9,17,'5020',0.00000,0.00000,0.00000,30,0),(2080,2011,9,17,'5025',0.00000,0.00000,0.00000,30,0),(2081,2011,9,17,'5035',0.00000,0.00000,0.00000,30,0),(2082,2011,9,17,'5036',0.00000,0.00000,0.00000,30,0),(2083,2011,9,17,'5037',0.00000,0.00000,0.00000,30,0),(2084,2011,9,17,'5040',0.00000,0.00000,0.00000,30,0),(2085,2011,9,17,'5041',0.00000,0.00000,0.00000,30,0),(2086,2011,9,17,'5050',0.00000,0.00000,0.00000,30,0),(2087,2011,9,17,'5051',0.00000,0.00000,0.00000,30,0),(2088,2011,9,20,'5020',0.00000,0.00000,0.00000,30,0),(2089,2011,9,20,'5025',0.00000,0.00000,0.00000,30,0),(2090,2011,9,20,'5035',0.00000,0.00000,0.00000,30,0),(2091,2011,9,20,'5036',0.00000,0.00000,0.00000,30,0),(2092,2011,9,20,'5037',0.00000,0.00000,0.00000,30,0),(2093,2011,9,20,'5040',0.00000,0.00000,0.00000,30,0),(2094,2011,9,20,'5041',0.00000,0.00000,0.00000,30,0),(2095,2011,9,20,'5050',0.00000,0.00000,0.00000,30,0),(2096,2011,9,20,'5051',0.00000,0.00000,0.00000,30,0),(2097,2011,9,21,'5020',0.00000,0.00000,0.00000,30,0),(2098,2011,9,21,'5025',0.00000,0.00000,0.00000,30,0),(2099,2011,9,21,'5035',0.00000,0.00000,0.00000,30,0),(2100,2011,9,21,'5036',0.00000,0.00000,0.00000,30,0),(2101,2011,9,21,'5037',0.00000,0.00000,0.00000,30,0),(2102,2011,9,21,'5040',0.00000,0.00000,0.00000,30,0),(2103,2011,9,21,'5041',0.00000,0.00000,0.00000,30,0),(2104,2011,9,21,'5050',0.00000,0.00000,0.00000,30,0),(2105,2011,9,21,'5051',0.00000,0.00000,0.00000,30,0),(2106,2011,9,22,'5020',0.00000,0.00000,0.00000,30,0),(2107,2011,9,22,'5025',0.00000,0.00000,0.00000,30,0),(2108,2011,9,22,'5035',0.00000,0.00000,0.00000,30,0),(2109,2011,9,22,'5036',0.00000,0.00000,0.00000,30,0),(2110,2011,9,22,'5037',0.00000,0.00000,0.00000,30,0),(2111,2011,9,22,'5040',0.00000,0.00000,0.00000,30,0),(2112,2011,9,22,'5041',0.00000,0.00000,0.00000,30,0),(2113,2011,9,22,'5050',0.00000,0.00000,0.00000,30,0),(2114,2011,9,22,'5051',0.00000,0.00000,0.00000,30,0),(2115,2011,9,23,'5020',0.00000,0.00000,0.00000,30,0),(2116,2011,9,23,'5025',0.00000,0.00000,0.00000,30,0),(2117,2011,9,23,'5035',0.00000,0.00000,0.00000,30,0),(2118,2011,9,23,'5036',0.00000,0.00000,0.00000,30,0),(2119,2011,9,23,'5037',0.00000,0.00000,0.00000,30,0),(2120,2011,9,23,'5040',0.00000,0.00000,0.00000,30,0),(2121,2011,9,23,'5041',0.00000,0.00000,0.00000,30,0),(2122,2011,9,23,'5050',0.00000,0.00000,0.00000,30,0),(2123,2011,9,23,'5051',0.00000,0.00000,0.00000,30,0),(2124,2011,9,24,'5020',0.00000,0.00000,0.00000,30,0),(2125,2011,9,24,'5025',0.00000,0.00000,0.00000,30,0),(2126,2011,9,24,'5035',0.00000,0.00000,0.00000,30,0),(2127,2011,9,24,'5036',0.00000,0.00000,0.00000,30,0),(2128,2011,9,24,'5037',0.00000,0.00000,0.00000,30,0),(2129,2011,9,24,'5040',0.00000,0.00000,0.00000,30,0),(2130,2011,9,24,'5041',0.00000,0.00000,0.00000,30,0),(2131,2011,9,24,'5050',0.00000,0.00000,0.00000,30,0),(2132,2011,9,24,'5051',0.00000,0.00000,0.00000,30,0),(2133,2011,9,25,'5020',0.00000,0.00000,0.00000,30,0),(2134,2011,9,25,'5025',0.00000,0.00000,0.00000,30,0),(2135,2011,9,25,'5035',0.00000,0.00000,0.00000,30,0),(2136,2011,9,25,'5036',0.00000,0.00000,0.00000,30,0),(2137,2011,9,25,'5037',0.00000,0.00000,0.00000,30,0),(2138,2011,9,25,'5040',0.00000,0.00000,0.00000,30,0),(2139,2011,9,25,'5041',0.00000,0.00000,0.00000,30,0),(2140,2011,9,25,'5050',0.00000,0.00000,0.00000,30,0),(2141,2011,9,25,'5051',0.00000,0.00000,0.00000,30,0),(2142,2011,9,26,'5020',0.00000,0.00000,0.00000,30,0),(2143,2011,9,26,'5025',0.00000,0.00000,0.00000,30,0),(2144,2011,9,26,'5035',0.00000,0.00000,0.00000,30,0),(2145,2011,9,26,'5036',0.00000,0.00000,0.00000,30,0),(2146,2011,9,26,'5037',0.00000,0.00000,0.00000,30,0),(2147,2011,9,26,'5040',0.00000,0.00000,0.00000,30,0),(2148,2011,9,26,'5041',0.00000,0.00000,0.00000,30,0),(2149,2011,9,26,'5050',0.00000,0.00000,0.00000,30,0),(2150,2011,9,26,'5051',0.00000,0.00000,0.00000,30,0),(2151,2011,9,27,'5020',0.00000,0.00000,0.00000,30,0),(2152,2011,9,27,'5025',0.00000,0.00000,0.00000,30,0),(2153,2011,9,27,'5035',0.00000,0.00000,0.00000,30,0),(2154,2011,9,27,'5036',0.00000,0.00000,0.00000,30,0),(2155,2011,9,27,'5037',0.00000,0.00000,0.00000,30,0),(2156,2011,9,27,'5040',0.00000,0.00000,0.00000,30,0),(2157,2011,9,27,'5041',0.00000,0.00000,0.00000,30,0),(2158,2011,9,27,'5050',0.00000,0.00000,0.00000,30,0),(2159,2011,9,27,'5051',0.00000,0.00000,0.00000,30,0),(2160,2011,9,28,'5020',0.00000,0.00000,0.00000,30,0),(2161,2011,9,28,'5025',0.00000,0.00000,0.00000,30,0),(2162,2011,9,28,'5035',0.00000,0.00000,0.00000,30,0),(2163,2011,9,28,'5036',0.00000,0.00000,0.00000,30,0),(2164,2011,9,28,'5037',0.00000,0.00000,0.00000,30,0),(2165,2011,9,28,'5040',0.00000,0.00000,0.00000,30,0),(2166,2011,9,28,'5041',0.00000,0.00000,0.00000,30,0),(2167,2011,9,28,'5050',0.00000,0.00000,0.00000,30,0),(2168,2011,9,28,'5051',0.00000,0.00000,0.00000,30,0),(2169,2011,9,29,'5020',0.00000,0.00000,0.00000,30,0),(2170,2011,9,29,'5025',0.00000,0.00000,0.00000,30,0),(2171,2011,9,29,'5035',0.00000,0.00000,0.00000,30,0),(2172,2011,9,29,'5036',0.00000,0.00000,0.00000,30,0),(2173,2011,9,29,'5037',0.00000,0.00000,0.00000,30,0),(2174,2011,9,29,'5040',0.00000,0.00000,0.00000,30,0),(2175,2011,9,29,'5041',0.00000,0.00000,0.00000,30,0),(2176,2011,9,29,'5050',0.00000,0.00000,0.00000,30,0),(2177,2011,9,29,'5051',0.00000,0.00000,0.00000,30,0),(2178,2011,9,31,'5020',0.00000,0.00000,0.00000,0,0),(2179,2011,9,31,'5025',0.00000,0.00000,0.00000,0,0),(2180,2011,9,31,'5035',0.00000,0.00000,0.00000,0,0),(2181,2011,9,31,'5036',0.00000,0.00000,0.00000,0,0),(2182,2011,9,31,'5037',0.00000,0.00000,0.00000,0,0),(2183,2011,9,31,'5040',0.00000,0.00000,0.00000,0,0),(2184,2011,9,31,'5041',0.00000,0.00000,0.00000,0,0),(2185,2011,9,31,'5050',0.00000,0.00000,0.00000,0,0),(2186,2011,9,31,'5051',0.00000,0.00000,0.00000,0,0),(2187,2011,9,32,'5020',0.00000,0.00000,0.00000,30,0),(2188,2011,9,32,'5025',0.00000,0.00000,0.00000,30,0),(2189,2011,9,32,'5035',0.00000,0.00000,0.00000,30,0),(2190,2011,9,32,'5036',0.00000,0.00000,0.00000,30,0),(2191,2011,9,32,'5037',0.00000,0.00000,0.00000,30,0),(2192,2011,9,32,'5040',0.00000,0.00000,0.00000,30,0),(2193,2011,9,32,'5041',0.00000,0.00000,0.00000,30,0),(2194,2011,9,32,'5050',0.00000,0.00000,0.00000,30,0),(2195,2011,9,32,'5051',0.00000,0.00000,0.00000,30,0),(2196,2011,9,33,'5020',0.00000,0.00000,0.00000,0,0),(2197,2011,9,33,'5025',0.00000,0.00000,0.00000,0,0),(2198,2011,9,33,'5035',0.00000,0.00000,0.00000,0,0),(2199,2011,9,33,'5036',0.00000,0.00000,0.00000,0,0),(2200,2011,9,33,'5037',0.00000,0.00000,0.00000,0,0),(2201,2011,9,33,'5040',0.00000,0.00000,0.00000,0,0),(2202,2011,9,33,'5041',0.00000,0.00000,0.00000,0,0),(2203,2011,9,33,'5050',0.00000,0.00000,0.00000,0,0),(2204,2011,9,33,'5051',0.00000,0.00000,0.00000,0,0),(2289,2011,10,35,'1061',0.00000,0.00000,0.00000,0,0),(2290,2011,10,35,'1999',0.00000,0.00000,0.00000,0,0),(2291,2011,10,35,'5000',0.00000,0.00000,0.00000,0,0),(2292,2011,10,35,'5070',0.00000,0.00000,0.00000,0,0),(2293,2011,10,35,'6500',0.00000,0.00000,0.00000,0,0),(2294,2011,10,35,'8000',0.00000,0.00000,0.00000,0,0),(2295,2011,10,35,'9010',0.00000,0.00000,0.00000,0,0),(2296,2011,10,35,'9015',0.00000,0.00000,0.00000,0,0),(2297,2011,10,35,'9019',0.00000,0.00000,0.00000,0,0),(2298,2011,10,35,'9020',0.00000,0.00000,0.00000,0,0),(2299,2011,10,35,'9025',0.00000,0.00000,0.00000,0,0),(2300,2011,10,35,'9027',0.00000,0.00000,0.00000,0,0),(2301,2011,10,35,'9029',0.00000,0.00000,0.00000,0,0),(2302,2011,10,35,'9030',0.00000,0.00000,0.00000,0,0),(2303,2011,10,35,'9035',0.00000,0.00000,0.00000,0,0),(2304,2011,10,35,'9040',0.00000,0.00000,0.00000,0,0),(2305,2011,10,35,'9045',0.00000,0.00000,0.00000,0,0),(2306,2011,10,35,'9050',0.00000,0.00000,0.00000,0,0),(2307,2011,10,35,'9055',0.00000,0.00000,0.00000,0,0),(2308,2011,10,35,'9060',0.00000,0.00000,0.00000,0,0),(2309,2011,10,35,'9065',0.00000,1.00000,0.00000,0,0),(2310,2011,10,35,'9070',0.00000,0.00000,0.00000,0,0),(2311,2011,10,35,'9090',0.00000,0.00000,0.00000,0,0),(2312,2011,10,35,'1005',0.00000,0.00000,0.00000,0,0),(2313,2011,10,35,'5010',0.00000,5.05000,0.00000,0,0),(2314,2011,10,35,'5013',0.00000,0.00000,0.00000,0,0),(2315,2011,10,35,'5020',0.00000,1.00000,0.00000,0,0),(2316,2011,10,35,'5025',0.00000,0.50000,0.00000,0,0),(2317,2011,10,35,'5023',0.00000,0.00000,0.00000,0,0),(2318,2011,10,35,'9120',0.00000,0.00000,0.00000,0,0),(2319,2011,10,35,'9999',0.00000,0.00000,0.00000,0,0),(2320,2011,10,5,'5020',0.00000,0.00000,0.00000,30,0),(2321,2011,10,5,'5025',0.00000,0.00000,0.00000,30,0),(2322,2011,10,5,'5035',0.00000,0.00000,0.00000,30,0),(2323,2011,10,5,'5036',0.00000,0.00000,0.00000,30,0),(2324,2011,10,5,'5037',0.00000,0.00000,0.00000,30,0),(2325,2011,10,5,'5040',0.00000,0.00000,0.00000,30,0),(2326,2011,10,5,'5041',0.00000,0.00000,0.00000,30,0),(2327,2011,10,5,'5050',0.00000,0.00000,0.00000,30,0),(2328,2011,10,5,'5051',0.00000,0.00000,0.00000,30,0),(2329,2011,10,6,'5020',0.00000,0.00000,0.00000,30,0),(2330,2011,10,6,'5025',0.00000,0.00000,0.00000,30,0),(2331,2011,10,6,'5035',0.00000,0.00000,0.00000,30,0),(2332,2011,10,6,'5036',0.00000,0.00000,0.00000,30,0),(2333,2011,10,6,'5037',0.00000,0.00000,0.00000,30,0),(2334,2011,10,6,'5040',0.00000,0.00000,0.00000,30,0),(2335,2011,10,6,'5041',0.00000,0.00000,0.00000,30,0),(2336,2011,10,6,'5050',0.00000,0.00000,0.00000,30,0),(2337,2011,10,6,'5051',0.00000,0.00000,0.00000,30,0),(2338,2011,10,7,'5020',0.00000,0.00000,0.00000,30,0),(2339,2011,10,7,'5025',0.00000,0.00000,0.00000,30,0),(2340,2011,10,7,'5035',0.00000,0.00000,0.00000,30,0),(2341,2011,10,7,'5036',0.00000,0.00000,0.00000,30,0),(2342,2011,10,7,'5037',0.00000,0.00000,0.00000,30,0),(2343,2011,10,7,'5040',0.00000,0.00000,0.00000,30,0),(2344,2011,10,7,'5041',0.00000,0.00000,0.00000,30,0),(2345,2011,10,7,'5050',0.00000,0.00000,0.00000,30,0),(2346,2011,10,7,'5051',0.00000,0.00000,0.00000,30,0),(2347,2011,10,8,'5020',0.00000,0.00000,0.00000,30,0),(2348,2011,10,8,'5025',0.00000,0.00000,0.00000,30,0),(2349,2011,10,8,'5035',0.00000,0.00000,0.00000,30,0),(2350,2011,10,8,'5036',0.00000,0.00000,0.00000,30,0),(2351,2011,10,8,'5037',0.00000,0.00000,0.00000,30,0),(2352,2011,10,8,'5040',0.00000,0.00000,0.00000,30,0),(2353,2011,10,8,'5041',0.00000,0.00000,0.00000,30,0),(2354,2011,10,8,'5050',0.00000,0.00000,0.00000,30,0),(2355,2011,10,8,'5051',0.00000,0.00000,0.00000,30,0),(2356,2011,10,11,'5020',0.00000,0.00000,0.00000,30,0),(2357,2011,10,11,'5025',0.00000,0.00000,0.00000,30,0),(2358,2011,10,11,'5035',0.00000,0.00000,0.00000,30,0),(2359,2011,10,11,'5036',0.00000,0.00000,0.00000,30,0),(2360,2011,10,11,'5037',0.00000,0.00000,0.00000,30,0),(2361,2011,10,11,'5040',0.00000,0.00000,0.00000,30,0),(2362,2011,10,11,'5041',0.00000,0.00000,0.00000,30,0),(2363,2011,10,11,'5050',0.00000,0.00000,0.00000,30,0),(2364,2011,10,11,'5051',0.00000,0.00000,0.00000,30,0),(2365,2011,10,13,'5020',0.00000,0.00000,0.00000,30,0),(2366,2011,10,13,'5025',0.00000,0.00000,0.00000,30,0),(2367,2011,10,13,'5035',0.00000,0.00000,0.00000,30,0),(2368,2011,10,13,'5036',0.00000,0.00000,0.00000,30,0),(2369,2011,10,13,'5037',0.00000,0.00000,0.00000,30,0),(2370,2011,10,13,'5040',0.00000,0.00000,0.00000,30,0),(2371,2011,10,13,'5041',0.00000,0.00000,0.00000,30,0),(2372,2011,10,13,'5050',0.00000,0.00000,0.00000,30,0),(2373,2011,10,13,'5051',0.00000,0.00000,0.00000,30,0),(2374,2011,10,17,'5020',0.00000,0.00000,0.00000,30,0),(2375,2011,10,17,'5025',0.00000,0.00000,0.00000,30,0),(2376,2011,10,17,'5035',0.00000,0.00000,0.00000,30,0),(2377,2011,10,17,'5036',0.00000,0.00000,0.00000,30,0),(2378,2011,10,17,'5037',0.00000,0.00000,0.00000,30,0),(2379,2011,10,17,'5040',0.00000,0.00000,0.00000,30,0),(2380,2011,10,17,'5041',0.00000,0.00000,0.00000,30,0),(2381,2011,10,17,'5050',0.00000,0.00000,0.00000,30,0),(2382,2011,10,17,'5051',0.00000,0.00000,0.00000,30,0),(2383,2011,10,20,'5020',0.00000,0.00000,0.00000,30,0),(2384,2011,10,20,'5025',0.00000,0.00000,0.00000,30,0),(2385,2011,10,20,'5035',0.00000,0.00000,0.00000,30,0),(2386,2011,10,20,'5036',0.00000,0.00000,0.00000,30,0),(2387,2011,10,20,'5037',0.00000,0.00000,0.00000,30,0),(2388,2011,10,20,'5040',0.00000,0.00000,0.00000,30,0),(2389,2011,10,20,'5041',0.00000,0.00000,0.00000,30,0),(2390,2011,10,20,'5050',0.00000,0.00000,0.00000,30,0),(2391,2011,10,20,'5051',0.00000,0.00000,0.00000,30,0),(2392,2011,10,21,'5020',0.00000,0.00000,0.00000,30,0),(2393,2011,10,21,'5025',0.00000,0.00000,0.00000,30,0),(2394,2011,10,21,'5035',0.00000,0.00000,0.00000,30,0),(2395,2011,10,21,'5036',0.00000,0.00000,0.00000,30,0),(2396,2011,10,21,'5037',0.00000,0.00000,0.00000,30,0),(2397,2011,10,21,'5040',0.00000,0.00000,0.00000,30,0),(2398,2011,10,21,'5041',0.00000,0.00000,0.00000,30,0),(2399,2011,10,21,'5050',0.00000,0.00000,0.00000,30,0),(2400,2011,10,21,'5051',0.00000,0.00000,0.00000,30,0),(2401,2011,10,22,'5020',0.00000,0.00000,0.00000,30,0),(2402,2011,10,22,'5025',0.00000,0.00000,0.00000,30,0),(2403,2011,10,22,'5035',0.00000,0.00000,0.00000,30,0),(2404,2011,10,22,'5036',0.00000,0.00000,0.00000,30,0),(2405,2011,10,22,'5037',0.00000,0.00000,0.00000,30,0),(2406,2011,10,22,'5040',0.00000,0.00000,0.00000,30,0),(2407,2011,10,22,'5041',0.00000,0.00000,0.00000,30,0),(2408,2011,10,22,'5050',0.00000,0.00000,0.00000,30,0),(2409,2011,10,22,'5051',0.00000,0.00000,0.00000,30,0),(2410,2011,10,23,'5020',0.00000,0.00000,0.00000,30,0),(2411,2011,10,23,'5025',0.00000,0.00000,0.00000,30,0),(2412,2011,10,23,'5035',0.00000,0.00000,0.00000,30,0),(2413,2011,10,23,'5036',0.00000,0.00000,0.00000,30,0),(2414,2011,10,23,'5037',0.00000,0.00000,0.00000,30,0),(2415,2011,10,23,'5040',0.00000,0.00000,0.00000,30,0),(2416,2011,10,23,'5041',0.00000,0.00000,0.00000,30,0),(2417,2011,10,23,'5050',0.00000,0.00000,0.00000,30,0),(2418,2011,10,23,'5051',0.00000,0.00000,0.00000,30,0),(2419,2011,10,24,'5020',0.00000,0.00000,0.00000,30,0),(2420,2011,10,24,'5025',0.00000,0.00000,0.00000,30,0),(2421,2011,10,24,'5035',0.00000,0.00000,0.00000,30,0),(2422,2011,10,24,'5036',0.00000,0.00000,0.00000,30,0),(2423,2011,10,24,'5037',0.00000,0.00000,0.00000,30,0),(2424,2011,10,24,'5040',0.00000,0.00000,0.00000,30,0),(2425,2011,10,24,'5041',0.00000,0.00000,0.00000,30,0),(2426,2011,10,24,'5050',0.00000,0.00000,0.00000,30,0),(2427,2011,10,24,'5051',0.00000,0.00000,0.00000,30,0),(2428,2011,10,25,'5020',0.00000,0.00000,0.00000,30,0),(2429,2011,10,25,'5025',0.00000,0.00000,0.00000,30,0),(2430,2011,10,25,'5035',0.00000,0.00000,0.00000,30,0),(2431,2011,10,25,'5036',0.00000,0.00000,0.00000,30,0),(2432,2011,10,25,'5037',0.00000,0.00000,0.00000,30,0),(2433,2011,10,25,'5040',0.00000,0.00000,0.00000,30,0),(2434,2011,10,25,'5041',0.00000,0.00000,0.00000,30,0),(2435,2011,10,25,'5050',0.00000,0.00000,0.00000,30,0),(2436,2011,10,25,'5051',0.00000,0.00000,0.00000,30,0),(2437,2011,10,26,'5020',0.00000,0.00000,0.00000,30,0),(2438,2011,10,26,'5025',0.00000,0.00000,0.00000,30,0),(2439,2011,10,26,'5035',0.00000,0.00000,0.00000,30,0),(2440,2011,10,26,'5036',0.00000,0.00000,0.00000,30,0),(2441,2011,10,26,'5037',0.00000,0.00000,0.00000,30,0),(2442,2011,10,26,'5040',0.00000,0.00000,0.00000,30,0),(2443,2011,10,26,'5041',0.00000,0.00000,0.00000,30,0),(2444,2011,10,26,'5050',0.00000,0.00000,0.00000,30,0),(2445,2011,10,26,'5051',0.00000,0.00000,0.00000,30,0),(2446,2011,10,27,'5020',0.00000,0.00000,0.00000,30,0),(2447,2011,10,27,'5025',0.00000,0.00000,0.00000,30,0),(2448,2011,10,27,'5035',0.00000,0.00000,0.00000,30,0),(2449,2011,10,27,'5036',0.00000,0.00000,0.00000,30,0),(2450,2011,10,27,'5037',0.00000,0.00000,0.00000,30,0),(2451,2011,10,27,'5040',0.00000,0.00000,0.00000,30,0),(2452,2011,10,27,'5041',0.00000,0.00000,0.00000,30,0),(2453,2011,10,27,'5050',0.00000,0.00000,0.00000,30,0),(2454,2011,10,27,'5051',0.00000,0.00000,0.00000,30,0),(2455,2011,10,28,'5020',0.00000,0.00000,0.00000,30,0),(2456,2011,10,28,'5025',0.00000,0.00000,0.00000,30,0),(2457,2011,10,28,'5035',0.00000,0.00000,0.00000,30,0),(2458,2011,10,28,'5036',0.00000,0.00000,0.00000,30,0),(2459,2011,10,28,'5037',0.00000,0.00000,0.00000,30,0),(2460,2011,10,28,'5040',0.00000,0.00000,0.00000,30,0),(2461,2011,10,28,'5041',0.00000,0.00000,0.00000,30,0),(2462,2011,10,28,'5050',0.00000,0.00000,0.00000,30,0),(2463,2011,10,28,'5051',0.00000,0.00000,0.00000,30,0),(2464,2011,10,29,'5020',0.00000,0.00000,0.00000,30,0),(2465,2011,10,29,'5025',0.00000,0.00000,0.00000,30,0),(2466,2011,10,29,'5035',0.00000,0.00000,0.00000,30,0),(2467,2011,10,29,'5036',0.00000,0.00000,0.00000,30,0),(2468,2011,10,29,'5037',0.00000,0.00000,0.00000,30,0),(2469,2011,10,29,'5040',0.00000,0.00000,0.00000,30,0),(2470,2011,10,29,'5041',0.00000,0.00000,0.00000,30,0),(2471,2011,10,29,'5050',0.00000,0.00000,0.00000,30,0),(2472,2011,10,29,'5051',0.00000,0.00000,0.00000,30,0),(2473,2011,10,31,'5020',0.00000,0.00000,0.00000,0,0),(2474,2011,10,31,'5025',0.00000,0.00000,0.00000,0,0),(2475,2011,10,31,'5035',0.00000,0.00000,0.00000,0,0),(2476,2011,10,31,'5036',0.00000,0.00000,0.00000,0,0),(2477,2011,10,31,'5037',0.00000,0.00000,0.00000,0,0),(2478,2011,10,31,'5040',0.00000,0.00000,0.00000,0,0),(2479,2011,10,31,'5041',0.00000,0.00000,0.00000,0,0),(2480,2011,10,31,'5050',0.00000,0.00000,0.00000,0,0),(2481,2011,10,31,'5051',0.00000,0.00000,0.00000,0,0),(2482,2011,10,32,'5020',0.00000,0.00000,0.00000,30,0),(2483,2011,10,32,'5025',0.00000,0.00000,0.00000,30,0),(2484,2011,10,32,'5035',0.00000,0.00000,0.00000,30,0),(2485,2011,10,32,'5036',0.00000,0.00000,0.00000,30,0),(2486,2011,10,32,'5037',0.00000,0.00000,0.00000,30,0),(2487,2011,10,32,'5040',0.00000,0.00000,0.00000,30,0),(2488,2011,10,32,'5041',0.00000,0.00000,0.00000,30,0),(2489,2011,10,32,'5050',0.00000,0.00000,0.00000,30,0),(2490,2011,10,32,'5051',0.00000,0.00000,0.00000,30,0),(2491,2011,10,33,'5020',0.00000,0.00000,0.00000,0,0),(2492,2011,10,33,'5025',0.00000,0.00000,0.00000,0,0),(2493,2011,10,33,'5035',0.00000,0.00000,0.00000,0,0),(2494,2011,10,33,'5036',0.00000,0.00000,0.00000,0,0),(2495,2011,10,33,'5037',0.00000,0.00000,0.00000,0,0),(2496,2011,10,33,'5040',0.00000,0.00000,0.00000,0,0),(2497,2011,10,33,'5041',0.00000,0.00000,0.00000,0,0),(2498,2011,10,33,'5050',0.00000,0.00000,0.00000,0,0),(2499,2011,10,33,'5051',0.00000,0.00000,0.00000,0,0),(2575,2011,11,23,'9999',0.00000,0.00000,500.00000,0,0),(2576,2011,11,23,'1061',0.00000,500.00000,0.00000,0,0),(2577,2011,11,23,'1999',0.00000,0.00000,0.00000,0,0),(2578,2011,11,23,'5000',0.00000,0.00000,80000.00000,0,0),(2579,2011,11,23,'5070',0.00000,0.00000,0.00000,0,0),(2580,2011,11,23,'6500',0.00000,0.00000,66943.20000,0,0),(2581,2011,11,23,'8000',0.00000,0.00000,66943.20000,0,0),(2582,2011,11,23,'9010',0.00000,0.00000,80000.00000,0,0),(2583,2011,11,23,'9015',0.00000,0.00000,80000.00000,0,0),(2584,2011,11,23,'9019',0.00000,0.00000,0.00000,0,0),(2585,2011,11,23,'9020',0.00000,0.00000,80000.00000,0,0),(2586,2011,11,23,'9025',0.00000,0.00000,80000.00000,0,0),(2587,2011,11,23,'9027',0.00000,0.00000,0.00000,0,0),(2588,2011,11,23,'9029',0.00000,0.00000,0.00000,0,0),(2589,2011,11,23,'9030',0.00000,0.00000,80000.00000,0,0),(2590,2011,11,23,'9035',0.00000,0.00000,80000.00000,0,0),(2591,2011,11,23,'9040',0.00000,0.00000,80000.00000,0,0),(2592,2011,11,23,'9045',0.00000,0.00000,80000.00000,0,0),(2593,2011,11,23,'9050',0.00000,0.00000,80000.00000,0,0),(2594,2011,11,23,'9055',0.00000,0.00000,80000.00000,0,0),(2595,2011,11,23,'9060',0.00000,0.00000,80000.00000,0,0),(2596,2011,11,23,'9065',-6400.00000,1.00000,-6400.00000,0,0),(2597,2011,11,23,'9070',0.00000,0.00000,80000.00000,0,0),(2598,2011,11,23,'9090',0.00000,0.00000,80000.00000,0,0),(2599,2011,11,23,'5060',80000.00000,1.00000,-6400.00000,0,0),(2600,2011,11,23,'1000',0.00000,0.00000,80000.00000,0,0),(2601,2011,11,23,'5010',80000.00000,5.05000,-4040.00000,0,0),(2602,2011,11,23,'5013',0.00000,0.00000,4040.00000,0,0),(2603,2011,11,23,'5020',80000.00000,1.00000,-800.00000,30,0),(2604,2011,11,23,'5025',0.00000,0.50000,0.00000,30,0),(2605,2011,11,23,'5023',0.00000,0.00000,800.00000,0,0),(2606,2011,11,23,'5030',80000.00000,1.46000,-1168.00000,0,0),(2607,2011,11,23,'5035',80000.00000,0.60900,487.20000,30,0),(2608,2011,11,23,'5039',-1168.00000,1.00000,-1168.00000,0,0),(2609,2011,11,23,'5040',80000.00000,0.20100,-160.80000,30,0),(2610,2011,11,23,'5050',80000.00000,0.61000,-488.00000,30,0),(2611,2011,11,23,'9120',0.00000,0.00000,80000.00000,0,0),(2612,2011,11,23,'9130',0.00000,0.00000,80000.00000,0,0),(2613,2011,11,23,'9140',0.00000,0.00000,80000.00000,0,0),(2614,2011,11,23,'9150',0.00000,0.00000,80000.00000,0,0),(2615,2011,11,25,'9999',0.00000,0.00000,525.00000,0,0),(2616,2011,11,25,'1061',0.00000,525.00000,0.00000,0,0),(2617,2011,11,25,'1999',0.00000,0.00000,0.00000,0,0),(2618,2011,11,25,'5000',0.00000,0.00000,84000.00000,0,0),(2619,2011,11,25,'5070',0.00000,0.00000,0.00000,0,0),(2620,2011,11,25,'6500',0.00000,0.00000,70310.35000,0,0),(2621,2011,11,25,'8000',0.00000,0.00000,70310.35000,0,0),(2622,2011,11,25,'9010',0.00000,0.00000,84000.00000,0,0),(2623,2011,11,25,'9015',0.00000,0.00000,84000.00000,0,0),(2624,2011,11,25,'9019',0.00000,0.00000,0.00000,0,0),(2625,2011,11,25,'9020',0.00000,0.00000,84000.00000,0,0),(2626,2011,11,25,'9025',0.00000,0.00000,84000.00000,0,0),(2627,2011,11,25,'9027',0.00000,0.00000,0.00000,0,0),(2628,2011,11,25,'9029',0.00000,0.00000,0.00000,0,0),(2629,2011,11,25,'9030',0.00000,0.00000,84000.00000,0,0),(2630,2011,11,25,'9035',0.00000,0.00000,84000.00000,0,0),(2631,2011,11,25,'9040',0.00000,0.00000,84000.00000,0,0),(2632,2011,11,25,'9045',0.00000,0.00000,84000.00000,0,0),(2633,2011,11,25,'9050',0.00000,0.00000,84000.00000,0,0),(2634,2011,11,25,'9055',0.00000,0.00000,84000.00000,0,0),(2635,2011,11,25,'9060',0.00000,0.00000,84000.00000,0,0),(2636,2011,11,25,'9065',-6700.00000,1.00000,-6700.00000,0,0),(2637,2011,11,25,'9070',0.00000,0.00000,84000.00000,0,0),(2638,2011,11,25,'9090',0.00000,0.00000,84000.00000,0,0),(2639,2011,11,25,'5060',84000.00000,1.00000,-6700.00000,0,0),(2640,2011,11,25,'1000',0.00000,0.00000,84000.00000,0,0),(2641,2011,11,25,'5010',84000.00000,5.05000,-4242.00000,0,0),(2642,2011,11,25,'5013',0.00000,0.00000,4242.00000,0,0),(2643,2011,11,25,'5020',84000.00000,1.00000,-840.00000,30,0),(2644,2011,11,25,'5025',0.00000,0.50000,0.00000,30,0),(2645,2011,11,25,'5023',0.00000,0.00000,840.00000,0,0),(2646,2011,11,25,'5030',84000.00000,1.46000,-1226.40000,0,0),(2647,2011,11,25,'5035',84000.00000,0.60900,511.55000,30,0),(2648,2011,11,25,'5039',-1226.40000,1.00000,-1226.40000,0,0),(2649,2011,11,25,'5040',84000.00000,0.20100,-168.85000,30,0),(2650,2011,11,25,'5050',84000.00000,0.61000,-512.40000,30,0),(2651,2011,11,25,'9120',0.00000,0.00000,84000.00000,0,0),(2652,2011,11,25,'9130',0.00000,0.00000,84000.00000,0,0),(2653,2011,11,25,'9140',0.00000,0.00000,84000.00000,0,0),(2654,2011,11,25,'9150',0.00000,0.00000,84000.00000,0,0),(2655,2011,11,29,'9999',0.00000,0.00000,593.75000,0,0),(2656,2011,11,29,'9150',0.00000,0.00000,95000.00000,0,0),(2657,2011,11,29,'9140',0.00000,0.00000,95000.00000,0,0),(2658,2011,11,29,'9130',0.00000,0.00000,95000.00000,0,0),(2659,2011,11,29,'1061',0.00000,593.75000,0.00000,0,0),(2660,2011,11,29,'1999',0.00000,0.00000,0.00000,0,0),(2661,2011,11,29,'5000',0.00000,0.00000,95000.00000,0,0),(2662,2011,11,29,'5070',0.00000,0.00000,0.00000,0,0),(2663,2011,11,29,'6500',0.00000,0.00000,79624.70000,0,0),(2664,2011,11,29,'8000',0.00000,0.00000,79624.70000,0,0),(2665,2011,11,29,'9010',0.00000,0.00000,95000.00000,0,0),(2666,2011,11,29,'9015',0.00000,0.00000,95000.00000,0,0),(2667,2011,11,29,'9019',0.00000,0.00000,0.00000,0,0),(2668,2011,11,29,'9020',0.00000,0.00000,95000.00000,0,0),(2669,2011,11,29,'9025',0.00000,0.00000,89000.00000,0,0),(2670,2011,11,29,'9027',0.00000,0.00000,6000.00000,0,0),(2671,2011,11,29,'9029',0.00000,0.00000,0.00000,0,0),(2672,2011,11,29,'9030',0.00000,0.00000,95000.00000,0,0),(2673,2011,11,29,'9035',0.00000,0.00000,89000.00000,0,0),(2674,2011,11,29,'9040',0.00000,0.00000,95000.00000,0,0),(2675,2011,11,29,'9045',0.00000,0.00000,89000.00000,0,0),(2676,2011,11,29,'9050',0.00000,0.00000,95000.00000,0,0),(2677,2011,11,29,'9055',0.00000,0.00000,95000.00000,0,0),(2678,2011,11,29,'9060',0.00000,0.00000,95000.00000,0,0),(2679,2011,11,29,'9065',-7600.00000,1.00000,-7600.00000,0,0),(2680,2011,11,29,'9070',0.00000,0.00000,95000.00000,0,0),(2681,2011,11,29,'9090',0.00000,0.00000,95000.00000,0,0),(2682,2011,11,29,'5060',95000.00000,1.00000,-7600.00000,0,0),(2683,2011,11,29,'1000',0.00000,0.00000,95000.00000,0,0),(2684,2011,11,29,'5010',95000.00000,5.05000,-4797.50000,0,0),(2685,2011,11,29,'5013',0.00000,0.00000,4797.50000,0,0),(2686,2011,11,29,'5020',89000.00000,1.00000,-890.00000,30,0),(2687,2011,11,29,'5025',6000.00000,0.50000,-30.00000,30,0),(2688,2011,11,29,'5023',0.00000,0.00000,890.00000,0,0),(2689,2011,11,29,'5030',89000.00000,1.46000,-1299.40000,0,0),(2690,2011,11,29,'5035',89000.00000,0.60900,542.00000,30,0),(2691,2011,11,29,'5039',-1299.40000,1.00000,-1299.40000,0,0),(2692,2011,11,29,'5040',89000.00000,0.20100,-178.90000,30,0),(2693,2011,11,29,'5050',95000.00000,0.61000,-579.50000,30,0),(2694,2011,11,29,'9120',0.00000,0.00000,95000.00000,0,0),(2702,2011,11,5,'5020',0.00000,0.00000,0.00000,30,0),(2703,2011,11,5,'5025',0.00000,0.00000,0.00000,30,0),(2704,2011,11,5,'5035',0.00000,0.00000,0.00000,30,0),(2705,2011,11,5,'5036',0.00000,0.00000,0.00000,30,0),(2706,2011,11,5,'5037',0.00000,0.00000,0.00000,30,0),(2707,2011,11,5,'5040',0.00000,0.00000,0.00000,30,0),(2708,2011,11,5,'5041',0.00000,0.00000,0.00000,30,0),(2709,2011,11,5,'5050',0.00000,0.00000,0.00000,30,0),(2710,2011,11,5,'5051',0.00000,0.00000,0.00000,30,0),(2711,2011,11,6,'5020',0.00000,0.00000,0.00000,30,0),(2712,2011,11,6,'5025',0.00000,0.00000,0.00000,30,0),(2713,2011,11,6,'5035',0.00000,0.00000,0.00000,30,0),(2714,2011,11,6,'5036',0.00000,0.00000,0.00000,30,0),(2715,2011,11,6,'5037',0.00000,0.00000,0.00000,30,0),(2716,2011,11,6,'5040',0.00000,0.00000,0.00000,30,0),(2717,2011,11,6,'5041',0.00000,0.00000,0.00000,30,0),(2718,2011,11,6,'5050',0.00000,0.00000,0.00000,30,0),(2719,2011,11,6,'5051',0.00000,0.00000,0.00000,30,0),(2720,2011,11,7,'5020',0.00000,0.00000,0.00000,30,0),(2721,2011,11,7,'5025',0.00000,0.00000,0.00000,30,0),(2722,2011,11,7,'5035',0.00000,0.00000,0.00000,30,0),(2723,2011,11,7,'5036',0.00000,0.00000,0.00000,30,0),(2724,2011,11,7,'5037',0.00000,0.00000,0.00000,30,0),(2725,2011,11,7,'5040',0.00000,0.00000,0.00000,30,0),(2726,2011,11,7,'5041',0.00000,0.00000,0.00000,30,0),(2727,2011,11,7,'5050',0.00000,0.00000,0.00000,30,0),(2728,2011,11,7,'5051',0.00000,0.00000,0.00000,30,0),(2729,2011,11,8,'5020',0.00000,0.00000,0.00000,30,0),(2730,2011,11,8,'5025',0.00000,0.00000,0.00000,30,0),(2731,2011,11,8,'5035',0.00000,0.00000,0.00000,30,0),(2732,2011,11,8,'5036',0.00000,0.00000,0.00000,30,0),(2733,2011,11,8,'5037',0.00000,0.00000,0.00000,30,0),(2734,2011,11,8,'5040',0.00000,0.00000,0.00000,30,0),(2735,2011,11,8,'5041',0.00000,0.00000,0.00000,30,0),(2736,2011,11,8,'5050',0.00000,0.00000,0.00000,30,0),(2737,2011,11,8,'5051',0.00000,0.00000,0.00000,30,0),(2738,2011,11,9,'5020',0.00000,0.00000,0.00000,30,0),(2739,2011,11,9,'5025',0.00000,0.00000,0.00000,30,0),(2740,2011,11,9,'5035',0.00000,0.00000,0.00000,30,0),(2741,2011,11,9,'5036',0.00000,0.00000,0.00000,30,0),(2742,2011,11,9,'5037',0.00000,0.00000,0.00000,30,0),(2743,2011,11,9,'5040',0.00000,0.00000,0.00000,30,0),(2744,2011,11,9,'5041',0.00000,0.00000,0.00000,30,0),(2745,2011,11,9,'5050',0.00000,0.00000,0.00000,30,0),(2746,2011,11,9,'5051',0.00000,0.00000,0.00000,30,0),(2747,2011,11,11,'5020',0.00000,0.00000,0.00000,30,0),(2748,2011,11,11,'5025',0.00000,0.00000,0.00000,30,0),(2749,2011,11,11,'5035',0.00000,0.00000,0.00000,30,0),(2750,2011,11,11,'5036',0.00000,0.00000,0.00000,30,0),(2751,2011,11,11,'5037',0.00000,0.00000,0.00000,30,0),(2752,2011,11,11,'5040',0.00000,0.00000,0.00000,30,0),(2753,2011,11,11,'5041',0.00000,0.00000,0.00000,30,0),(2754,2011,11,11,'5050',0.00000,0.00000,0.00000,30,0),(2755,2011,11,11,'5051',0.00000,0.00000,0.00000,30,0),(2756,2011,11,13,'5020',0.00000,0.00000,0.00000,30,0),(2757,2011,11,13,'5025',0.00000,0.00000,0.00000,30,0),(2758,2011,11,13,'5035',0.00000,0.00000,0.00000,30,0),(2759,2011,11,13,'5036',0.00000,0.00000,0.00000,30,0),(2760,2011,11,13,'5037',0.00000,0.00000,0.00000,30,0),(2761,2011,11,13,'5040',0.00000,0.00000,0.00000,30,0),(2762,2011,11,13,'5041',0.00000,0.00000,0.00000,30,0),(2763,2011,11,13,'5050',0.00000,0.00000,0.00000,30,0),(2764,2011,11,13,'5051',0.00000,0.00000,0.00000,30,0),(2765,2011,11,15,'5020',0.00000,0.00000,0.00000,30,0),(2766,2011,11,15,'5025',0.00000,0.00000,0.00000,30,0),(2767,2011,11,15,'5035',0.00000,0.00000,0.00000,30,0),(2768,2011,11,15,'5036',0.00000,0.00000,0.00000,30,0),(2769,2011,11,15,'5037',0.00000,0.00000,0.00000,30,0),(2770,2011,11,15,'5040',0.00000,0.00000,0.00000,30,0),(2771,2011,11,15,'5041',0.00000,0.00000,0.00000,30,0),(2772,2011,11,15,'5050',0.00000,0.00000,0.00000,30,0),(2773,2011,11,15,'5051',0.00000,0.00000,0.00000,30,0),(2774,2011,11,16,'5020',0.00000,0.00000,0.00000,30,0),(2775,2011,11,16,'5025',0.00000,0.00000,0.00000,30,0),(2776,2011,11,16,'5035',0.00000,0.00000,0.00000,30,0),(2777,2011,11,16,'5036',0.00000,0.00000,0.00000,30,0),(2778,2011,11,16,'5037',0.00000,0.00000,0.00000,30,0),(2779,2011,11,16,'5040',0.00000,0.00000,0.00000,30,0),(2780,2011,11,16,'5041',0.00000,0.00000,0.00000,30,0),(2781,2011,11,16,'5050',0.00000,0.00000,0.00000,30,0),(2782,2011,11,16,'5051',0.00000,0.00000,0.00000,30,0),(2783,2011,11,17,'5020',0.00000,0.00000,0.00000,30,0),(2784,2011,11,17,'5025',0.00000,0.00000,0.00000,30,0),(2785,2011,11,17,'5035',0.00000,0.00000,0.00000,30,0),(2786,2011,11,17,'5036',0.00000,0.00000,0.00000,30,0),(2787,2011,11,17,'5037',0.00000,0.00000,0.00000,30,0),(2788,2011,11,17,'5040',0.00000,0.00000,0.00000,30,0),(2789,2011,11,17,'5041',0.00000,0.00000,0.00000,30,0),(2790,2011,11,17,'5050',0.00000,0.00000,0.00000,30,0),(2791,2011,11,17,'5051',0.00000,0.00000,0.00000,30,0),(2792,2011,11,20,'5020',0.00000,0.00000,0.00000,30,0),(2793,2011,11,20,'5025',0.00000,0.00000,0.00000,30,0),(2794,2011,11,20,'5035',0.00000,0.00000,0.00000,30,0),(2795,2011,11,20,'5036',0.00000,0.00000,0.00000,30,0),(2796,2011,11,20,'5037',0.00000,0.00000,0.00000,30,0),(2797,2011,11,20,'5040',0.00000,0.00000,0.00000,30,0),(2798,2011,11,20,'5041',0.00000,0.00000,0.00000,30,0),(2799,2011,11,20,'5050',0.00000,0.00000,0.00000,30,0),(2800,2011,11,20,'5051',0.00000,0.00000,0.00000,30,0),(2801,2011,11,21,'5020',0.00000,0.00000,0.00000,30,0),(2802,2011,11,21,'5025',0.00000,0.00000,0.00000,30,0),(2803,2011,11,21,'5035',0.00000,0.00000,0.00000,30,0),(2804,2011,11,21,'5036',0.00000,0.00000,0.00000,30,0),(2805,2011,11,21,'5037',0.00000,0.00000,0.00000,30,0),(2806,2011,11,21,'5040',0.00000,0.00000,0.00000,30,0),(2807,2011,11,21,'5041',0.00000,0.00000,0.00000,30,0),(2808,2011,11,21,'5050',0.00000,0.00000,0.00000,30,0),(2809,2011,11,21,'5051',0.00000,0.00000,0.00000,30,0),(2810,2011,11,22,'5020',0.00000,0.00000,0.00000,30,0),(2811,2011,11,22,'5025',0.00000,0.00000,0.00000,30,0),(2812,2011,11,22,'5035',0.00000,0.00000,0.00000,30,0),(2813,2011,11,22,'5036',0.00000,0.00000,0.00000,30,0),(2814,2011,11,22,'5037',0.00000,0.00000,0.00000,30,0),(2815,2011,11,22,'5040',0.00000,0.00000,0.00000,30,0),(2816,2011,11,22,'5041',0.00000,0.00000,0.00000,30,0),(2817,2011,11,22,'5050',0.00000,0.00000,0.00000,30,0),(2818,2011,11,22,'5051',0.00000,0.00000,0.00000,30,0),(2819,2011,11,24,'5020',0.00000,0.00000,0.00000,30,0),(2820,2011,11,24,'5025',0.00000,0.00000,0.00000,30,0),(2821,2011,11,24,'5035',0.00000,0.00000,0.00000,30,0),(2822,2011,11,24,'5036',0.00000,0.00000,0.00000,30,0),(2823,2011,11,24,'5037',0.00000,0.00000,0.00000,30,0),(2824,2011,11,24,'5040',0.00000,0.00000,0.00000,30,0),(2825,2011,11,24,'5041',0.00000,0.00000,0.00000,30,0),(2826,2011,11,24,'5050',0.00000,0.00000,0.00000,30,0),(2827,2011,11,24,'5051',0.00000,0.00000,0.00000,30,0),(2828,2011,11,26,'5020',0.00000,0.00000,0.00000,30,0),(2829,2011,11,26,'5025',0.00000,0.00000,0.00000,30,0),(2830,2011,11,26,'5035',0.00000,0.00000,0.00000,30,0),(2831,2011,11,26,'5036',0.00000,0.00000,0.00000,30,0),(2832,2011,11,26,'5037',0.00000,0.00000,0.00000,30,0),(2833,2011,11,26,'5040',0.00000,0.00000,0.00000,30,0),(2834,2011,11,26,'5041',0.00000,0.00000,0.00000,30,0),(2835,2011,11,26,'5050',0.00000,0.00000,0.00000,30,0),(2836,2011,11,26,'5051',0.00000,0.00000,0.00000,30,0),(2837,2011,11,27,'5020',0.00000,0.00000,0.00000,30,0),(2838,2011,11,27,'5025',0.00000,0.00000,0.00000,30,0),(2839,2011,11,27,'5035',0.00000,0.00000,0.00000,30,0),(2840,2011,11,27,'5036',0.00000,0.00000,0.00000,30,0),(2841,2011,11,27,'5037',0.00000,0.00000,0.00000,30,0),(2842,2011,11,27,'5040',0.00000,0.00000,0.00000,30,0),(2843,2011,11,27,'5041',0.00000,0.00000,0.00000,30,0),(2844,2011,11,27,'5050',0.00000,0.00000,0.00000,30,0),(2845,2011,11,27,'5051',0.00000,0.00000,0.00000,30,0),(2846,2011,11,28,'5020',0.00000,0.00000,0.00000,30,0),(2847,2011,11,28,'5025',0.00000,0.00000,0.00000,30,0),(2848,2011,11,28,'5035',0.00000,0.00000,0.00000,30,0),(2849,2011,11,28,'5036',0.00000,0.00000,0.00000,30,0),(2850,2011,11,28,'5037',0.00000,0.00000,0.00000,30,0),(2851,2011,11,28,'5040',0.00000,0.00000,0.00000,30,0),(2852,2011,11,28,'5041',0.00000,0.00000,0.00000,30,0),(2853,2011,11,28,'5050',0.00000,0.00000,0.00000,30,0),(2854,2011,11,28,'5051',0.00000,0.00000,0.00000,30,0),(2855,2011,11,31,'5020',0.00000,0.00000,0.00000,0,0),(2856,2011,11,31,'5025',0.00000,0.00000,0.00000,0,0),(2857,2011,11,31,'5035',0.00000,0.00000,0.00000,0,0),(2858,2011,11,31,'5036',0.00000,0.00000,0.00000,0,0),(2859,2011,11,31,'5037',0.00000,0.00000,0.00000,0,0),(2860,2011,11,31,'5040',0.00000,0.00000,0.00000,0,0),(2861,2011,11,31,'5041',0.00000,0.00000,0.00000,0,0),(2862,2011,11,31,'5050',0.00000,0.00000,0.00000,0,0),(2863,2011,11,31,'5051',0.00000,0.00000,0.00000,0,0),(2864,2011,11,32,'5020',0.00000,0.00000,0.00000,30,0),(2865,2011,11,32,'5025',0.00000,0.00000,0.00000,30,0),(2866,2011,11,32,'5035',0.00000,0.00000,0.00000,30,0),(2867,2011,11,32,'5036',0.00000,0.00000,0.00000,30,0),(2868,2011,11,32,'5037',0.00000,0.00000,0.00000,30,0),(2869,2011,11,32,'5040',0.00000,0.00000,0.00000,30,0),(2870,2011,11,32,'5041',0.00000,0.00000,0.00000,30,0),(2871,2011,11,32,'5050',0.00000,0.00000,0.00000,30,0),(2872,2011,11,32,'5051',0.00000,0.00000,0.00000,30,0),(2873,2011,11,33,'5020',0.00000,0.00000,0.00000,0,0),(2874,2011,11,33,'5025',0.00000,0.00000,0.00000,0,0),(2875,2011,11,33,'5035',0.00000,0.00000,0.00000,0,0),(2876,2011,11,33,'5036',0.00000,0.00000,0.00000,0,0),(2877,2011,11,33,'5037',0.00000,0.00000,0.00000,0,0),(2878,2011,11,33,'5040',0.00000,0.00000,0.00000,0,0),(2879,2011,11,33,'5041',0.00000,0.00000,0.00000,0,0),(2880,2011,11,33,'5050',0.00000,0.00000,0.00000,0,0),(2881,2011,11,33,'5051',0.00000,0.00000,0.00000,0,0),(2957,2011,12,35,'1061',0.00000,0.00000,0.00000,0,0),(2958,2011,12,35,'1999',0.00000,0.00000,0.00000,0,0),(2959,2011,12,35,'5000',0.00000,0.00000,0.00000,0,0),(2960,2011,12,35,'5070',0.00000,0.00000,0.00000,0,0),(2961,2011,12,35,'6500',0.00000,0.00000,0.00000,0,0),(2962,2011,12,35,'8000',0.00000,0.00000,0.00000,0,0),(2963,2011,12,35,'9010',0.00000,0.00000,0.00000,0,0),(2964,2011,12,35,'9015',0.00000,0.00000,0.00000,0,0),(2965,2011,12,35,'9019',0.00000,0.00000,0.00000,0,0),(2966,2011,12,35,'9020',0.00000,0.00000,0.00000,0,0),(2967,2011,12,35,'9025',0.00000,0.00000,0.00000,0,0),(2968,2011,12,35,'9027',0.00000,0.00000,0.00000,0,0),(2969,2011,12,35,'9029',0.00000,0.00000,0.00000,0,0),(2970,2011,12,35,'9030',0.00000,0.00000,0.00000,0,0),(2971,2011,12,35,'9035',0.00000,0.00000,0.00000,0,0),(2972,2011,12,35,'9040',0.00000,0.00000,0.00000,0,0),(2973,2011,12,35,'9045',0.00000,0.00000,0.00000,0,0),(2974,2011,12,35,'9050',0.00000,0.00000,0.00000,0,0),(2975,2011,12,35,'9055',0.00000,0.00000,0.00000,0,0),(2976,2011,12,35,'9060',0.00000,0.00000,0.00000,0,0),(2977,2011,12,35,'9065',0.00000,1.00000,0.00000,0,0),(2978,2011,12,35,'9070',0.00000,0.00000,0.00000,0,0),(2979,2011,12,35,'9090',0.00000,0.00000,0.00000,0,0),(2980,2011,12,35,'1005',0.00000,0.00000,0.00000,0,0),(2981,2011,12,35,'5010',0.00000,5.05000,0.00000,0,0),(2982,2011,12,35,'5013',0.00000,0.00000,0.00000,0,0),(2983,2011,12,35,'5020',0.00000,1.00000,0.00000,0,0),(2984,2011,12,35,'5025',0.00000,0.50000,0.00000,0,0),(2985,2011,12,35,'5023',0.00000,0.00000,0.00000,0,0),(2986,2011,12,35,'9120',0.00000,0.00000,0.00000,0,0),(2987,2011,12,35,'9999',0.00000,0.00000,0.00000,0,0),(2988,2011,12,5,'5020',0.00000,0.00000,0.00000,30,0),(2989,2011,12,5,'5025',0.00000,0.00000,0.00000,30,0),(2990,2011,12,5,'5035',0.00000,0.00000,0.00000,30,0),(2991,2011,12,5,'5036',0.00000,0.00000,0.00000,30,0),(2992,2011,12,5,'5037',0.00000,0.00000,0.00000,30,0),(2993,2011,12,5,'5040',0.00000,0.00000,0.00000,30,0),(2994,2011,12,5,'5041',0.00000,0.00000,0.00000,30,0),(2995,2011,12,5,'5050',0.00000,0.00000,0.00000,30,0),(2996,2011,12,5,'5051',0.00000,0.00000,0.00000,30,0),(2997,2011,12,6,'5020',0.00000,0.00000,0.00000,30,0),(2998,2011,12,6,'5025',0.00000,0.00000,0.00000,30,0),(2999,2011,12,6,'5035',0.00000,0.00000,0.00000,30,0),(3000,2011,12,6,'5036',0.00000,0.00000,0.00000,30,0),(3001,2011,12,6,'5037',0.00000,0.00000,0.00000,30,0),(3002,2011,12,6,'5040',0.00000,0.00000,0.00000,30,0),(3003,2011,12,6,'5041',0.00000,0.00000,0.00000,30,0),(3004,2011,12,6,'5050',0.00000,0.00000,0.00000,30,0),(3005,2011,12,6,'5051',0.00000,0.00000,0.00000,30,0),(3006,2011,12,7,'5020',0.00000,0.00000,0.00000,30,0),(3007,2011,12,7,'5025',0.00000,0.00000,0.00000,30,0),(3008,2011,12,7,'5035',0.00000,0.00000,0.00000,30,0),(3009,2011,12,7,'5036',0.00000,0.00000,0.00000,30,0),(3010,2011,12,7,'5037',0.00000,0.00000,0.00000,30,0),(3011,2011,12,7,'5040',0.00000,0.00000,0.00000,30,0),(3012,2011,12,7,'5041',0.00000,0.00000,0.00000,30,0),(3013,2011,12,7,'5050',0.00000,0.00000,0.00000,30,0),(3014,2011,12,7,'5051',0.00000,0.00000,0.00000,30,0),(3015,2011,12,8,'5020',0.00000,0.00000,0.00000,30,0),(3016,2011,12,8,'5025',0.00000,0.00000,0.00000,30,0),(3017,2011,12,8,'5035',0.00000,0.00000,0.00000,30,0),(3018,2011,12,8,'5036',0.00000,0.00000,0.00000,30,0),(3019,2011,12,8,'5037',0.00000,0.00000,0.00000,30,0),(3020,2011,12,8,'5040',0.00000,0.00000,0.00000,30,0),(3021,2011,12,8,'5041',0.00000,0.00000,0.00000,30,0),(3022,2011,12,8,'5050',0.00000,0.00000,0.00000,30,0),(3023,2011,12,8,'5051',0.00000,0.00000,0.00000,30,0),(3024,2011,12,9,'5020',0.00000,0.00000,0.00000,30,0),(3025,2011,12,9,'5025',0.00000,0.00000,0.00000,30,0),(3026,2011,12,9,'5035',0.00000,0.00000,0.00000,30,0),(3027,2011,12,9,'5036',0.00000,0.00000,0.00000,30,0),(3028,2011,12,9,'5037',0.00000,0.00000,0.00000,30,0),(3029,2011,12,9,'5040',0.00000,0.00000,0.00000,30,0),(3030,2011,12,9,'5041',0.00000,0.00000,0.00000,30,0),(3031,2011,12,9,'5050',0.00000,0.00000,0.00000,30,0),(3032,2011,12,9,'5051',0.00000,0.00000,0.00000,30,0),(3033,2011,12,11,'5020',0.00000,0.00000,0.00000,30,0),(3034,2011,12,11,'5025',0.00000,0.00000,0.00000,30,0),(3035,2011,12,11,'5035',0.00000,0.00000,0.00000,30,0),(3036,2011,12,11,'5036',0.00000,0.00000,0.00000,30,0),(3037,2011,12,11,'5037',0.00000,0.00000,0.00000,30,0),(3038,2011,12,11,'5040',0.00000,0.00000,0.00000,30,0),(3039,2011,12,11,'5041',0.00000,0.00000,0.00000,30,0),(3040,2011,12,11,'5050',0.00000,0.00000,0.00000,30,0),(3041,2011,12,11,'5051',0.00000,0.00000,0.00000,30,0),(3042,2011,12,13,'5020',0.00000,0.00000,0.00000,30,0),(3043,2011,12,13,'5025',0.00000,0.00000,0.00000,30,0),(3044,2011,12,13,'5035',0.00000,0.00000,0.00000,30,0),(3045,2011,12,13,'5036',0.00000,0.00000,0.00000,30,0),(3046,2011,12,13,'5037',0.00000,0.00000,0.00000,30,0),(3047,2011,12,13,'5040',0.00000,0.00000,0.00000,30,0),(3048,2011,12,13,'5041',0.00000,0.00000,0.00000,30,0),(3049,2011,12,13,'5050',0.00000,0.00000,0.00000,30,0),(3050,2011,12,13,'5051',0.00000,0.00000,0.00000,30,0),(3051,2011,12,15,'5020',0.00000,0.00000,0.00000,30,0),(3052,2011,12,15,'5025',0.00000,0.00000,0.00000,30,0),(3053,2011,12,15,'5035',0.00000,0.00000,0.00000,30,0),(3054,2011,12,15,'5036',0.00000,0.00000,0.00000,30,0),(3055,2011,12,15,'5037',0.00000,0.00000,0.00000,30,0),(3056,2011,12,15,'5040',0.00000,0.00000,0.00000,30,0),(3057,2011,12,15,'5041',0.00000,0.00000,0.00000,30,0),(3058,2011,12,15,'5050',0.00000,0.00000,0.00000,30,0),(3059,2011,12,15,'5051',0.00000,0.00000,0.00000,30,0),(3060,2011,12,16,'5020',0.00000,0.00000,0.00000,30,0),(3061,2011,12,16,'5025',0.00000,0.00000,0.00000,30,0),(3062,2011,12,16,'5035',0.00000,0.00000,0.00000,30,0),(3063,2011,12,16,'5036',0.00000,0.00000,0.00000,30,0),(3064,2011,12,16,'5037',0.00000,0.00000,0.00000,30,0),(3065,2011,12,16,'5040',0.00000,0.00000,0.00000,30,0),(3066,2011,12,16,'5041',0.00000,0.00000,0.00000,30,0),(3067,2011,12,16,'5050',0.00000,0.00000,0.00000,30,0),(3068,2011,12,16,'5051',0.00000,0.00000,0.00000,30,0),(3069,2011,12,17,'5020',0.00000,0.00000,0.00000,30,0),(3070,2011,12,17,'5025',0.00000,0.00000,0.00000,30,0),(3071,2011,12,17,'5035',0.00000,0.00000,0.00000,30,0),(3072,2011,12,17,'5036',0.00000,0.00000,0.00000,30,0),(3073,2011,12,17,'5037',0.00000,0.00000,0.00000,30,0),(3074,2011,12,17,'5040',0.00000,0.00000,0.00000,30,0),(3075,2011,12,17,'5041',0.00000,0.00000,0.00000,30,0),(3076,2011,12,17,'5050',0.00000,0.00000,0.00000,30,0),(3077,2011,12,17,'5051',0.00000,0.00000,0.00000,30,0),(3078,2011,12,18,'5020',0.00000,0.00000,0.00000,30,0),(3079,2011,12,18,'5025',0.00000,0.00000,0.00000,30,0),(3080,2011,12,18,'5035',0.00000,0.00000,0.00000,30,0),(3081,2011,12,18,'5036',0.00000,0.00000,0.00000,30,0),(3082,2011,12,18,'5037',0.00000,0.00000,0.00000,30,0),(3083,2011,12,18,'5040',0.00000,0.00000,0.00000,30,0),(3084,2011,12,18,'5041',0.00000,0.00000,0.00000,30,0),(3085,2011,12,18,'5050',0.00000,0.00000,0.00000,30,0),(3086,2011,12,18,'5051',0.00000,0.00000,0.00000,30,0),(3087,2011,12,20,'5020',0.00000,0.00000,0.00000,30,0),(3088,2011,12,20,'5025',0.00000,0.00000,0.00000,30,0),(3089,2011,12,20,'5035',0.00000,0.00000,0.00000,30,0),(3090,2011,12,20,'5036',0.00000,0.00000,0.00000,30,0),(3091,2011,12,20,'5037',0.00000,0.00000,0.00000,30,0),(3092,2011,12,20,'5040',0.00000,0.00000,0.00000,30,0),(3093,2011,12,20,'5041',0.00000,0.00000,0.00000,30,0),(3094,2011,12,20,'5050',0.00000,0.00000,0.00000,30,0),(3095,2011,12,20,'5051',0.00000,0.00000,0.00000,30,0),(3096,2011,12,21,'5020',0.00000,0.00000,0.00000,30,0),(3097,2011,12,21,'5025',0.00000,0.00000,0.00000,30,0),(3098,2011,12,21,'5035',0.00000,0.00000,0.00000,30,0),(3099,2011,12,21,'5036',0.00000,0.00000,0.00000,30,0),(3100,2011,12,21,'5037',0.00000,0.00000,0.00000,30,0),(3101,2011,12,21,'5040',0.00000,0.00000,0.00000,30,0),(3102,2011,12,21,'5041',0.00000,0.00000,0.00000,30,0),(3103,2011,12,21,'5050',0.00000,0.00000,0.00000,30,0),(3104,2011,12,21,'5051',0.00000,0.00000,0.00000,30,0),(3105,2011,12,22,'5020',0.00000,0.00000,0.00000,30,0),(3106,2011,12,22,'5025',0.00000,0.00000,0.00000,30,0),(3107,2011,12,22,'5035',0.00000,0.00000,0.00000,30,0),(3108,2011,12,22,'5036',0.00000,0.00000,0.00000,30,0),(3109,2011,12,22,'5037',0.00000,0.00000,0.00000,30,0),(3110,2011,12,22,'5040',0.00000,0.00000,0.00000,30,0),(3111,2011,12,22,'5041',0.00000,0.00000,0.00000,30,0),(3112,2011,12,22,'5050',0.00000,0.00000,0.00000,30,0),(3113,2011,12,22,'5051',0.00000,0.00000,0.00000,30,0),(3114,2011,12,23,'5020',0.00000,0.00000,0.00000,0,0),(3115,2011,12,23,'5025',0.00000,0.00000,0.00000,0,0),(3116,2011,12,23,'5035',0.00000,0.00000,0.00000,0,0),(3117,2011,12,23,'5036',0.00000,0.00000,0.00000,0,0),(3118,2011,12,23,'5037',0.00000,0.00000,0.00000,0,0),(3119,2011,12,23,'5040',0.00000,0.00000,0.00000,0,0),(3120,2011,12,23,'5041',0.00000,0.00000,0.00000,0,0),(3121,2011,12,23,'5050',0.00000,0.00000,0.00000,0,0),(3122,2011,12,23,'5051',0.00000,0.00000,0.00000,0,0),(3123,2011,12,23,'9120',0.00000,0.00000,0.00000,0,0),(3124,2011,12,23,'9130',0.00000,0.00000,0.00000,0,0),(3125,2011,12,23,'9140',0.00000,0.00000,0.00000,0,0),(3126,2011,12,23,'9150',0.00000,0.00000,0.00000,0,0),(3127,2011,12,24,'5020',0.00000,0.00000,0.00000,30,0),(3128,2011,12,24,'5025',0.00000,0.00000,0.00000,30,0),(3129,2011,12,24,'5035',0.00000,0.00000,0.00000,30,0),(3130,2011,12,24,'5036',0.00000,0.00000,0.00000,30,0),(3131,2011,12,24,'5037',0.00000,0.00000,0.00000,30,0),(3132,2011,12,24,'5040',0.00000,0.00000,0.00000,30,0),(3133,2011,12,24,'5041',0.00000,0.00000,0.00000,30,0),(3134,2011,12,24,'5050',0.00000,0.00000,0.00000,30,0),(3135,2011,12,24,'5051',0.00000,0.00000,0.00000,30,0),(3136,2011,12,25,'5020',0.00000,0.00000,0.00000,0,0),(3137,2011,12,25,'5025',0.00000,0.00000,0.00000,0,0),(3138,2011,12,25,'5035',0.00000,0.00000,0.00000,0,0),(3139,2011,12,25,'5036',0.00000,0.00000,0.00000,0,0),(3140,2011,12,25,'5037',0.00000,0.00000,0.00000,0,0),(3141,2011,12,25,'5040',0.00000,0.00000,0.00000,0,0),(3142,2011,12,25,'5041',0.00000,0.00000,0.00000,0,0),(3143,2011,12,25,'5050',0.00000,0.00000,0.00000,0,0),(3144,2011,12,25,'5051',0.00000,0.00000,0.00000,0,0),(3145,2011,12,25,'9120',0.00000,0.00000,0.00000,0,0),(3146,2011,12,25,'9130',0.00000,0.00000,0.00000,0,0),(3147,2011,12,25,'9140',0.00000,0.00000,0.00000,0,0),(3148,2011,12,25,'9150',0.00000,0.00000,0.00000,0,0),(3149,2011,12,26,'5020',0.00000,0.00000,0.00000,30,0),(3150,2011,12,26,'5025',0.00000,0.00000,0.00000,30,0),(3151,2011,12,26,'5035',0.00000,0.00000,0.00000,30,0),(3152,2011,12,26,'5036',0.00000,0.00000,0.00000,30,0),(3153,2011,12,26,'5037',0.00000,0.00000,0.00000,30,0),(3154,2011,12,26,'5040',0.00000,0.00000,0.00000,30,0),(3155,2011,12,26,'5041',0.00000,0.00000,0.00000,30,0),(3156,2011,12,26,'5050',0.00000,0.00000,0.00000,30,0),(3157,2011,12,26,'5051',0.00000,0.00000,0.00000,30,0),(3158,2011,12,27,'5020',0.00000,0.00000,0.00000,30,0),(3159,2011,12,27,'5025',0.00000,0.00000,0.00000,30,0),(3160,2011,12,27,'5035',0.00000,0.00000,0.00000,30,0),(3161,2011,12,27,'5036',0.00000,0.00000,0.00000,30,0),(3162,2011,12,27,'5037',0.00000,0.00000,0.00000,30,0),(3163,2011,12,27,'5040',0.00000,0.00000,0.00000,30,0),(3164,2011,12,27,'5041',0.00000,0.00000,0.00000,30,0),(3165,2011,12,27,'5050',0.00000,0.00000,0.00000,30,0),(3166,2011,12,27,'5051',0.00000,0.00000,0.00000,30,0),(3167,2011,12,28,'5020',0.00000,0.00000,0.00000,30,0),(3168,2011,12,28,'5025',0.00000,0.00000,0.00000,30,0),(3169,2011,12,28,'5035',0.00000,0.00000,0.00000,30,0),(3170,2011,12,28,'5036',0.00000,0.00000,0.00000,30,0),(3171,2011,12,28,'5037',0.00000,0.00000,0.00000,30,0),(3172,2011,12,28,'5040',0.00000,0.00000,0.00000,30,0),(3173,2011,12,28,'5041',0.00000,0.00000,0.00000,30,0),(3174,2011,12,28,'5050',0.00000,0.00000,0.00000,30,0),(3175,2011,12,28,'5051',0.00000,0.00000,0.00000,30,0),(3176,2011,12,29,'5020',0.00000,0.00000,0.00000,0,0),(3177,2011,12,29,'5025',0.00000,0.00000,0.00000,0,0),(3178,2011,12,29,'5035',0.00000,0.00000,0.00000,0,0),(3179,2011,12,29,'5036',0.00000,0.00000,0.00000,0,0),(3180,2011,12,29,'5037',0.00000,0.00000,0.00000,0,0),(3181,2011,12,29,'5040',0.00000,0.00000,0.00000,0,0),(3182,2011,12,29,'5041',0.00000,0.00000,0.00000,0,0),(3183,2011,12,29,'5050',0.00000,0.00000,0.00000,0,0),(3184,2011,12,29,'5051',0.00000,0.00000,0.00000,0,0),(3185,2011,12,29,'9120',0.00000,0.00000,0.00000,0,0),(3186,2011,12,29,'9130',0.00000,0.00000,0.00000,0,0),(3187,2011,12,29,'9140',0.00000,0.00000,0.00000,0,0),(3188,2011,12,29,'9150',0.00000,0.00000,0.00000,0,0),(3189,2011,12,31,'5020',0.00000,0.00000,0.00000,0,0),(3190,2011,12,31,'5025',0.00000,0.00000,0.00000,0,0),(3191,2011,12,31,'5035',0.00000,0.00000,0.00000,0,0),(3192,2011,12,31,'5036',0.00000,0.00000,0.00000,0,0),(3193,2011,12,31,'5037',0.00000,0.00000,0.00000,0,0),(3194,2011,12,31,'5040',0.00000,0.00000,0.00000,0,0),(3195,2011,12,31,'5041',0.00000,0.00000,0.00000,0,0),(3196,2011,12,31,'5050',0.00000,0.00000,0.00000,0,0),(3197,2011,12,31,'5051',0.00000,0.00000,0.00000,0,0),(3198,2011,12,32,'5020',0.00000,0.00000,0.00000,30,0),(3199,2011,12,32,'5025',0.00000,0.00000,0.00000,30,0),(3200,2011,12,32,'5035',0.00000,0.00000,0.00000,30,0),(3201,2011,12,32,'5036',0.00000,0.00000,0.00000,30,0),(3202,2011,12,32,'5037',0.00000,0.00000,0.00000,30,0),(3203,2011,12,32,'5040',0.00000,0.00000,0.00000,30,0),(3204,2011,12,32,'5041',0.00000,0.00000,0.00000,30,0),(3205,2011,12,32,'5050',0.00000,0.00000,0.00000,30,0),(3206,2011,12,32,'5051',0.00000,0.00000,0.00000,30,0),(3207,2011,12,33,'5020',0.00000,0.00000,0.00000,0,0),(3208,2011,12,33,'5025',0.00000,0.00000,0.00000,0,0),(3209,2011,12,33,'5035',0.00000,0.00000,0.00000,0,0),(3210,2011,12,33,'5036',0.00000,0.00000,0.00000,0,0),(3211,2011,12,33,'5037',0.00000,0.00000,0.00000,0,0),(3212,2011,12,33,'5040',0.00000,0.00000,0.00000,0,0),(3213,2011,12,33,'5041',0.00000,0.00000,0.00000,0,0),(3214,2011,12,33,'5050',0.00000,0.00000,0.00000,0,0),(3215,2011,12,33,'5051',0.00000,0.00000,0.00000,0,0),(3243,2011,13,28,'9999',0.00000,0.00000,125.00000,0,0),(3244,2011,13,28,'1061',0.00000,125.00000,0.00000,0,0),(3245,2011,13,28,'1999',0.00000,0.00000,0.00000,0,0),(3246,2011,13,28,'5000',0.00000,0.00000,20000.00000,0,0),(3247,2011,13,28,'5070',0.00000,0.00000,0.00000,0,0),(3248,2011,13,28,'6500',0.00000,0.00000,19384.20000,0,0),(3249,2011,13,28,'8000',0.00000,0.00000,19384.20000,0,0),(3250,2011,13,28,'9010',0.00000,0.00000,20000.00000,0,0),(3251,2011,13,28,'9015',0.00000,0.00000,3200.00000,0,0),(3252,2011,13,28,'9019',0.00000,0.00000,16800.00000,0,0),(3253,2011,13,28,'9020',0.00000,0.00000,20000.00000,0,0),(3254,2011,13,28,'9025',0.00000,0.00000,0.00000,0,0),(3255,2011,13,28,'9027',0.00000,0.00000,0.00000,0,0),(3256,2011,13,28,'9029',0.00000,0.00000,20000.00000,0,0),(3257,2011,13,28,'9030',0.00000,0.00000,20000.00000,0,0),(3258,2011,13,28,'9035',0.00000,0.00000,20000.00000,0,0),(3259,2011,13,28,'9040',0.00000,0.00000,20000.00000,0,0),(3260,2011,13,28,'9045',0.00000,0.00000,20000.00000,0,0),(3261,2011,13,28,'9050',0.00000,0.00000,20000.00000,0,0),(3262,2011,13,28,'9055',0.00000,0.00000,20000.00000,0,0),(3263,2011,13,28,'9060',0.00000,0.00000,20000.00000,0,0),(3264,2011,13,28,'9065',0.00000,1.00000,0.00000,0,0),(3265,2011,13,28,'9070',0.00000,0.00000,20000.00000,0,0),(3266,2011,13,28,'9090',0.00000,0.00000,20000.00000,0,0),(3267,2011,13,28,'1000',0.00000,0.00000,20000.00000,0,0),(3268,2011,13,28,'5010',3200.00000,5.05000,-161.60000,0,0),(3269,2011,13,28,'5013',0.00000,0.00000,161.60000,0,0),(3270,2011,13,28,'5030',20000.00000,1.46000,-292.00000,0,0),(3271,2011,13,28,'5035',20000.00000,0.60900,121.80000,30,0),(3272,2011,13,28,'5039',-292.00000,1.00000,-292.00000,0,0),(3273,2011,13,28,'5040',20000.00000,0.20100,-40.20000,30,0),(3274,2011,13,28,'5050',20000.00000,0.61000,-122.00000,30,0),(3275,2011,13,28,'9130',0.00000,0.00000,20000.00000,0,0),(3276,2011,13,28,'9140',0.00000,0.00000,20000.00000,0,0),(3277,2011,13,28,'9150',0.00000,0.00000,20000.00000,0,0),(3278,2011,13,27,'1061',0.00000,687.50000,0.00000,0,0),(3279,2011,13,27,'1999',0.00000,0.00000,0.00000,0,0),(3280,2011,13,27,'5000',0.00000,0.00000,110000.00000,0,0),(3281,2011,13,27,'5070',0.00000,0.00000,0.00000,0,0),(3282,2011,13,27,'6500',0.00000,0.00000,92204.45000,0,0),(3283,2011,13,27,'8000',0.00000,0.00000,92204.45000,0,0),(3284,2011,13,27,'9010',0.00000,0.00000,110000.00000,0,0),(3285,2011,13,27,'9015',0.00000,0.00000,110000.00000,0,0),(3286,2011,13,27,'9019',0.00000,0.00000,0.00000,0,0),(3287,2011,13,27,'9020',0.00000,0.00000,110000.00000,0,0),(3288,2011,13,27,'9025',0.00000,0.00000,106800.00000,0,0),(3289,2011,13,27,'9027',0.00000,0.00000,3200.00000,0,0),(3290,2011,13,27,'9029',0.00000,0.00000,0.00000,0,0),(3291,2011,13,27,'9030',0.00000,0.00000,110000.00000,0,0),(3292,2011,13,27,'9035',0.00000,0.00000,106800.00000,0,0),(3293,2011,13,27,'9040',0.00000,0.00000,110000.00000,0,0),(3294,2011,13,27,'9045',0.00000,0.00000,106800.00000,0,0),(3295,2011,13,27,'9050',0.00000,0.00000,110000.00000,0,0),(3296,2011,13,27,'9055',0.00000,0.00000,110000.00000,0,0),(3297,2011,13,27,'9060',0.00000,0.00000,110000.00000,0,0),(3298,2011,13,27,'9065',-9000.00000,1.00000,-9000.00000,0,0),(3299,2011,13,27,'9070',0.00000,0.00000,110000.00000,0,0),(3300,2011,13,27,'9090',0.00000,0.00000,110000.00000,0,0),(3301,2011,13,27,'1000',0.00000,0.00000,110000.00000,0,0),(3302,2011,13,27,'5010',110000.00000,5.05000,-5555.00000,0,0),(3303,2011,13,27,'5013',0.00000,0.00000,5555.00000,0,0),(3304,2011,13,27,'5020',106800.00000,1.00000,-1068.00000,30,0),(3305,2011,13,27,'5025',3200.00000,0.50000,-16.00000,30,0),(3306,2011,13,27,'5023',0.00000,0.00000,1068.00000,0,0),(3307,2011,13,27,'5032',106800.00000,1.19000,-1270.90000,0,0),(3308,2011,13,27,'5037',106800.00000,0.53000,566.05000,30,0),(3309,2011,13,27,'5039',-1270.90000,1.00000,-1270.90000,0,0),(3310,2011,13,27,'5040',106800.00000,0.20100,-214.65000,30,0),(3311,2011,13,27,'5050',110000.00000,0.61000,-671.00000,30,0),(3312,2011,13,27,'9120',0.00000,0.00000,110000.00000,0,0),(3313,2011,13,27,'9132',0.00000,0.00000,110000.00000,0,0),(3314,2011,13,27,'9140',0.00000,0.00000,110000.00000,0,0),(3315,2011,13,27,'9150',0.00000,0.00000,110000.00000,0,0),(3316,2011,13,27,'5060',110000.00000,1.00000,-9000.00000,0,0),(3317,2011,13,27,'9999',0.00000,0.00000,687.50000,0,0),(3318,2011,13,26,'1061',0.00000,0.00000,0.00000,0,0),(3319,2011,13,26,'1999',0.00000,0.00000,0.00000,0,0),(3320,2011,13,26,'5000',0.00000,0.00000,14000.00000,0,0),(3321,2011,13,26,'5070',0.00000,0.00000,0.00000,0,0),(3322,2011,13,26,'6500',0.00000,0.00000,13895.85000,0,0),(3323,2011,13,26,'8000',0.00000,0.00000,13895.85000,0,0),(3324,2011,13,26,'9010',0.00000,0.00000,14000.00000,0,0),(3325,2011,13,26,'9015',0.00000,0.00000,0.00000,0,0),(3326,2011,13,26,'9019',0.00000,0.00000,14000.00000,0,0),(3327,2011,13,26,'9020',0.00000,0.00000,14000.00000,0,0),(3328,2011,13,26,'9025',0.00000,0.00000,0.00000,0,0),(3329,2011,13,26,'9027',0.00000,0.00000,0.00000,0,0),(3330,2011,13,26,'9029',0.00000,0.00000,14000.00000,0,0),(3331,2011,13,26,'9030',0.00000,0.00000,14000.00000,0,0),(3332,2011,13,26,'9035',0.00000,0.00000,14000.00000,0,0),(3333,2011,13,26,'9040',0.00000,0.00000,14000.00000,0,0),(3334,2011,13,26,'9045',0.00000,0.00000,14000.00000,0,0),(3335,2011,13,26,'9050',0.00000,0.00000,14000.00000,0,0),(3336,2011,13,26,'9055',0.00000,0.00000,14000.00000,0,0),(3337,2011,13,26,'9060',0.00000,0.00000,14000.00000,0,0),(3338,2011,13,26,'9065',0.00000,1.00000,0.00000,0,0),(3339,2011,13,26,'9070',0.00000,0.00000,14000.00000,0,0),(3340,2011,13,26,'9090',0.00000,0.00000,14000.00000,0,0),(3341,2011,13,26,'5010',0.00000,5.05000,0.00000,0,0),(3342,2011,13,26,'5013',0.00000,0.00000,0.00000,0,0),(3343,2011,13,26,'5036',14000.00000,0.94000,131.60000,30,0),(3344,2011,13,26,'5040',14000.00000,0.20100,-28.15000,30,0),(3345,2011,13,26,'5050',14000.00000,0.54300,-76.00000,30,0),(3346,2011,13,26,'9131',0.00000,0.00000,14000.00000,0,0),(3347,2011,13,26,'9140',0.00000,0.00000,14000.00000,0,0),(3348,2011,13,26,'9150',0.00000,0.00000,14000.00000,0,0),(3349,2011,13,26,'1018',14000.00000,1.00000,14000.00000,0,0),(3350,2011,13,26,'9999',0.00000,0.00000,0.00000,0,0),(3351,2011,13,24,'1061',0.00000,31.00000,0.00000,0,0),(3352,2011,13,24,'1999',0.00000,0.00000,0.00000,0,0),(3353,2011,13,24,'5000',0.00000,0.00000,69701.75000,0,0),(3354,2011,13,24,'5070',0.00000,0.00000,0.00000,0,0),(3355,2011,13,24,'6500',0.00000,0.00000,58237.05000,0,0),(3356,2011,13,24,'8000',0.00000,0.00000,58237.05000,0,0),(3357,2011,13,24,'9010',0.00000,0.00000,69701.75000,0,0),(3358,2011,13,24,'9015',0.00000,0.00000,69701.75000,0,0),(3359,2011,13,24,'9019',0.00000,0.00000,0.00000,0,0),(3360,2011,13,24,'9020',0.00000,0.00000,69701.75000,0,0),(3361,2011,13,24,'9025',0.00000,0.00000,69701.75000,0,0),(3362,2011,13,24,'9027',0.00000,0.00000,0.00000,0,0),(3363,2011,13,24,'9029',0.00000,0.00000,0.00000,0,0),(3364,2011,13,24,'9030',0.00000,0.00000,69701.75000,0,0),(3365,2011,13,24,'9035',0.00000,0.00000,69701.75000,0,0),(3366,2011,13,24,'9040',0.00000,0.00000,69701.75000,0,0),(3367,2011,13,24,'9045',0.00000,0.00000,69701.75000,0,0),(3368,2011,13,24,'9050',0.00000,0.00000,69701.75000,0,0),(3369,2011,13,24,'9055',0.00000,0.00000,69701.75000,0,0),(3370,2011,13,24,'9060',0.00000,0.00000,69701.75000,0,0),(3371,2011,13,24,'9065',-5600.00000,1.00000,-5600.00000,0,0),(3372,2011,13,24,'9070',0.00000,0.00000,69701.75000,0,0),(3373,2011,13,24,'9090',0.00000,0.00000,62496.00000,0,0),(3374,2011,13,24,'1005',0.00000,31.00000,0.00000,0,0),(3375,2011,13,24,'5010',69701.75000,5.05000,-3519.95000,0,0),(3376,2011,13,24,'5013',0.00000,0.00000,3519.95000,0,0),(3377,2011,13,24,'5020',69701.75000,1.00000,-697.00000,30,0),(3378,2011,13,24,'5025',0.00000,0.50000,0.00000,30,0),(3379,2011,13,24,'5023',0.00000,0.00000,697.00000,0,0),(3380,2011,13,24,'5031',69701.75000,1.62000,-1129.15000,0,0),(3381,2011,13,24,'5036',69701.75000,0.94000,655.20000,30,0),(3382,2011,13,24,'5039',-1129.15000,1.00000,-1129.15000,0,0),(3383,2011,13,24,'5040',69701.75000,0.20100,-140.10000,30,0),(3384,2011,13,24,'5050',69701.75000,0.54300,-378.50000,30,0),(3385,2011,13,24,'9120',0.00000,0.00000,69701.75000,0,0),(3386,2011,13,24,'9131',0.00000,0.00000,69701.75000,0,0),(3387,2011,13,24,'9140',0.00000,0.00000,69701.75000,0,0),(3388,2011,13,24,'9150',0.00000,0.00000,69701.75000,0,0),(3389,2011,13,24,'1005',2016.00000,31.00000,62496.00000,0,0),(3390,2011,13,24,'1160',62496.00000,8.33000,5205.90000,0,0),(3391,2011,13,24,'1161',62496.00000,3.20000,1999.85000,0,0),(3392,2011,13,24,'5060',69701.75000,1.00000,-5600.00000,0,0),(3393,2011,13,24,'9999',0.00000,0.00000,31.00000,0,0),(3394,2011,13,22,'1061',0.00000,1750.00000,0.00000,0,0),(3395,2011,13,22,'1999',0.00000,0.00000,0.00000,0,0),(3396,2011,13,22,'5000',0.00000,0.00000,280000.00000,0,0),(3397,2011,13,22,'5070',0.00000,0.00000,0.00000,0,0),(3398,2011,13,22,'6500',0.00000,0.00000,243435.20000,0,0),(3399,2011,13,22,'8000',0.00000,0.00000,243435.20000,0,0),(3400,2011,13,22,'9010',0.00000,0.00000,280000.00000,0,0),(3401,2011,13,22,'9015',0.00000,0.00000,280000.00000,0,0),(3402,2011,13,22,'9019',0.00000,0.00000,0.00000,0,0),(3403,2011,13,22,'9020',0.00000,0.00000,280000.00000,0,0),(3404,2011,13,22,'9025',0.00000,0.00000,106800.00000,0,0),(3405,2011,13,22,'9027',0.00000,0.00000,160200.00000,0,0),(3406,2011,13,22,'9029',0.00000,0.00000,13000.00000,0,0),(3407,2011,13,22,'9030',0.00000,0.00000,280000.00000,0,0),(3408,2011,13,22,'9035',0.00000,0.00000,106800.00000,0,0),(3409,2011,13,22,'9040',0.00000,0.00000,280000.00000,0,0),(3410,2011,13,22,'9045',0.00000,0.00000,173200.00000,0,0),(3411,2011,13,22,'9050',0.00000,0.00000,280000.00000,0,0),(3412,2011,13,22,'9055',0.00000,0.00000,280000.00000,0,0),(3413,2011,13,22,'9060',0.00000,0.00000,280000.00000,0,0),(3414,2011,13,22,'9065',-16000.00000,1.00000,-16000.00000,0,0),(3415,2011,13,22,'9070',0.00000,0.00000,280000.00000,0,0),(3416,2011,13,22,'9090',0.00000,0.00000,280000.00000,0,0),(3417,2011,13,22,'1001',0.00000,0.00000,280000.00000,0,0),(3418,2011,13,22,'5010',280000.00000,5.05000,-14140.00000,0,0),(3419,2011,13,22,'5013',0.00000,0.00000,14140.00000,0,0),(3420,2011,13,22,'5020',106800.00000,1.00000,-1068.00000,30,0),(3421,2011,13,22,'5025',160200.00000,0.50000,-801.00000,30,0),(3422,2011,13,22,'5023',0.00000,0.00000,1068.00000,0,0),(3423,2011,13,22,'5030',106800.00000,1.46000,-1559.30000,0,0),(3424,2011,13,22,'5035',106800.00000,0.60900,650.40000,30,0),(3425,2011,13,22,'5039',-1559.30000,1.00000,-1559.30000,0,0),(3426,2011,13,22,'5041',173200.00000,0.63400,-1098.10000,30,0),(3427,2011,13,22,'5051',280000.00000,0.67800,-1898.40000,30,0),(3428,2011,13,22,'9120',0.00000,0.00000,280000.00000,0,0),(3429,2011,13,22,'9130',0.00000,0.00000,280000.00000,0,0),(3430,2011,13,22,'9141',0.00000,0.00000,280000.00000,0,0),(3431,2011,13,22,'9151',0.00000,0.00000,280000.00000,0,0),(3432,2011,13,22,'5060',280000.00000,1.00000,-16000.00000,0,0),(3433,2011,13,22,'9999',0.00000,0.00000,1750.00000,0,0),(3498,2011,13,5,'5020',0.00000,0.00000,0.00000,30,0),(3499,2011,13,5,'5025',0.00000,0.00000,0.00000,30,0),(3500,2011,13,5,'5035',0.00000,0.00000,0.00000,30,0),(3501,2011,13,5,'5036',0.00000,0.00000,0.00000,30,0),(3502,2011,13,5,'5037',0.00000,0.00000,0.00000,30,0),(3503,2011,13,5,'5040',0.00000,0.00000,0.00000,30,0),(3504,2011,13,5,'5041',0.00000,0.00000,0.00000,30,0),(3505,2011,13,5,'5050',0.00000,0.00000,0.00000,30,0),(3506,2011,13,5,'5051',0.00000,0.00000,0.00000,30,0),(3507,2011,13,6,'5020',0.00000,0.00000,0.00000,30,0),(3508,2011,13,6,'5025',0.00000,0.00000,0.00000,30,0),(3509,2011,13,6,'5035',0.00000,0.00000,0.00000,30,0),(3510,2011,13,6,'5036',0.00000,0.00000,0.00000,30,0),(3511,2011,13,6,'5037',0.00000,0.00000,0.00000,30,0),(3512,2011,13,6,'5040',0.00000,0.00000,0.00000,30,0),(3513,2011,13,6,'5041',0.00000,0.00000,0.00000,30,0),(3514,2011,13,6,'5050',0.00000,0.00000,0.00000,30,0),(3515,2011,13,6,'5051',0.00000,0.00000,0.00000,30,0),(3516,2011,13,7,'5020',0.00000,0.00000,0.00000,30,0),(3517,2011,13,7,'5025',0.00000,0.00000,0.00000,30,0),(3518,2011,13,7,'5035',0.00000,0.00000,0.00000,30,0),(3519,2011,13,7,'5036',0.00000,0.00000,0.00000,30,0),(3520,2011,13,7,'5037',0.00000,0.00000,0.00000,30,0),(3521,2011,13,7,'5040',0.00000,0.00000,0.00000,30,0),(3522,2011,13,7,'5041',0.00000,0.00000,0.00000,30,0),(3523,2011,13,7,'5050',0.00000,0.00000,0.00000,30,0),(3524,2011,13,7,'5051',0.00000,0.00000,0.00000,30,0),(3525,2011,13,8,'5020',0.00000,0.00000,0.00000,30,0),(3526,2011,13,8,'5025',0.00000,0.00000,0.00000,30,0),(3527,2011,13,8,'5035',0.00000,0.00000,0.00000,30,0),(3528,2011,13,8,'5036',0.00000,0.00000,0.00000,30,0),(3529,2011,13,8,'5037',0.00000,0.00000,0.00000,30,0),(3530,2011,13,8,'5040',0.00000,0.00000,0.00000,30,0),(3531,2011,13,8,'5041',0.00000,0.00000,0.00000,30,0),(3532,2011,13,8,'5050',0.00000,0.00000,0.00000,30,0),(3533,2011,13,8,'5051',0.00000,0.00000,0.00000,30,0),(3534,2011,13,9,'5020',0.00000,0.00000,0.00000,30,0),(3535,2011,13,9,'5025',0.00000,0.00000,0.00000,30,0),(3536,2011,13,9,'5035',0.00000,0.00000,0.00000,30,0),(3537,2011,13,9,'5036',0.00000,0.00000,0.00000,30,0),(3538,2011,13,9,'5037',0.00000,0.00000,0.00000,30,0),(3539,2011,13,9,'5040',0.00000,0.00000,0.00000,30,0),(3540,2011,13,9,'5041',0.00000,0.00000,0.00000,30,0),(3541,2011,13,9,'5050',0.00000,0.00000,0.00000,30,0),(3542,2011,13,9,'5051',0.00000,0.00000,0.00000,30,0),(3543,2011,13,11,'5020',0.00000,0.00000,0.00000,30,0),(3544,2011,13,11,'5025',0.00000,0.00000,0.00000,30,0),(3545,2011,13,11,'5035',0.00000,0.00000,0.00000,30,0),(3546,2011,13,11,'5036',0.00000,0.00000,0.00000,30,0),(3547,2011,13,11,'5037',0.00000,0.00000,0.00000,30,0),(3548,2011,13,11,'5040',0.00000,0.00000,0.00000,30,0),(3549,2011,13,11,'5041',0.00000,0.00000,0.00000,30,0),(3550,2011,13,11,'5050',0.00000,0.00000,0.00000,30,0),(3551,2011,13,11,'5051',0.00000,0.00000,0.00000,30,0),(3552,2011,13,13,'5020',0.00000,0.00000,0.00000,30,0),(3553,2011,13,13,'5025',0.00000,0.00000,0.00000,30,0),(3554,2011,13,13,'5035',0.00000,0.00000,0.00000,30,0),(3555,2011,13,13,'5036',0.00000,0.00000,0.00000,30,0),(3556,2011,13,13,'5037',0.00000,0.00000,0.00000,30,0),(3557,2011,13,13,'5040',0.00000,0.00000,0.00000,30,0),(3558,2011,13,13,'5041',0.00000,0.00000,0.00000,30,0),(3559,2011,13,13,'5050',0.00000,0.00000,0.00000,30,0),(3560,2011,13,13,'5051',0.00000,0.00000,0.00000,30,0),(3561,2011,13,15,'5020',0.00000,0.00000,0.00000,30,0),(3562,2011,13,15,'5025',0.00000,0.00000,0.00000,30,0),(3563,2011,13,15,'5035',0.00000,0.00000,0.00000,30,0),(3564,2011,13,15,'5036',0.00000,0.00000,0.00000,30,0),(3565,2011,13,15,'5037',0.00000,0.00000,0.00000,30,0),(3566,2011,13,15,'5040',0.00000,0.00000,0.00000,30,0),(3567,2011,13,15,'5041',0.00000,0.00000,0.00000,30,0),(3568,2011,13,15,'5050',0.00000,0.00000,0.00000,30,0),(3569,2011,13,15,'5051',0.00000,0.00000,0.00000,30,0),(3570,2011,13,16,'5020',0.00000,0.00000,0.00000,30,0),(3571,2011,13,16,'5025',0.00000,0.00000,0.00000,30,0),(3572,2011,13,16,'5035',0.00000,0.00000,0.00000,30,0),(3573,2011,13,16,'5036',0.00000,0.00000,0.00000,30,0),(3574,2011,13,16,'5037',0.00000,0.00000,0.00000,30,0),(3575,2011,13,16,'5040',0.00000,0.00000,0.00000,30,0),(3576,2011,13,16,'5041',0.00000,0.00000,0.00000,30,0),(3577,2011,13,16,'5050',0.00000,0.00000,0.00000,30,0),(3578,2011,13,16,'5051',0.00000,0.00000,0.00000,30,0),(3579,2011,13,17,'5020',0.00000,0.00000,0.00000,30,0),(3580,2011,13,17,'5025',0.00000,0.00000,0.00000,30,0),(3581,2011,13,17,'5035',0.00000,0.00000,0.00000,30,0),(3582,2011,13,17,'5036',0.00000,0.00000,0.00000,30,0),(3583,2011,13,17,'5037',0.00000,0.00000,0.00000,30,0),(3584,2011,13,17,'5040',0.00000,0.00000,0.00000,30,0),(3585,2011,13,17,'5041',0.00000,0.00000,0.00000,30,0),(3586,2011,13,17,'5050',0.00000,0.00000,0.00000,30,0),(3587,2011,13,17,'5051',0.00000,0.00000,0.00000,30,0),(3588,2011,13,18,'5020',0.00000,0.00000,0.00000,30,0),(3589,2011,13,18,'5025',0.00000,0.00000,0.00000,30,0),(3590,2011,13,18,'5035',0.00000,0.00000,0.00000,30,0),(3591,2011,13,18,'5036',0.00000,0.00000,0.00000,30,0),(3592,2011,13,18,'5037',0.00000,0.00000,0.00000,30,0),(3593,2011,13,18,'5040',0.00000,0.00000,0.00000,30,0),(3594,2011,13,18,'5041',0.00000,0.00000,0.00000,30,0),(3595,2011,13,18,'5050',0.00000,0.00000,0.00000,30,0),(3596,2011,13,18,'5051',0.00000,0.00000,0.00000,30,0),(3597,2011,13,20,'5020',0.00000,0.00000,0.00000,30,0),(3598,2011,13,20,'5025',0.00000,0.00000,0.00000,30,0),(3599,2011,13,20,'5035',0.00000,0.00000,0.00000,30,0),(3600,2011,13,20,'5036',0.00000,0.00000,0.00000,30,0),(3601,2011,13,20,'5037',0.00000,0.00000,0.00000,30,0),(3602,2011,13,20,'5040',0.00000,0.00000,0.00000,30,0),(3603,2011,13,20,'5041',0.00000,0.00000,0.00000,30,0),(3604,2011,13,20,'5050',0.00000,0.00000,0.00000,30,0),(3605,2011,13,20,'5051',0.00000,0.00000,0.00000,30,0),(3606,2011,13,21,'5020',0.00000,0.00000,0.00000,30,0),(3607,2011,13,21,'5025',0.00000,0.00000,0.00000,30,0),(3608,2011,13,21,'5035',0.00000,0.00000,0.00000,30,0),(3609,2011,13,21,'5036',0.00000,0.00000,0.00000,30,0),(3610,2011,13,21,'5037',0.00000,0.00000,0.00000,30,0),(3611,2011,13,21,'5040',0.00000,0.00000,0.00000,30,0),(3612,2011,13,21,'5041',0.00000,0.00000,0.00000,30,0),(3613,2011,13,21,'5050',0.00000,0.00000,0.00000,30,0),(3614,2011,13,21,'5051',0.00000,0.00000,0.00000,30,0),(3615,2011,13,23,'5020',0.00000,0.00000,0.00000,0,0),(3616,2011,13,23,'5025',0.00000,0.00000,0.00000,0,0),(3617,2011,13,23,'5035',0.00000,0.00000,0.00000,0,0),(3618,2011,13,23,'5036',0.00000,0.00000,0.00000,0,0),(3619,2011,13,23,'5037',0.00000,0.00000,0.00000,0,0),(3620,2011,13,23,'5040',0.00000,0.00000,0.00000,0,0),(3621,2011,13,23,'5041',0.00000,0.00000,0.00000,0,0),(3622,2011,13,23,'5050',0.00000,0.00000,0.00000,0,0),(3623,2011,13,23,'5051',0.00000,0.00000,0.00000,0,0),(3624,2011,13,23,'9120',0.00000,0.00000,0.00000,0,0),(3625,2011,13,23,'9130',0.00000,0.00000,0.00000,0,0),(3626,2011,13,23,'9140',0.00000,0.00000,0.00000,0,0),(3627,2011,13,23,'9150',0.00000,0.00000,0.00000,0,0),(3628,2011,13,25,'5020',0.00000,0.00000,0.00000,0,0),(3629,2011,13,25,'5025',0.00000,0.00000,0.00000,0,0),(3630,2011,13,25,'5035',0.00000,0.00000,0.00000,0,0),(3631,2011,13,25,'5036',0.00000,0.00000,0.00000,0,0),(3632,2011,13,25,'5037',0.00000,0.00000,0.00000,0,0),(3633,2011,13,25,'5040',0.00000,0.00000,0.00000,0,0),(3634,2011,13,25,'5041',0.00000,0.00000,0.00000,0,0),(3635,2011,13,25,'5050',0.00000,0.00000,0.00000,0,0),(3636,2011,13,25,'5051',0.00000,0.00000,0.00000,0,0),(3637,2011,13,25,'9120',0.00000,0.00000,0.00000,0,0),(3638,2011,13,25,'9130',0.00000,0.00000,0.00000,0,0),(3639,2011,13,25,'9140',0.00000,0.00000,0.00000,0,0),(3640,2011,13,25,'9150',0.00000,0.00000,0.00000,0,0),(3641,2011,13,29,'5020',0.00000,0.00000,0.00000,0,0),(3642,2011,13,29,'5025',0.00000,0.00000,0.00000,0,0),(3643,2011,13,29,'5035',0.00000,0.00000,0.00000,0,0),(3644,2011,13,29,'5036',0.00000,0.00000,0.00000,0,0),(3645,2011,13,29,'5037',0.00000,0.00000,0.00000,0,0),(3646,2011,13,29,'5040',0.00000,0.00000,0.00000,0,0),(3647,2011,13,29,'5041',0.00000,0.00000,0.00000,0,0),(3648,2011,13,29,'5050',0.00000,0.00000,0.00000,0,0),(3649,2011,13,29,'5051',0.00000,0.00000,0.00000,0,0),(3650,2011,13,29,'9120',0.00000,0.00000,0.00000,0,0),(3651,2011,13,29,'9130',0.00000,0.00000,0.00000,0,0),(3652,2011,13,29,'9140',0.00000,0.00000,0.00000,0,0),(3653,2011,13,29,'9150',0.00000,0.00000,0.00000,0,0),(3654,2011,13,31,'5020',0.00000,0.00000,0.00000,0,0),(3655,2011,13,31,'5025',0.00000,0.00000,0.00000,0,0),(3656,2011,13,31,'5035',0.00000,0.00000,0.00000,0,0),(3657,2011,13,31,'5036',0.00000,0.00000,0.00000,0,0),(3658,2011,13,31,'5037',0.00000,0.00000,0.00000,0,0),(3659,2011,13,31,'5040',0.00000,0.00000,0.00000,0,0),(3660,2011,13,31,'5041',0.00000,0.00000,0.00000,0,0),(3661,2011,13,31,'5050',0.00000,0.00000,0.00000,0,0),(3662,2011,13,31,'5051',0.00000,0.00000,0.00000,0,0),(3663,2011,13,32,'5020',0.00000,0.00000,0.00000,30,0),(3664,2011,13,32,'5025',0.00000,0.00000,0.00000,30,0),(3665,2011,13,32,'5035',0.00000,0.00000,0.00000,30,0),(3666,2011,13,32,'5036',0.00000,0.00000,0.00000,30,0),(3667,2011,13,32,'5037',0.00000,0.00000,0.00000,30,0),(3668,2011,13,32,'5040',0.00000,0.00000,0.00000,30,0),(3669,2011,13,32,'5041',0.00000,0.00000,0.00000,30,0),(3670,2011,13,32,'5050',0.00000,0.00000,0.00000,30,0),(3671,2011,13,32,'5051',0.00000,0.00000,0.00000,30,0),(3672,2011,13,33,'5020',0.00000,0.00000,0.00000,0,0),(3673,2011,13,33,'5025',0.00000,0.00000,0.00000,0,0),(3674,2011,13,33,'5035',0.00000,0.00000,0.00000,0,0),(3675,2011,13,33,'5036',0.00000,0.00000,0.00000,0,0),(3676,2011,13,33,'5037',0.00000,0.00000,0.00000,0,0),(3677,2011,13,33,'5040',0.00000,0.00000,0.00000,0,0),(3678,2011,13,33,'5041',0.00000,0.00000,0.00000,0,0),(3679,2011,13,33,'5050',0.00000,0.00000,0.00000,0,0),(3680,2011,13,33,'5051',0.00000,0.00000,0.00000,0,0),(3753,2012,14,35,'1061',0.00000,0.00000,0.00000,0,0),(3754,2012,14,35,'1999',0.00000,0.00000,0.00000,0,0),(3755,2012,14,35,'5000',0.00000,0.00000,0.00000,0,0),(3756,2012,14,35,'5070',0.00000,0.00000,0.00000,0,0),(3757,2012,14,35,'6500',0.00000,0.00000,0.00000,0,0),(3758,2012,14,35,'8000',0.00000,0.00000,0.00000,0,0),(3759,2012,14,35,'9010',0.00000,0.00000,0.00000,0,0),(3760,2012,14,35,'9015',0.00000,0.00000,0.00000,0,0),(3761,2012,14,35,'9019',0.00000,0.00000,0.00000,0,0),(3762,2012,14,35,'9020',0.00000,0.00000,0.00000,0,0),(3763,2012,14,35,'9025',0.00000,0.00000,0.00000,0,0),(3764,2012,14,35,'9027',0.00000,0.00000,0.00000,0,0),(3765,2012,14,35,'9029',0.00000,0.00000,0.00000,0,0),(3766,2012,14,35,'9030',0.00000,0.00000,0.00000,0,0),(3767,2012,14,35,'9035',0.00000,0.00000,0.00000,0,0),(3768,2012,14,35,'9040',0.00000,0.00000,0.00000,0,0),(3769,2012,14,35,'9045',0.00000,0.00000,0.00000,0,0),(3770,2012,14,35,'9050',0.00000,0.00000,0.00000,0,0),(3771,2012,14,35,'9055',0.00000,0.00000,0.00000,0,0),(3772,2012,14,35,'9060',0.00000,0.00000,0.00000,0,0),(3773,2012,14,35,'9065',0.00000,1.00000,0.00000,0,0),(3774,2012,14,35,'9070',0.00000,0.00000,0.00000,0,0),(3775,2012,14,35,'9090',0.00000,0.00000,0.00000,0,0),(3776,2012,14,35,'1005',0.00000,0.00000,0.00000,0,0),(3777,2012,14,35,'5010',0.00000,5.05000,0.00000,0,0),(3778,2012,14,35,'5013',0.00000,0.00000,0.00000,0,0),(3779,2012,14,35,'5020',0.00000,1.00000,0.00000,0,0),(3780,2012,14,35,'5025',0.00000,0.50000,0.00000,0,0),(3781,2012,14,35,'5023',0.00000,0.00000,0.00000,0,0),(3782,2012,14,35,'9120',0.00000,0.00000,0.00000,0,0),(3783,2012,14,35,'9999',0.00000,0.00000,0.00000,0,0),(3784,2012,14,5,'5020',0.00000,0.00000,0.00000,30,0),(3785,2012,14,5,'5025',0.00000,0.00000,0.00000,30,0),(3786,2012,14,5,'5035',0.00000,0.00000,0.00000,30,0),(3787,2012,14,5,'5036',0.00000,0.00000,0.00000,30,0),(3788,2012,14,5,'5037',0.00000,0.00000,0.00000,30,0),(3789,2012,14,5,'5040',0.00000,0.00000,0.00000,30,0),(3790,2012,14,5,'5041',0.00000,0.00000,0.00000,30,0),(3791,2012,14,5,'5050',0.00000,0.00000,0.00000,30,0),(3792,2012,14,5,'5051',0.00000,0.00000,0.00000,30,0),(3793,2012,14,6,'5020',0.00000,0.00000,0.00000,30,0),(3794,2012,14,6,'5025',0.00000,0.00000,0.00000,30,0),(3795,2012,14,6,'5035',0.00000,0.00000,0.00000,30,0),(3796,2012,14,6,'5036',0.00000,0.00000,0.00000,30,0),(3797,2012,14,6,'5037',0.00000,0.00000,0.00000,30,0),(3798,2012,14,6,'5040',0.00000,0.00000,0.00000,30,0),(3799,2012,14,6,'5041',0.00000,0.00000,0.00000,30,0),(3800,2012,14,6,'5050',0.00000,0.00000,0.00000,30,0),(3801,2012,14,6,'5051',0.00000,0.00000,0.00000,30,0),(3802,2012,14,7,'5020',0.00000,0.00000,0.00000,30,0),(3803,2012,14,7,'5025',0.00000,0.00000,0.00000,30,0),(3804,2012,14,7,'5035',0.00000,0.00000,0.00000,30,0),(3805,2012,14,7,'5036',0.00000,0.00000,0.00000,30,0),(3806,2012,14,7,'5037',0.00000,0.00000,0.00000,30,0),(3807,2012,14,7,'5040',0.00000,0.00000,0.00000,30,0),(3808,2012,14,7,'5041',0.00000,0.00000,0.00000,30,0),(3809,2012,14,7,'5050',0.00000,0.00000,0.00000,30,0),(3810,2012,14,7,'5051',0.00000,0.00000,0.00000,30,0),(3811,2012,14,8,'5020',0.00000,0.00000,0.00000,30,0),(3812,2012,14,8,'5025',0.00000,0.00000,0.00000,30,0),(3813,2012,14,8,'5035',0.00000,0.00000,0.00000,30,0),(3814,2012,14,8,'5036',0.00000,0.00000,0.00000,30,0),(3815,2012,14,8,'5037',0.00000,0.00000,0.00000,30,0),(3816,2012,14,8,'5040',0.00000,0.00000,0.00000,30,0),(3817,2012,14,8,'5041',0.00000,0.00000,0.00000,30,0),(3818,2012,14,8,'5050',0.00000,0.00000,0.00000,30,0),(3819,2012,14,8,'5051',0.00000,0.00000,0.00000,30,0),(3820,2012,14,9,'5020',0.00000,0.00000,0.00000,30,0),(3821,2012,14,9,'5025',0.00000,0.00000,0.00000,30,0),(3822,2012,14,9,'5035',0.00000,0.00000,0.00000,30,0),(3823,2012,14,9,'5036',0.00000,0.00000,0.00000,30,0),(3824,2012,14,9,'5037',0.00000,0.00000,0.00000,30,0),(3825,2012,14,9,'5040',0.00000,0.00000,0.00000,30,0),(3826,2012,14,9,'5041',0.00000,0.00000,0.00000,30,0),(3827,2012,14,9,'5050',0.00000,0.00000,0.00000,30,0),(3828,2012,14,9,'5051',0.00000,0.00000,0.00000,30,0),(3829,2012,14,10,'5020',0.00000,0.00000,0.00000,30,0),(3830,2012,14,10,'5025',0.00000,0.00000,0.00000,30,0),(3831,2012,14,10,'5035',0.00000,0.00000,0.00000,30,0),(3832,2012,14,10,'5036',0.00000,0.00000,0.00000,30,0),(3833,2012,14,10,'5037',0.00000,0.00000,0.00000,30,0),(3834,2012,14,10,'5040',0.00000,0.00000,0.00000,30,0),(3835,2012,14,10,'5041',0.00000,0.00000,0.00000,30,0),(3836,2012,14,10,'5050',0.00000,0.00000,0.00000,30,0),(3837,2012,14,10,'5051',0.00000,0.00000,0.00000,30,0),(3838,2012,14,11,'5020',0.00000,0.00000,0.00000,30,0),(3839,2012,14,11,'5025',0.00000,0.00000,0.00000,30,0),(3840,2012,14,11,'5035',0.00000,0.00000,0.00000,30,0),(3841,2012,14,11,'5036',0.00000,0.00000,0.00000,30,0),(3842,2012,14,11,'5037',0.00000,0.00000,0.00000,30,0),(3843,2012,14,11,'5040',0.00000,0.00000,0.00000,30,0),(3844,2012,14,11,'5041',0.00000,0.00000,0.00000,30,0),(3845,2012,14,11,'5050',0.00000,0.00000,0.00000,30,0),(3846,2012,14,11,'5051',0.00000,0.00000,0.00000,30,0),(3847,2012,14,13,'5020',0.00000,0.00000,0.00000,30,0),(3848,2012,14,13,'5025',0.00000,0.00000,0.00000,30,0),(3849,2012,14,13,'5035',0.00000,0.00000,0.00000,30,0),(3850,2012,14,13,'5036',0.00000,0.00000,0.00000,30,0),(3851,2012,14,13,'5037',0.00000,0.00000,0.00000,30,0),(3852,2012,14,13,'5040',0.00000,0.00000,0.00000,30,0),(3853,2012,14,13,'5041',0.00000,0.00000,0.00000,30,0),(3854,2012,14,13,'5050',0.00000,0.00000,0.00000,30,0),(3855,2012,14,13,'5051',0.00000,0.00000,0.00000,30,0),(3856,2012,14,15,'5020',0.00000,0.00000,0.00000,30,0),(3857,2012,14,15,'5025',0.00000,0.00000,0.00000,30,0),(3858,2012,14,15,'5035',0.00000,0.00000,0.00000,30,0),(3859,2012,14,15,'5036',0.00000,0.00000,0.00000,30,0),(3860,2012,14,15,'5037',0.00000,0.00000,0.00000,30,0),(3861,2012,14,15,'5040',0.00000,0.00000,0.00000,30,0),(3862,2012,14,15,'5041',0.00000,0.00000,0.00000,30,0),(3863,2012,14,15,'5050',0.00000,0.00000,0.00000,30,0),(3864,2012,14,15,'5051',0.00000,0.00000,0.00000,30,0),(3865,2012,14,16,'5020',0.00000,0.00000,0.00000,30,0),(3866,2012,14,16,'5025',0.00000,0.00000,0.00000,30,0),(3867,2012,14,16,'5035',0.00000,0.00000,0.00000,30,0),(3868,2012,14,16,'5036',0.00000,0.00000,0.00000,30,0),(3869,2012,14,16,'5037',0.00000,0.00000,0.00000,30,0),(3870,2012,14,16,'5040',0.00000,0.00000,0.00000,30,0),(3871,2012,14,16,'5041',0.00000,0.00000,0.00000,30,0),(3872,2012,14,16,'5050',0.00000,0.00000,0.00000,30,0),(3873,2012,14,16,'5051',0.00000,0.00000,0.00000,30,0),(3874,2012,14,17,'5020',0.00000,0.00000,0.00000,30,0),(3875,2012,14,17,'5025',0.00000,0.00000,0.00000,30,0),(3876,2012,14,17,'5035',0.00000,0.00000,0.00000,30,0),(3877,2012,14,17,'5036',0.00000,0.00000,0.00000,30,0),(3878,2012,14,17,'5037',0.00000,0.00000,0.00000,30,0),(3879,2012,14,17,'5040',0.00000,0.00000,0.00000,30,0),(3880,2012,14,17,'5041',0.00000,0.00000,0.00000,30,0),(3881,2012,14,17,'5050',0.00000,0.00000,0.00000,30,0),(3882,2012,14,17,'5051',0.00000,0.00000,0.00000,30,0),(3883,2012,14,18,'5020',0.00000,0.00000,0.00000,30,0),(3884,2012,14,18,'5025',0.00000,0.00000,0.00000,30,0),(3885,2012,14,18,'5035',0.00000,0.00000,0.00000,30,0),(3886,2012,14,18,'5036',0.00000,0.00000,0.00000,30,0),(3887,2012,14,18,'5037',0.00000,0.00000,0.00000,30,0),(3888,2012,14,18,'5040',0.00000,0.00000,0.00000,30,0),(3889,2012,14,18,'5041',0.00000,0.00000,0.00000,30,0),(3890,2012,14,18,'5050',0.00000,0.00000,0.00000,30,0),(3891,2012,14,18,'5051',0.00000,0.00000,0.00000,30,0),(3892,2012,14,19,'5020',0.00000,0.00000,0.00000,30,0),(3893,2012,14,19,'5025',0.00000,0.00000,0.00000,30,0),(3894,2012,14,19,'5035',0.00000,0.00000,0.00000,30,0),(3895,2012,14,19,'5036',0.00000,0.00000,0.00000,30,0),(3896,2012,14,19,'5037',0.00000,0.00000,0.00000,30,0),(3897,2012,14,19,'5040',0.00000,0.00000,0.00000,30,0),(3898,2012,14,19,'5041',0.00000,0.00000,0.00000,30,0),(3899,2012,14,19,'5050',0.00000,0.00000,0.00000,30,0),(3900,2012,14,19,'5051',0.00000,0.00000,0.00000,30,0),(3901,2012,14,20,'5020',0.00000,0.00000,0.00000,30,0),(3902,2012,14,20,'5025',0.00000,0.00000,0.00000,30,0),(3903,2012,14,20,'5035',0.00000,0.00000,0.00000,30,0),(3904,2012,14,20,'5036',0.00000,0.00000,0.00000,30,0),(3905,2012,14,20,'5037',0.00000,0.00000,0.00000,30,0),(3906,2012,14,20,'5040',0.00000,0.00000,0.00000,30,0),(3907,2012,14,20,'5041',0.00000,0.00000,0.00000,30,0),(3908,2012,14,20,'5050',0.00000,0.00000,0.00000,30,0),(3909,2012,14,20,'5051',0.00000,0.00000,0.00000,30,0),(3910,2012,14,21,'5020',0.00000,0.00000,0.00000,30,0),(3911,2012,14,21,'5025',0.00000,0.00000,0.00000,30,0),(3912,2012,14,21,'5035',0.00000,0.00000,0.00000,30,0),(3913,2012,14,21,'5036',0.00000,0.00000,0.00000,30,0),(3914,2012,14,21,'5037',0.00000,0.00000,0.00000,30,0),(3915,2012,14,21,'5040',0.00000,0.00000,0.00000,30,0),(3916,2012,14,21,'5041',0.00000,0.00000,0.00000,30,0),(3917,2012,14,21,'5050',0.00000,0.00000,0.00000,30,0),(3918,2012,14,21,'5051',0.00000,0.00000,0.00000,30,0),(3919,2012,14,31,'5020',0.00000,0.00000,0.00000,0,0),(3920,2012,14,31,'5025',0.00000,0.00000,0.00000,0,0),(3921,2012,14,31,'5035',0.00000,0.00000,0.00000,0,0),(3922,2012,14,31,'5036',0.00000,0.00000,0.00000,0,0),(3923,2012,14,31,'5037',0.00000,0.00000,0.00000,0,0),(3924,2012,14,31,'5040',0.00000,0.00000,0.00000,0,0),(3925,2012,14,31,'5041',0.00000,0.00000,0.00000,0,0),(3926,2012,14,31,'5050',0.00000,0.00000,0.00000,0,0),(3927,2012,14,31,'5051',0.00000,0.00000,0.00000,0,0),(3928,2012,14,32,'5020',0.00000,0.00000,0.00000,30,0),(3929,2012,14,32,'5025',0.00000,0.00000,0.00000,30,0),(3930,2012,14,32,'5035',0.00000,0.00000,0.00000,30,0),(3931,2012,14,32,'5036',0.00000,0.00000,0.00000,30,0),(3932,2012,14,32,'5037',0.00000,0.00000,0.00000,30,0),(3933,2012,14,32,'5040',0.00000,0.00000,0.00000,30,0),(3934,2012,14,32,'5041',0.00000,0.00000,0.00000,30,0),(3935,2012,14,32,'5050',0.00000,0.00000,0.00000,30,0),(3936,2012,14,32,'5051',0.00000,0.00000,0.00000,30,0),(3937,2012,14,33,'5020',0.00000,0.00000,0.00000,0,0),(3938,2012,14,33,'5025',0.00000,0.00000,0.00000,0,0),(3939,2012,14,33,'5035',0.00000,0.00000,0.00000,0,0),(3940,2012,14,33,'5036',0.00000,0.00000,0.00000,0,0),(3941,2012,14,33,'5037',0.00000,0.00000,0.00000,0,0),(3942,2012,14,33,'5040',0.00000,0.00000,0.00000,0,0),(3943,2012,14,33,'5041',0.00000,0.00000,0.00000,0,0),(3944,2012,14,33,'5050',0.00000,0.00000,0.00000,0,0),(3945,2012,14,33,'5051',0.00000,0.00000,0.00000,0,0);
/*!40000 ALTER TABLE `payroll_calculation_entry` ENABLE KEYS */;
UNLOCK TABLES;

--
-- Table structure for table `payroll_calculation_modifier`
--

DROP TABLE IF EXISTS `payroll_calculation_modifier`;
/*!40101 SET @saved_cs_client     = @@character_set_client */;
/*!40101 SET character_set_client = utf8 */;
CREATE TABLE `payroll_calculation_modifier` (
  `id` int(11) NOT NULL AUTO_INCREMENT,
  `payroll_account_ID` varchar(5) NOT NULL,
  `payroll_empl_filter_ID` int(11) NOT NULL,
  `processing_order` tinyint(3) unsigned NOT NULL,
  `ModifierType` tinyint(4) NOT NULL,
  `FieldName` varchar(30) NOT NULL,
  `TargetField` tinyint(4) NOT NULL DEFAULT '4',
  `TargetValue` decimal(12,5) NOT NULL,
  `max_limit` decimal(8,2) NOT NULL,
  `min_limit` decimal(8,2) NOT NULL,
  `deduction` decimal(8,2) NOT NULL,
  `major_period` tinyint(1) NOT NULL DEFAULT '1',
  `minor_period` tinyint(1) NOT NULL DEFAULT '1',
  `major_period_bonus` tinyint(1) NOT NULL DEFAULT '1',
  PRIMARY KEY (`id`)
) ENGINE=InnoDB AUTO_INCREMENT=4 DEFAULT CHARSET=utf8;
/*!40101 SET character_set_client = @saved_cs_client */;

--
-- Dumping data for table `payroll_calculation_modifier`
--

LOCK TABLES `payroll_calculation_modifier` WRITE;
/*!40000 ALTER TABLE `payroll_calculation_modifier` DISABLE KEYS */;
/*!40000 ALTER TABLE `payroll_calculation_modifier` ENABLE KEYS */;
UNLOCK TABLES;

--
-- Table structure for table `payroll_company`
--

DROP TABLE IF EXISTS `payroll_company`;
/*!40101 SET @saved_cs_client     = @@character_set_client */;
/*!40101 SET character_set_client = utf8 */;
CREATE TABLE `payroll_company` (
  `id` int(11) NOT NULL AUTO_INCREMENT,
  `company_shortname` varchar(20) NOT NULL,
  `HR-RC-Name` varchar(60) NOT NULL,
  `Street` varchar(60) NOT NULL,
  `ZIP-Code` varchar(15) NOT NULL,
  `City` varchar(50) NOT NULL,
  `Country` varchar(2) NOT NULL,
  `UID-EHRA` varchar(45) NOT NULL,
  `BUR-REE-Number` varchar(45) NOT NULL,
  PRIMARY KEY (`id`)
) ENGINE=InnoDB AUTO_INCREMENT=100 DEFAULT CHARSET=latin1;
/*!40101 SET character_set_client = @saved_cs_client */;

--
-- Dumping data for table `payroll_company`
--

LOCK TABLES `payroll_company` WRITE;
/*!40000 ALTER TABLE `payroll_company` DISABLE KEYS */;
INSERT INTO `payroll_company` VALUES (1,'Muster AG','Muster AG','Bahnhofstrasse 1','6002','Luzern','CH','CH-100.3.032.254-8','23434567');
/*!40000 ALTER TABLE `payroll_company` ENABLE KEYS */;
UNLOCK TABLES;

--
-- Table structure for table `payroll_empl_filter`
--

DROP TABLE IF EXISTS `payroll_empl_filter`;
/*!40101 SET @saved_cs_client     = @@character_set_client */;
/*!40101 SET character_set_client = utf8 */;
CREATE TABLE `payroll_empl_filter` (
  `id` int(11) NOT NULL AUTO_INCREMENT,
  `FilterName` varchar(45) CHARACTER SET latin1 NOT NULL,
  `FilterPriority` tinyint(3) unsigned NOT NULL,
  `FilterCriteria` text CHARACTER SET latin1 NOT NULL,
  `GlobalFilter` tinyint(1) NOT NULL DEFAULT '0',
  `TemporaryFilter` tinyint(1) NOT NULL DEFAULT '1',
  `ValidForEmplOverview` tinyint(1) NOT NULL DEFAULT '0',
  `ValidForCalculation` tinyint(1) NOT NULL DEFAULT '0',
  `dirtyData` tinyint(1) NOT NULL DEFAULT '0',
  `dirtyCriteria` tinyint(1) NOT NULL DEFAULT '0',
  `datetime_created` datetime NOT NULL,
  `core_user_id_created` int(11) NOT NULL,
  PRIMARY KEY (`id`)
) ENGINE=InnoDB AUTO_INCREMENT=8 DEFAULT CHARSET=utf8;
/*!40101 SET character_set_client = @saved_cs_client */;

--
-- Dumping data for table `payroll_empl_filter`
--

LOCK TABLES `payroll_empl_filter` WRITE;
/*!40000 ALTER TABLE `payroll_empl_filter` DISABLE KEYS */;
INSERT INTO `payroll_empl_filter` VALUES (1,'TestFilter',2,'`Sex`=\'F\' AND ( MONTH(`DateOfBirth`)<4 OR MONTH(`DateOfBirth`)>9 )',1,0,1,1,0,0,'2013-04-22 00:00:00',1),(2,'TestFilter2',1,'`Sex`=\'F\' AND MONTH(`DateOfBirth`)<4',1,0,1,1,0,0,'2013-04-22 00:00:00',1),(5,'Abzocker (weiblich)',1,'`BaseWage`>=20000 AND `Sex`=\'F\'',1,0,1,1,0,0,'2013-07-23 16:11:18',1),(6,'Abzocker (männlich)',1,'`BaseWage`>=16000 AND `Sex`=\'M\'',1,0,1,1,0,0,'2013-07-23 16:13:30',1),(7,'Rentner',1,'`CodeAHV`=\'4\' OR `CodeAHV`=\'5\' OR `CodeAHV`=\'6\' OR `CodeALV`=\'5\'',1,0,1,1,0,0,'2013-08-05 08:13:32',4);
/*!40000 ALTER TABLE `payroll_empl_filter` ENABLE KEYS */;
UNLOCK TABLES;

--
-- Table structure for table `payroll_empl_filter_cache`
--

DROP TABLE IF EXISTS `payroll_empl_filter_cache`;
/*!40101 SET @saved_cs_client     = @@character_set_client */;
/*!40101 SET character_set_client = utf8 */;
CREATE TABLE `payroll_empl_filter_cache` (
  `payroll_empl_filter_ID` int(11) NOT NULL,
  `payroll_employee_ID` int(11) NOT NULL,
  KEY `fk_payroll_empl_filter_cache_payroll_empl_filter1_idx` (`payroll_empl_filter_ID`),
  KEY `fk_payroll_empl_filter_cache_payroll_employee1_idx` (`payroll_employee_ID`),
  CONSTRAINT `fk_payroll_empl_filter_cache_payroll_employee1` FOREIGN KEY (`payroll_employee_ID`) REFERENCES `payroll_employee` (`id`) ON DELETE CASCADE ON UPDATE NO ACTION,
  CONSTRAINT `fk_payroll_empl_filter_cache_payroll_empl_filter1` FOREIGN KEY (`payroll_empl_filter_ID`) REFERENCES `payroll_empl_filter` (`id`) ON DELETE CASCADE ON UPDATE NO ACTION
) ENGINE=InnoDB DEFAULT CHARSET=latin1;
/*!40101 SET character_set_client = @saved_cs_client */;

--
-- Dumping data for table `payroll_empl_filter_cache`
--

LOCK TABLES `payroll_empl_filter_cache` WRITE;
/*!40000 ALTER TABLE `payroll_empl_filter_cache` DISABLE KEYS */;
INSERT INTO `payroll_empl_filter_cache` VALUES (2,8),(2,13),(2,19),(2,25),(2,29),(7,10),(7,26),(7,28),(7,30),(7,34),(1,7),(1,8),(1,13),(1,15),(1,23),(1,25),(1,29),(1,30),(1,32),(5,5),(5,11),(5,23),(5,25),(5,27),(5,28),(5,29),(5,32),(6,22);
/*!40000 ALTER TABLE `payroll_empl_filter_cache` ENABLE KEYS */;
UNLOCK TABLES;

--
-- Table structure for table `payroll_empl_filter_crit`
--

DROP TABLE IF EXISTS `payroll_empl_filter_crit`;
/*!40101 SET @saved_cs_client     = @@character_set_client */;
/*!40101 SET character_set_client = utf8 */;
CREATE TABLE `payroll_empl_filter_crit` (
  `id` int(11) NOT NULL AUTO_INCREMENT,
  `payroll_empl_filter_ID` int(11) NOT NULL,
  `CriteriaType` tinyint(4) NOT NULL,
  `FieldName` varchar(30) NOT NULL,
  `FieldModifier` tinyint(4) NOT NULL,
  `Conjunction` tinyint(4) NOT NULL,
  `Comparison` tinyint(4) NOT NULL,
  `SortOrder` tinyint(4) NOT NULL,
  `ComparativeValues` text NOT NULL,
  PRIMARY KEY (`id`)
) ENGINE=InnoDB AUTO_INCREMENT=25 DEFAULT CHARSET=utf8;
/*!40101 SET character_set_client = @saved_cs_client */;

--
-- Dumping data for table `payroll_empl_filter_crit`
--

LOCK TABLES `payroll_empl_filter_crit` WRITE;
/*!40000 ALTER TABLE `payroll_empl_filter_crit` DISABLE KEYS */;
INSERT INTO `payroll_empl_filter_crit` VALUES (1,1,1,'Sex',0,0,1,1,'F'),(2,1,2,'',0,1,0,2,''),(3,1,3,'',0,0,0,3,''),(4,1,1,'DateOfBirth',2,0,6,4,'4'),(5,1,2,'',0,2,0,5,''),(6,1,1,'DateOfBirth',2,0,5,6,'9'),(7,1,4,'',0,0,0,7,''),(12,5,1,'BaseWage',0,0,3,0,'20000'),(13,5,2,'',0,1,0,1,''),(14,5,1,'Sex',0,0,1,2,'F'),(15,6,1,'BaseWage',0,0,3,0,'16000'),(16,6,2,'',0,1,0,1,''),(17,6,1,'Sex',0,0,1,2,'M'),(18,7,1,'CodeAHV',0,0,1,0,'4'),(19,7,2,'',0,2,0,1,''),(20,7,1,'CodeAHV',0,0,1,2,'5'),(21,7,2,'',0,2,0,3,''),(22,7,1,'CodeAHV',0,0,1,4,'6'),(23,7,2,'',0,2,0,5,''),(24,7,1,'CodeALV',0,0,1,6,'5');
/*!40000 ALTER TABLE `payroll_empl_filter_crit` ENABLE KEYS */;
UNLOCK TABLES;

--
-- Table structure for table `payroll_empl_form`
--

DROP TABLE IF EXISTS `payroll_empl_form`;
/*!40101 SET @saved_cs_client     = @@character_set_client */;
/*!40101 SET character_set_client = utf8 */;
CREATE TABLE `payroll_empl_form` (
  `id` int(11) NOT NULL AUTO_INCREMENT,
  `FormName` varchar(30) NOT NULL,
  `FormElements` text NOT NULL,
  `temporary` tinyint(1) NOT NULL DEFAULT '0',
  `global` tinyint(1) NOT NULL DEFAULT '0',
  `datetime_created` datetime NOT NULL,
  `core_user_id_created` int(11) NOT NULL,
  PRIMARY KEY (`id`)
) ENGINE=InnoDB AUTO_INCREMENT=7 DEFAULT CHARSET=utf8;
/*!40101 SET character_set_client = @saved_cs_client */;

--
-- Dumping data for table `payroll_empl_form`
--

LOCK TABLES `payroll_empl_form` WRITE;
/*!40000 ALTER TABLE `payroll_empl_form` DISABLE KEYS */;
INSERT INTO `payroll_empl_form` VALUES (1,'First Light','[{\"tabName\":\"Personalien\",\"tabID\":\"new1\",\"tabRow\":1,\"elements\":[\"EmployeeNumber\",\"Firstname\",\"Lastname\",\"AdditionalAddrLine1\",\"Street\",\"ZipCity\",\"AdditionalAddrLine2\",\"AdditionalAddrLine3\"]}]',0,1,'2013-02-16 18:41:18',1),(2,'Alle Felder','[{\"tabName\":\"Wohnadresse\",\"tabID\":\"new1\",\"tabRow\":2,\"elements\":[\"EmployeeNumber\",\"Firstname\",\"Lastname\",\"AdditionalAddrLine1\",\"AdditionalAddrLine2\",\"AdditionalAddrLine3\",\"AdditionalAddrLine4\",\"Street\",\"ZipCity\",\"ResidenceCanton\",\"Country\"]},{\"tabName\":\"Tab3\",\"tabID\":\"new3\",\"tabRow\":2,\"elements\":[\"payroll_company_ID\",\"Sex\",\"Nationality\",\"DateOfBirth\",\"Age\",\"RetirementDate\",\"PlaceOfOrigin\",\"WorkplaceCanton\",\"Skill\",\"Education\",\"CivilStatus\",\"Position\"]},{\"tabName\":\"Kinder\",\"tabID\":\"new5\",\"tabRow\":2,\"elements\":[\"tblchld\"]},{\"tabName\":\"Ausbildung\",\"tabID\":\"new6\",\"tabRow\":2,\"elements\":[\"tbledu\"]},{\"tabName\":\"Ein-\\/Austritte\",\"tabID\":\"new7\",\"tabRow\":2,\"elements\":[\"tblprd\"]},{\"tabName\":\"Lohnentwicklung\",\"tabID\":\"new8\",\"tabRow\":2,\"elements\":[\"tblslry\"]},{\"tabName\":\"Besch\\u00e4ftigungsdaten\",\"tabID\":\"new9\",\"tabRow\":2,\"elements\":[\"tblcrer\"]},{\"tabName\":\"Tab2\",\"tabID\":\"new2\",\"tabRow\":1,\"elements\":[\"SV-AS-Number\",\"AHV-AVS-Number\",\"SeniorityJoining\",\"YearsOfService\",\"MonthsOfService\",\"WageCode\",\"BaseWage\"]},{\"tabName\":\"Checkboxen\",\"tabID\":\"new4\",\"tabRow\":1,\"elements\":[\"SingleParent\",\"CanteenLunchCheck\",\"AgriculturalEmployee\",\"Apprentice\",\"PensionerExemption\",\"FreeTransport\"]},{\"tabName\":\"Versicherungen\",\"tabID\":\"new10\",\"tabRow\":1,\"elements\":[\"CodeAHV\",\"CodeALV\",\"CodeBVG\",\"CodeKTG\",\"CodeUVG\",\"CodeUVGZ1\",\"CodeUVGZ2\"]},{\"tabName\":\"Diverse\",\"tabID\":\"new11\",\"tabRow\":1,\"elements\":[\"WorkplaceCity\",\"EmploymentStatus\",\"AliensCategory\",\"AttendedTimeCode\",\"Language\",\"DedAtSrcMode\",\"DedAtSrcCanton\",\"DedAtSrcCompany\",\"DedAtSrcCode\",\"DedAtSrcMunicipality\",\"DedAtSrcPercentage\",\"Department\",\"ManagementLevel\"]}]',0,1,'2013-02-16 21:22:50',1),(5,'Presida','[{\"tabName\":\"Neuer Tab\",\"tabID\":\"new3\",\"tabRow\":1,\"elements\":[\"SeniorityJoining\"]},{\"tabName\":\"Adressdaten\",\"tabID\":\"new1\",\"tabRow\":1,\"elements\":[\"EmployeeNumber\",\"Firstname\",\"Lastname\",\"AdditionalAddrLine1\",\"AdditionalAddrLine2\",\"Street\",\"ZipCity\",\"Country\"]},{\"tabName\":\"Reiter XY\",\"tabID\":\"new2\",\"tabRow\":1,\"elements\":[\"YearsOfService\",\"MonthsOfService\"]}]',0,1,'2013-03-01 15:01:06',1),(6,'Swissdec','[{\"tabName\":\"Ein-\\/Austritt\",\"tabID\":\"new1\",\"tabRow\":2,\"elements\":[\"tblprd\"]},{\"tabName\":\"Personalien\",\"tabID\":\"new2\",\"tabRow\":2,\"elements\":[\"Lastname\",\"Firstname\",\"Street\",\"ZipCity\",\"DateOfBirth\",\"Sex\",\"Nationality\",\"ResidenceCanton\",\"WorkplaceCanton\",\"EmployeeNumber\",\"AHV-AVS-Number\"]},{\"tabName\":\"Lohnausweis\",\"tabID\":\"new4\",\"tabRow\":2,\"elements\":[\"CanteenLunchCheck\",\"FreeTransport\"]},{\"tabName\":\"Lohnstrukturerhebung\",\"tabID\":\"new3\",\"tabRow\":2,\"elements\":[\"Apprentice\",\"AliensCategory\",\"Education\",\"Skill\",\"Position\",\"SeniorityJoining\",\"YearsOfService\",\"MonthsOfService\"]},{\"tabName\":\"Versicherungscodes\",\"tabID\":\"new5\",\"tabRow\":1,\"elements\":[\"CodeAHV\",\"CodeALV\",\"CodeUVG\",\"CodeUVGZ1\",\"CodeUVGZ2\",\"CodeKTG\",\"CodeBVG\"]},{\"tabName\":\"Basisdaten\",\"tabID\":\"new6\",\"tabRow\":1,\"elements\":[\"WageCode\",\"BaseWage\",\"CivilStatus\",\"EmploymentPercentage\",\"AttendedTimeCode\",\"AttendedTimeHours\",\"Age\",\"RetirementDate\",\"EmploymentStatus\"]},{\"tabName\":\"Kinder\",\"tabID\":\"new7\",\"tabRow\":1,\"elements\":[\"tblchld\"]},{\"tabName\":\"Lohnentwicklung\",\"tabID\":\"new8\",\"tabRow\":1,\"elements\":[\"tblslry\"]}]',0,1,'2013-08-03 11:26:01',4);
/*!40000 ALTER TABLE `payroll_empl_form` ENABLE KEYS */;
UNLOCK TABLES;

--
-- Table structure for table `payroll_empl_list`
--

DROP TABLE IF EXISTS `payroll_empl_list`;
/*!40101 SET @saved_cs_client     = @@character_set_client */;
/*!40101 SET character_set_client = utf8 */;
CREATE TABLE `payroll_empl_list` (
  `id` int(11) NOT NULL AUTO_INCREMENT,
  `ListGroup` tinyint(3) unsigned NOT NULL,
  `ListType` tinyint(3) unsigned NOT NULL,
  `ListItemOrder` tinyint(3) unsigned NOT NULL,
  `ListItemToken` varchar(45) NOT NULL,
  `deleted` tinyint(1) NOT NULL,
  `core_user_ID_delete` int(11) NOT NULL,
  `datetime_delete` datetime NOT NULL,
  PRIMARY KEY (`id`)
) ENGINE=InnoDB AUTO_INCREMENT=264 DEFAULT CHARSET=utf8;
/*!40101 SET character_set_client = @saved_cs_client */;

--
-- Dumping data for table `payroll_empl_list`
--

LOCK TABLES `payroll_empl_list` WRITE;
/*!40000 ALTER TABLE `payroll_empl_list` DISABLE KEYS */;
INSERT INTO `payroll_empl_list` VALUES (1,1,1,1,'shortTerm',0,0,'0000-00-00 00:00:00'),(2,1,1,2,'annual',0,0,'0000-00-00 00:00:00'),(3,1,1,3,'settled',0,0,'0000-00-00 00:00:00'),(4,1,1,4,'crossBorder',0,0,'0000-00-00 00:00:00'),(5,1,1,5,'othersNotSwiss',0,0,'0000-00-00 00:00:00'),(6,2,1,1,'unknown',0,0,'0000-00-00 00:00:00'),(7,2,1,2,'single',0,0,'0000-00-00 00:00:00'),(8,2,1,3,'married',0,0,'0000-00-00 00:00:00'),(9,2,1,4,'divorced',0,0,'0000-00-00 00:00:00'),(10,2,1,5,'widowed',0,0,'0000-00-00 00:00:00'),(11,2,1,6,'separated',0,0,'0000-00-00 00:00:00'),(12,2,1,7,'registeredPartnership',0,0,'0000-00-00 00:00:00'),(13,2,1,8,'partnershipDissolvedByLaw',0,0,'0000-00-00 00:00:00'),(14,2,1,9,'partnershipDissolvedByDead',0,0,'0000-00-00 00:00:00'),(15,2,1,10,'partnershipDissolvedByDeclarationOfLost',0,0,'0000-00-00 00:00:00'),(16,3,2,0,'AG',0,0,'0000-00-00 00:00:00'),(17,3,2,0,'AI',0,0,'0000-00-00 00:00:00'),(18,3,2,0,'AR',0,0,'0000-00-00 00:00:00'),(19,3,2,0,'BE',0,0,'0000-00-00 00:00:00'),(20,3,2,0,'BL',0,0,'0000-00-00 00:00:00'),(21,3,2,0,'BS',0,0,'0000-00-00 00:00:00'),(22,3,2,0,'FR',0,0,'0000-00-00 00:00:00'),(23,3,2,0,'GE',0,0,'0000-00-00 00:00:00'),(24,3,2,0,'GL',0,0,'0000-00-00 00:00:00'),(25,3,2,0,'GR',0,0,'0000-00-00 00:00:00'),(26,3,2,0,'JU',0,0,'0000-00-00 00:00:00'),(27,3,2,0,'LU',0,0,'0000-00-00 00:00:00'),(28,3,2,0,'NE',0,0,'0000-00-00 00:00:00'),(29,3,2,0,'NW',0,0,'0000-00-00 00:00:00'),(30,3,2,0,'OW',0,0,'0000-00-00 00:00:00'),(31,3,2,0,'SG',0,0,'0000-00-00 00:00:00'),(32,3,2,0,'SH',0,0,'0000-00-00 00:00:00'),(33,3,2,0,'SO',0,0,'0000-00-00 00:00:00'),(34,3,2,0,'SZ',0,0,'0000-00-00 00:00:00'),(35,3,2,0,'TG',0,0,'0000-00-00 00:00:00'),(36,3,2,0,'TI',0,0,'0000-00-00 00:00:00'),(37,3,2,0,'UR',0,0,'0000-00-00 00:00:00'),(38,3,2,0,'VD',0,0,'0000-00-00 00:00:00'),(39,3,2,0,'VS',0,0,'0000-00-00 00:00:00'),(40,3,2,0,'ZG',0,0,'0000-00-00 00:00:00'),(41,3,2,0,'ZH',0,0,'0000-00-00 00:00:00'),(42,3,2,1,'EX',0,0,'0000-00-00 00:00:00'),(43,4,1,10,'doctorate',0,0,'0000-00-00 00:00:00'),(44,4,1,9,'university',0,0,'0000-00-00 00:00:00'),(45,4,1,8,'higherEducation',0,0,'0000-00-00 00:00:00'),(46,4,1,7,'higherVocEducation',0,0,'0000-00-00 00:00:00'),(47,4,1,6,'teacherCertificate',0,0,'0000-00-00 00:00:00'),(48,4,1,5,'universityEntranceCertificate',0,0,'0000-00-00 00:00:00'),(49,4,1,4,'vocEducationCompl',0,0,'0000-00-00 00:00:00'),(50,4,1,3,'enterpriseEducation',0,0,'0000-00-00 00:00:00'),(51,4,1,2,'mandatorySchoolOnly',0,0,'0000-00-00 00:00:00'),(52,4,1,1,'other',0,0,'0000-00-00 00:00:00'),(53,5,1,5,'highestCadre',0,0,'0000-00-00 00:00:00'),(54,5,1,4,'middleCadre',0,0,'0000-00-00 00:00:00'),(55,5,1,3,'lowerCadre',0,0,'0000-00-00 00:00:00'),(56,5,1,2,'lowestCadre',0,0,'0000-00-00 00:00:00'),(57,5,1,1,'noCadre',0,0,'0000-00-00 00:00:00'),(58,6,1,1,'simple',0,0,'0000-00-00 00:00:00'),(59,6,1,2,'specialized',0,0,'0000-00-00 00:00:00'),(60,6,1,3,'qualified',0,0,'0000-00-00 00:00:00'),(61,6,1,4,'mostDemanding',0,0,'0000-00-00 00:00:00'),(62,7,1,0,'F',0,0,'0000-00-00 00:00:00'),(63,7,1,0,'M',0,0,'0000-00-00 00:00:00'),(66,9,1,0,'CH',0,0,'0000-00-00 00:00:00'),(67,9,1,0,'DE',0,0,'0000-00-00 00:00:00'),(68,9,1,0,'FR',0,0,'0000-00-00 00:00:00'),(69,9,1,0,'AT',0,0,'0000-00-00 00:00:00'),(70,9,1,0,'IT',0,0,'0000-00-00 00:00:00'),(71,9,1,0,'LI',0,0,'0000-00-00 00:00:00'),(73,10,2,1,'1',0,0,'0000-00-00 00:00:00'),(74,10,2,2,'2',0,0,'0000-00-00 00:00:00'),(75,10,2,3,'3',0,0,'0000-00-00 00:00:00'),(76,10,2,4,'4',0,0,'0000-00-00 00:00:00'),(77,11,2,1,'1',0,0,'0000-00-00 00:00:00'),(78,11,2,2,'2',0,0,'0000-00-00 00:00:00'),(79,11,2,3,'3',0,0,'0000-00-00 00:00:00'),(80,11,2,4,'4',0,0,'0000-00-00 00:00:00'),(81,11,2,5,'5',0,0,'0000-00-00 00:00:00'),(82,12,2,1,'1',0,0,'0000-00-00 00:00:00'),(83,12,2,2,'2',0,0,'0000-00-00 00:00:00'),(84,12,2,3,'3',0,0,'0000-00-00 00:00:00'),(85,12,2,4,'4',0,0,'0000-00-00 00:00:00'),(86,13,2,1,'0',0,0,'0000-00-00 00:00:00'),(87,13,2,2,'1',0,0,'0000-00-00 00:00:00'),(88,13,2,3,'2',0,0,'0000-00-00 00:00:00'),(89,13,2,4,'3',0,0,'0000-00-00 00:00:00'),(90,8,1,1,'01',0,0,'0000-00-00 00:00:00'),(91,8,1,2,'02',0,0,'0000-00-00 00:00:00'),(92,8,1,3,'03',0,0,'0000-00-00 00:00:00'),(93,8,1,4,'04',0,0,'0000-00-00 00:00:00'),(94,8,1,5,'05',0,0,'0000-00-00 00:00:00'),(95,8,1,6,'06',0,0,'0000-00-00 00:00:00'),(96,8,1,7,'07',0,0,'0000-00-00 00:00:00'),(97,8,1,9,'09',0,0,'0000-00-00 00:00:00'),(98,8,1,10,'10',0,0,'0000-00-00 00:00:00'),(99,8,1,11,'11',0,0,'0000-00-00 00:00:00'),(100,8,1,12,'12',0,0,'0000-00-00 00:00:00'),(101,8,1,13,'13',0,0,'0000-00-00 00:00:00'),(102,8,1,14,'14',0,0,'0000-00-00 00:00:00'),(103,8,1,15,'15',0,0,'0000-00-00 00:00:00'),(104,8,1,16,'16',0,0,'0000-00-00 00:00:00'),(105,8,1,17,'17',0,0,'0000-00-00 00:00:00'),(106,8,1,18,'18',0,0,'0000-00-00 00:00:00'),(107,8,1,20,'20',0,0,'0000-00-00 00:00:00'),(108,8,1,21,'21',0,0,'0000-00-00 00:00:00'),(109,8,1,22,'22',0,0,'0000-00-00 00:00:00'),(110,8,1,23,'23',0,0,'0000-00-00 00:00:00'),(111,8,1,24,'24',0,0,'0000-00-00 00:00:00'),(112,8,1,26,'26',0,0,'0000-00-00 00:00:00'),(113,8,1,27,'27',0,0,'0000-00-00 00:00:00'),(114,8,1,28,'28',0,0,'0000-00-00 00:00:00'),(115,8,1,29,'29',0,0,'0000-00-00 00:00:00'),(116,8,1,30,'30',0,0,'0000-00-00 00:00:00'),(117,8,1,31,'31',0,0,'0000-00-00 00:00:00'),(118,8,1,32,'32',0,0,'0000-00-00 00:00:00'),(119,8,1,33,'33',0,0,'0000-00-00 00:00:00'),(120,8,1,34,'34',0,0,'0000-00-00 00:00:00'),(121,8,1,35,'35',0,0,'0000-00-00 00:00:00'),(122,8,1,36,'36',0,0,'0000-00-00 00:00:00'),(123,8,1,37,'37',0,0,'0000-00-00 00:00:00'),(124,8,1,38,'38',0,0,'0000-00-00 00:00:00'),(125,8,1,39,'39',0,0,'0000-00-00 00:00:00'),(126,8,1,40,'40',0,0,'0000-00-00 00:00:00'),(127,8,1,41,'41',0,0,'0000-00-00 00:00:00'),(128,8,1,42,'42',0,0,'0000-00-00 00:00:00'),(129,8,1,44,'44',0,0,'0000-00-00 00:00:00'),(130,8,1,45,'45',0,0,'0000-00-00 00:00:00'),(131,8,1,46,'46',0,0,'0000-00-00 00:00:00'),(132,8,1,47,'47',0,0,'0000-00-00 00:00:00'),(133,8,1,48,'48',0,0,'0000-00-00 00:00:00'),(134,8,1,50,'50',0,0,'0000-00-00 00:00:00'),(135,8,1,51,'51',0,0,'0000-00-00 00:00:00'),(136,8,1,52,'52',0,0,'0000-00-00 00:00:00'),(137,8,1,54,'54',0,0,'0000-00-00 00:00:00'),(138,8,1,98,'98',0,0,'0000-00-00 00:00:00'),(139,8,1,99,'99',0,0,'0000-00-00 00:00:00'),(140,14,1,0,'0',0,0,'0000-00-00 00:00:00'),(141,14,1,1,'01',0,0,'0000-00-00 00:00:00'),(142,14,1,2,'02',0,0,'0000-00-00 00:00:00'),(143,14,1,3,'03',0,0,'0000-00-00 00:00:00'),(144,14,1,4,'04',0,0,'0000-00-00 00:00:00'),(145,14,1,5,'05',0,0,'0000-00-00 00:00:00'),(146,14,1,6,'06',0,0,'0000-00-00 00:00:00'),(154,15,1,0,'ABF',0,0,'0000-00-00 00:00:00'),(155,15,1,0,'ADM',0,0,'0000-00-00 00:00:00'),(156,15,1,0,'AUS',0,0,'0000-00-00 00:00:00'),(157,15,1,0,'AVO',0,0,'0000-00-00 00:00:00'),(158,15,1,0,'BAH',0,0,'0000-00-00 00:00:00'),(159,15,1,0,'BEO',0,0,'0000-00-00 00:00:00'),(160,15,1,0,'BET',0,0,'0000-00-00 00:00:00'),(161,15,1,0,'BEW',0,0,'0000-00-00 00:00:00'),(162,15,1,0,'BEZ',0,0,'0000-00-00 00:00:00'),(163,15,1,0,'BL',0,0,'0000-00-00 00:00:00'),(164,15,1,0,'BLG',0,0,'0000-00-00 00:00:00'),(165,15,1,0,'BLT',0,0,'0000-00-00 00:00:00'),(166,15,1,0,'BOF',0,0,'0000-00-00 00:00:00'),(167,15,1,0,'BS',0,0,'0000-00-00 00:00:00'),(168,15,1,0,'BV',0,0,'0000-00-00 00:00:00'),(169,15,1,0,'CAF',0,0,'0000-00-00 00:00:00'),(170,15,1,0,'CCS',0,0,'0000-00-00 00:00:00'),(171,15,1,0,'CP',0,0,'0000-00-00 00:00:00'),(172,15,1,0,'CS',0,0,'0000-00-00 00:00:00'),(173,15,1,0,'DIR',0,0,'0000-00-00 00:00:00'),(174,15,1,0,'DIS',0,0,'0000-00-00 00:00:00'),(175,15,1,0,'DOK',0,0,'0000-00-00 00:00:00'),(176,15,1,0,'EDV',0,0,'0000-00-00 00:00:00'),(177,15,1,0,'EDV-CH',0,0,'0000-00-00 00:00:00'),(178,15,1,0,'EFP',0,0,'0000-00-00 00:00:00'),(179,15,1,0,'EIN',0,0,'0000-00-00 00:00:00'),(180,15,1,0,'EL',0,0,'0000-00-00 00:00:00'),(181,15,1,0,'ETL',0,0,'0000-00-00 00:00:00'),(182,15,1,0,'F&E',0,0,'0000-00-00 00:00:00'),(183,15,1,0,'FAA',0,0,'0000-00-00 00:00:00'),(184,15,1,0,'FAB',0,0,'0000-00-00 00:00:00'),(185,15,1,0,'FAP',0,0,'0000-00-00 00:00:00'),(186,15,1,0,'FLM',0,0,'0000-00-00 00:00:00'),(187,15,1,0,'FM',0,0,'0000-00-00 00:00:00'),(188,15,1,0,'FMM',0,0,'0000-00-00 00:00:00'),(189,15,1,0,'FRE',0,0,'0000-00-00 00:00:00'),(190,15,1,0,'GEB',0,0,'0000-00-00 00:00:00'),(191,15,1,0,'GEL',0,0,'0000-00-00 00:00:00'),(192,15,1,0,'HAW',0,0,'0000-00-00 00:00:00'),(193,15,1,0,'HSW',0,0,'0000-00-00 00:00:00'),(194,15,1,0,'ITA',0,0,'0000-00-00 00:00:00'),(195,15,1,0,'ITI',0,0,'0000-00-00 00:00:00'),(196,15,1,0,'JED',0,0,'0000-00-00 00:00:00'),(197,15,1,0,'KAM',0,0,'0000-00-00 00:00:00'),(198,15,1,0,'KEY',0,0,'0000-00-00 00:00:00'),(199,15,1,0,'LAD',0,0,'0000-00-00 00:00:00'),(200,15,1,0,'LJE',0,0,'0000-00-00 00:00:00'),(201,15,1,0,'LOG',0,0,'0000-00-00 00:00:00'),(202,15,1,0,'LV',0,0,'0000-00-00 00:00:00'),(203,15,1,0,'MAL',0,0,'0000-00-00 00:00:00'),(204,15,1,0,'MAR',0,0,'0000-00-00 00:00:00'),(205,15,1,0,'MON',0,0,'0000-00-00 00:00:00'),(206,15,1,0,'NEU',0,0,'0000-00-00 00:00:00'),(207,15,1,0,'OBE',0,0,'0000-00-00 00:00:00'),(208,15,1,0,'OP',0,0,'0000-00-00 00:00:00'),(209,15,1,0,'OPA',0,0,'0000-00-00 00:00:00'),(210,15,1,0,'OPC',0,0,'0000-00-00 00:00:00'),(211,15,1,0,'OPD',0,0,'0000-00-00 00:00:00'),(212,15,1,0,'OPO',0,0,'0000-00-00 00:00:00'),(213,15,1,0,'OPS',0,0,'0000-00-00 00:00:00'),(214,15,1,0,'OPW',0,0,'0000-00-00 00:00:00'),(215,15,1,0,'OPZ',0,0,'0000-00-00 00:00:00'),(216,15,1,0,'OSG',0,0,'0000-00-00 00:00:00'),(217,15,1,0,'OTI',0,0,'0000-00-00 00:00:00'),(218,15,1,0,'OVD',0,0,'0000-00-00 00:00:00'),(219,15,1,0,'OVS',0,0,'0000-00-00 00:00:00'),(220,15,1,0,'OZE',0,0,'0000-00-00 00:00:00'),(221,15,1,0,'OZH',0,0,'0000-00-00 00:00:00'),(222,15,1,0,'P',0,0,'0000-00-00 00:00:00'),(223,15,1,0,'PEK',0,0,'0000-00-00 00:00:00'),(224,15,1,0,'PRO',0,0,'0000-00-00 00:00:00'),(225,15,1,0,'PVL',0,0,'0000-00-00 00:00:00'),(226,15,1,0,'PVO',0,0,'0000-00-00 00:00:00'),(227,15,1,0,'PVW',0,0,'0000-00-00 00:00:00'),(228,15,1,0,'PVZ',0,0,'0000-00-00 00:00:00'),(229,15,1,0,'PWS',0,0,'0000-00-00 00:00:00'),(230,15,1,0,'RD',0,0,'0000-00-00 00:00:00'),(231,15,1,0,'REV',0,0,'0000-00-00 00:00:00'),(232,15,1,0,'RL',0,0,'0000-00-00 00:00:00'),(233,15,1,0,'RW',0,0,'0000-00-00 00:00:00'),(234,15,1,0,'SAF',0,0,'0000-00-00 00:00:00'),(235,15,1,0,'SER',0,0,'0000-00-00 00:00:00'),(236,15,1,0,'SPC',0,0,'0000-00-00 00:00:00'),(237,15,1,0,'SPE',0,0,'0000-00-00 00:00:00'),(238,15,1,0,'STC',0,0,'0000-00-00 00:00:00'),(239,15,1,0,'STO',0,0,'0000-00-00 00:00:00'),(240,15,1,0,'SUP',0,0,'0000-00-00 00:00:00'),(241,15,1,0,'SWF',0,0,'0000-00-00 00:00:00'),(242,15,1,0,'SYS',0,0,'0000-00-00 00:00:00'),(243,15,1,0,'SYT',0,0,'0000-00-00 00:00:00'),(244,15,1,0,'TEB',0,0,'0000-00-00 00:00:00'),(245,15,1,0,'TEL',0,0,'0000-00-00 00:00:00'),(246,15,1,0,'TKD',0,0,'0000-00-00 00:00:00'),(247,15,1,0,'TKO',0,0,'0000-00-00 00:00:00'),(248,15,1,0,'TKW',0,0,'0000-00-00 00:00:00'),(249,15,1,0,'TKZ',0,0,'0000-00-00 00:00:00'),(250,15,1,0,'TLO',0,0,'0000-00-00 00:00:00'),(251,15,1,0,'TSU',0,0,'0000-00-00 00:00:00'),(252,15,1,0,'VAD',0,0,'0000-00-00 00:00:00'),(253,15,1,0,'VJE',0,0,'0000-00-00 00:00:00'),(254,15,1,0,'VK',0,0,'0000-00-00 00:00:00'),(255,15,1,0,'VKC',0,0,'0000-00-00 00:00:00'),(256,15,1,0,'VKO',0,0,'0000-00-00 00:00:00'),(257,15,1,0,'VKP',0,0,'0000-00-00 00:00:00'),(258,15,1,0,'VKS',0,0,'0000-00-00 00:00:00'),(259,15,1,0,'VKW',0,0,'0000-00-00 00:00:00'),(260,15,1,0,'VKZ',0,0,'0000-00-00 00:00:00'),(261,15,1,0,'WAE',0,0,'0000-00-00 00:00:00'),(262,15,1,0,'WER',0,0,'0000-00-00 00:00:00'),(263,15,1,0,'WKS',0,0,'0000-00-00 00:00:00');
/*!40000 ALTER TABLE `payroll_empl_list` ENABLE KEYS */;
UNLOCK TABLES;

--
-- Table structure for table `payroll_empl_list_label`
--

DROP TABLE IF EXISTS `payroll_empl_list_label`;
/*!40101 SET @saved_cs_client     = @@character_set_client */;
/*!40101 SET character_set_client = utf8 */;
CREATE TABLE `payroll_empl_list_label` (
  `payroll_empl_list_ID` int(11) NOT NULL,
  `language` varchar(2) NOT NULL,
  `label` varchar(80) NOT NULL,
  `tokenLabel` varchar(25) NOT NULL,
  PRIMARY KEY (`payroll_empl_list_ID`,`language`),
  KEY `fk_payroll_empl_list_idx` (`payroll_empl_list_ID`),
  CONSTRAINT `fk_payroll_empl_list` FOREIGN KEY (`payroll_empl_list_ID`) REFERENCES `payroll_empl_list` (`id`) ON DELETE CASCADE ON UPDATE NO ACTION
) ENGINE=InnoDB DEFAULT CHARSET=utf8;
/*!40101 SET character_set_client = @saved_cs_client */;

--
-- Dumping data for table `payroll_empl_list_label`
--

LOCK TABLES `payroll_empl_list_label` WRITE;
/*!40000 ALTER TABLE `payroll_empl_list_label` DISABLE KEYS */;
INSERT INTO `payroll_empl_list_label` VALUES (1,'de','Kurzaufenthalter (Kat. L)','L'),(2,'de','Jahresaufenthalter (Kat. B)','B'),(3,'de','Niedergelassene (Kat. C)','C'),(4,'de','Grenzgänger (Kat. G)','G'),(5,'de','Andere (nicht Schweizer)',''),(6,'de','Unbekannt',''),(7,'de','Ledig',''),(8,'de','Verheiratet',''),(9,'de','Geschieden',''),(10,'de','Verwitwet',''),(11,'de','Getrennt',''),(12,'de','Eingetragene Partnerschaft',''),(13,'de','Gerichtlich aufgelöste Partnerschaft',''),(14,'de','Durch Tod aufgelöste Partnerschaft',''),(15,'de','Durch Verschollenerklärung aufgelöste Partnerschaft',''),(16,'de','Aargau',''),(17,'de','Appenzell Innerrhoden',''),(18,'de','Appenzell Ausserrhoden',''),(19,'de','Bern',''),(20,'de','Basel-Landschaft',''),(21,'de','Basel-Stadt',''),(22,'de','Freiburg',''),(23,'de','Genf',''),(24,'de','Glarus',''),(25,'de','Graubünden',''),(26,'de','Jura',''),(27,'de','Luzern',''),(28,'de','Neuenburg',''),(29,'de','Nidwalden',''),(30,'de','Obwalden',''),(31,'de','St. Gallen',''),(32,'de','Schaffhausen',''),(33,'de','Solothurn',''),(34,'de','Schwyz',''),(35,'de','Thurgau',''),(36,'de','Tessin',''),(37,'de','Uri',''),(38,'de','Waadt',''),(39,'de','Wallis',''),(40,'de','Zug',''),(41,'de','Zürich',''),(42,'de','Wohnsitz im Ausland',''),(43,'de','Doktorat',''),(44,'de','Uni, ETH',''),(45,'de','Fachhochschule (FH), Pädagogische (PH)',''),(46,'de','Höhere Berufsausbildung, höhere Fachschule',''),(47,'de','Lehrerpatent',''),(48,'de','Matura',''),(49,'de','Abgeschlossene Berufsausbildung',''),(50,'de','Ausschliesslich unternehmensintern',''),(51,'de','Obligatorische Schule, ohne abgeschlossene Berufsausbildung',''),(52,'de','Andere Ausbildungsabschlüsse',''),(53,'de','Oberstes und oberes Kader',''),(54,'de','Mittleres Kader',''),(55,'de','Unteres Kader',''),(56,'de','Unterstes Kader',''),(57,'de','Ohne Kaderfunktion',''),(58,'de','Einfache und repetitive Tätigkeiten',''),(59,'de','Berufs- und Fachkenntnisse sind vorausgesetzt',''),(60,'de','Selbständiges und qualifiziertes Arbeiten',''),(61,'de','Höchst anspruchsvolle und schwierigste Arbeiten',''),(62,'de','weiblich','w'),(63,'de','männlich','m'),(66,'de','Schweiz',''),(67,'de','Deutschland',''),(68,'de','Frankreich',''),(69,'de','Österreich',''),(70,'de','Italien',''),(71,'de','Liechtenstein',''),(73,'de','Stundenlohn',''),(74,'de','Monatslohn',''),(75,'de','Gehalt',''),(76,'de','Rentner',''),(77,'de','keine Quellensteuer',''),(78,'de','Abzug Betrag',''),(79,'de','Abzug Prozent',''),(80,'de','Abzug Prozent ab Tarif',''),(81,'de','Abzug Betrag ab Tarif',''),(82,'de','Neueintritt',''),(83,'de','Aktive',''),(84,'de','ausgetreten',''),(85,'de','Austritt bevorstehend',''),(86,'de','Zeit auf Stamm',''),(87,'de','100% Pensum',''),(88,'de','80% Pensum',''),(89,'de','50% Pensum',''),(90,'de','AG: Fristloser Austritt',''),(91,'de','AG: Ungenüg. Leistungen/Verhalten',''),(91,'fr','AG: Travail insuffisant / comportement',''),(92,'de','AG: Wirtschaftliche Gründe',''),(92,'fr','AG: Raison économique',''),(93,'de','AG: Reorganisation/Schliessg.Abtlg. etc.',''),(93,'fr','AG: Fermeture Division/point de vente/succursale',''),(94,'de','AG: Unentschuldigte Absenzen (frst.Entl.)',''),(94,'fr','AG: Absences sans excuse (FE)',''),(95,'de','AG: Fehlbeträge',''),(95,'fr','AG: Difference financière',''),(96,'de','AG: Veruntreuung (fristl.Entlassung)',''),(96,'fr','AG: Détournement',''),(97,'de','AG: Gesundheitliche Gründe',''),(97,'fr','AG: Raisons de santé',''),(98,'de','AG: Befristete Anstellung',''),(98,'fr','AG: Contrat limité',''),(99,'de','AG: Ende Lehrverhältnis',''),(99,'fr','AG: Fin d\'aprenntissage',''),(100,'de','AG: Unentschuldigte Absenzen',''),(100,'fr','AG: Absences sans excuse',''),(101,'de','AG: Für diese Arbeit nicht geeignet',''),(101,'fr','AG: Inapte pour le travail',''),(102,'de','AG: Pensionierung',''),(102,'fr','AG: Retraite',''),(103,'de','AG: Kundenreklamationen',''),(103,'fr','AG: Reclamations du clientèle',''),(104,'de','AG: Verletzung Betriebsvorschriften',''),(104,'fr','AG: Violation des directives d\'entreprise',''),(105,'de','AG: Unwahre Bewerbungsangaben',''),(105,'fr','AG: Offre de travail faux',''),(106,'de','AG: Ueberforderung',''),(107,'de','AG: Differenzen in Zusammenarbeit',''),(107,'fr','AG: Autres raisons',''),(108,'de','AG: Mobbing',''),(108,'fr','AG: Mobbing',''),(109,'de','AG: Sexuelle Belästigung',''),(109,'fr','AG: Harcèlement sexuel',''),(110,'de','AG: Austrittsvereinbarung',''),(111,'de','AG: Differenzen Vorgesetzte/Mitarbeiter',''),(112,'de','AN: Familiär/Kinder',''),(112,'fr','AN: Maternité / enfants',''),(113,'de','AN: Gesundheitliche Gründe',''),(113,'fr','AN: Raisons de santé',''),(114,'de','AN: Invalidität',''),(114,'fr','AN: Invalidité',''),(115,'de','AN: Tod',''),(115,'fr','AN: Décès',''),(116,'de','AN: Arbeitsweg/Wohnort',''),(116,'fr','AN: Chemin de travail/lieu de domicile',''),(117,'de','AN: Auslandaufenthalt',''),(117,'fr','AN: Séjour à l\'etrangère',''),(118,'de','AN: Auswanderung',''),(118,'fr','AN: Emigration',''),(119,'de','AN: Weiterbildung',''),(119,'fr','AN: Formation',''),(120,'de','AN: Pensionierung',''),(120,'fr','AN: Retraite',''),(121,'de','AN: Mobbing',''),(121,'fr','AN: Mobbing',''),(122,'de','AN: Sexuelle Belästigung',''),(122,'fr','AN: Harcèlement sexuel',''),(123,'de','AN: Kündigung nahegelegt durch AG',''),(123,'fr','AN: Résiliation proposé par l\'employeur',''),(124,'de','AN: Übertr.i.anderen Konzern',''),(124,'fr','AN: Rangement du côte de l\'entreprise',''),(125,'de','AN: Mit Arbeitsplatz unzufrieden',''),(125,'fr','AN: Place de travail',''),(126,'de','AN: Mit Salär unzufrieden',''),(126,'fr','AN: Mécontent du salaire',''),(127,'de','AN: Berufliche Veränderung',''),(127,'fr','AN: Changement du profession',''),(128,'de','AN: Mangelnde Aufstiegsmöglichkeiten',''),(128,'fr','AN: Faute d\'avancement',''),(129,'de','AN: Wirtschaftliche Sicherheit',''),(129,'fr','AN: Sertitude économique',''),(130,'de','AN: Differenzen mit Vorgesetzten',''),(130,'fr','AN: Différences avec le supérieur',''),(131,'de','AN: Differenzen mit Mitarbeitern',''),(131,'fr','AN: Différences avac collaborateurs',''),(132,'de','AN: Überforderung',''),(132,'fr','AN: Etre dépassé',''),(133,'de','AN: Unbefriedigendes Aufgabengebiet',''),(133,'fr','AN: Travail peu satisfaisant',''),(134,'de','AN: Persönliche Gründe',''),(134,'fr','AN: Raisons personnel',''),(135,'de','AN: Stelle nicht angetreten',''),(135,'fr','AN: Pas commancé au poste d\'emploi',''),(136,'de','AN: Kündigung durch AN; Sperrliste',''),(136,'fr','AN: Résiliation de l\'employé; Sperrliste',''),(137,'de','AN: Austrittsvereinbarung',''),(138,'de','AN: wünscht keine Post mehr!',''),(139,'de','Unauffindbar',''),(140,'de','Nicht im Kader',''),(140,'fr','Pas dans le cadre',''),(141,'de','Funktionsstufe 1',''),(141,'fr','Niveau de fonction 1',''),(142,'de','Funktionsstufe 2',''),(142,'fr','Niveau de fonction 2',''),(143,'de','Funktionsstufe 3',''),(143,'fr','Niveau de fonction 3',''),(144,'de','Funktionsstufe 4',''),(144,'fr','Niveau de fonction 4',''),(145,'de','Funktionsstufe 5',''),(145,'fr','Niveau de fonction 5',''),(146,'de','Funktionsstufe 6',''),(146,'fr','Niveau de fonction 6',''),(154,'fr','ABFUELLANLAGE',''),(155,'de','Administration',''),(155,'fr','Administration',''),(156,'de','Formation',''),(156,'fr','Formation',''),(157,'de','AVOR/PPS',''),(157,'fr','AVOR/PPS',''),(158,'fr','LAGER BAHNEN',''),(159,'fr','LEITUNG BEREICH OST',''),(160,'fr','LEITUNG BEREICH TECHNIK',''),(161,'fr','LEITUNG BEREICH WEST',''),(162,'fr','LEITUNG BEREICH ZENTRAL',''),(163,'de','Bereichsleitung',''),(163,'fr','BEREICHSLEITUNG',''),(164,'de','Bestandteillager',''),(164,'fr','Dép. de pièces de rechange',''),(165,'fr','BETRIEBSLEITUNG',''),(166,'de','Back Office',''),(167,'de','Basel',''),(168,'fr','BV',''),(169,'de','Cafeterias',''),(170,'de','Contact Center',''),(171,'de','Customer Projects',''),(172,'de','Customer Services',''),(173,'de','Direktion/Administration',''),(173,'fr','Direction/Administration',''),(174,'de','Distribution',''),(174,'fr','Distribution',''),(175,'de','Dokumentation',''),(175,'fr','Documentation',''),(176,'de','Informatik',''),(176,'fr','EDV',''),(177,'fr','EDV BV-CH',''),(178,'de','Einfüllprodukte',''),(178,'fr','Produits EFP',''),(179,'de','Einkauf',''),(179,'fr','EINKAUF SCHWEIZ',''),(180,'de','Elektronik',''),(180,'fr','Electronique',''),(181,'de','Département de pièces de rechange',''),(181,'fr','Pièces de rechange',''),(182,'fr','FORSCHUNG UND ENTWICKLUNG',''),(183,'de','Fakt. Automaten',''),(183,'fr','Fact. d\'automates',''),(184,'de','Fabrication',''),(184,'fr','Fabrication',''),(185,'fr','FA PRODUKTE',''),(186,'de','Fleet-Management',''),(187,'de','Facility Management',''),(188,'de','Fertigungsmanagement',''),(189,'fr','FREMDAUTOMATEN',''),(190,'de','Gebäude',''),(190,'fr','GEBÄUDE',''),(191,'fr','GELDZAEHLEREI',''),(192,'de','Hauswart',''),(192,'fr','HAUSWART',''),(193,'fr','HAUSWART',''),(194,'de','IT-Aplikationen',''),(195,'de','IT-Infrastruktur',''),(196,'de','Verwaltung Jedematic',''),(196,'fr','VERW. JEDEMATIC',''),(197,'de','Key Account Management',''),(197,'fr','Key Account Management',''),(198,'fr','KEY-ACCOUNT',''),(199,'de','Leitg./Management DACH',''),(199,'fr','Direction/Administration',''),(200,'fr','LAGER JEDEMATIC',''),(201,'de','Logistik',''),(201,'fr','Logistique',''),(202,'de','Lager/Vertrieb',''),(202,'fr','LAGER/VERTRIEB',''),(203,'fr','MALEREI',''),(204,'de','Marketing',''),(205,'de','Montage Swiss Finish',''),(205,'fr','Montage',''),(206,'fr','NEUAUTOMATEN',''),(207,'de','Operating BE/VS',''),(207,'fr','SBB / OP BE',''),(208,'de','Operating DACH',''),(208,'fr','Operating',''),(209,'de','OP-Administration',''),(209,'fr','OP-Administration',''),(210,'de','Operating + Cafeterias',''),(210,'fr','Operating CH',''),(211,'de','OP-Dienste',''),(212,'de','Operating-Ost',''),(213,'de','Operating Schweiz',''),(214,'de','Operating-West',''),(215,'de','Operating-Zentral',''),(216,'de','SBB / OP SG',''),(217,'de','SBB / OP TI',''),(218,'fr','SBB / OP VD',''),(219,'fr','SBB / OP VS',''),(220,'de','Operating Zentral',''),(221,'fr','SBB / OP ZH',''),(222,'fr','PERSONAL',''),(223,'de','Personalentwicklung',''),(224,'de','Projekte',''),(225,'de','Public Vending Leitung/Adm.',''),(226,'de','Public Vending Ost',''),(227,'de','Public Vending West',''),(228,'de','Public Vending Zentral',''),(229,'de','Personalwesen',''),(229,'fr','Département du personnel',''),(230,'de','Entwicklung',''),(231,'de','Revision',''),(231,'fr','REVISION',''),(232,'fr','REGIONALLEITUNG',''),(233,'de','Rechnungswesen',''),(233,'fr','RECHNUNGSWESEN',''),(234,'fr','SAFFA',''),(235,'fr','SERVICE',''),(236,'de','Support Center',''),(237,'fr','SPEDITION',''),(238,'de','Stock Control',''),(239,'fr','STOREMATIC',''),(240,'de','Schulung',''),(240,'fr','SUPPORT',''),(241,'de','Swiss Finish',''),(242,'de','Systeme',''),(242,'fr','SYSTEME',''),(243,'de','Systemtechnik',''),(244,'fr','TECHNISCHES BUERO',''),(245,'de','Telesales',''),(245,'fr','TELEFON',''),(246,'de','Techn. Kundendienst',''),(246,'fr','Service clients technique',''),(247,'de','Techn. Kundendienst Ost',''),(248,'de','Techn. Kundendienst West',''),(249,'de','Techn. Kundendienst Zentral',''),(250,'de','Techn. Logistik',''),(250,'fr','TECHNISCHE LOGISTIK',''),(251,'de','Techn. Support',''),(252,'de','Verkaufs-Administration',''),(252,'fr','Administration de vente',''),(253,'de','VERKAUF JEDEMATIC',''),(254,'de','Verkauf',''),(254,'fr','Vente',''),(255,'de','Vente suisse',''),(255,'fr','Vente suisse',''),(256,'de','Verkauf Ost',''),(257,'de','Verkauf Public Vending',''),(258,'de','Verkauf Support',''),(259,'de','Verkauf West',''),(260,'de','Verkauf Zentral',''),(261,'de','WAESCHEREI',''),(262,'de','WERBUNG',''),(263,'de','WERKSTATT','');
/*!40000 ALTER TABLE `payroll_empl_list_label` ENABLE KEYS */;
UNLOCK TABLES;

--
-- Table structure for table `payroll_employee`
--

DROP TABLE IF EXISTS `payroll_employee`;
/*!40101 SET @saved_cs_client     = @@character_set_client */;
/*!40101 SET character_set_client = utf8 */;
CREATE TABLE `payroll_employee` (
  `id` int(11) NOT NULL AUTO_INCREMENT,
  `payroll_company_ID` int(11) NOT NULL,
  `EmployeeNumber` int(10) unsigned NOT NULL,
  `Lastname` varchar(30) CHARACTER SET latin1 NOT NULL,
  `Firstname` varchar(30) CHARACTER SET latin1 NOT NULL,
  `AdditionalAddrLine1` varchar(60) CHARACTER SET latin1 NOT NULL,
  `AdditionalAddrLine2` varchar(60) CHARACTER SET latin1 NOT NULL,
  `AdditionalAddrLine3` varchar(60) CHARACTER SET latin1 NOT NULL,
  `AdditionalAddrLine4` varchar(60) CHARACTER SET latin1 NOT NULL,
  `Street` varchar(60) CHARACTER SET latin1 NOT NULL,
  `ZIP-Code` varchar(15) CHARACTER SET latin1 NOT NULL,
  `City` varchar(50) CHARACTER SET latin1 NOT NULL,
  `ResidenceCanton` varchar(2) CHARACTER SET latin1 NOT NULL,
  `Country` varchar(2) CHARACTER SET latin1 NOT NULL,
  `PlaceOfOrigin` varchar(50) CHARACTER SET latin1 NOT NULL,
  `DateOfBirth` date NOT NULL,
  `RetirementDate` date NOT NULL,
  `Age` tinyint(4) NOT NULL,
  `AgeAtPeriodStart` tinyint(4) NOT NULL,
  `AgeAtPeriodEnd` tinyint(4) NOT NULL,
  `SeniorityJoining` date NOT NULL,
  `YearsOfService` tinyint(4) NOT NULL,
  `MonthsOfService` tinyint(4) NOT NULL,
  `AHV-AVS-Number` varchar(15) CHARACTER SET latin1 NOT NULL,
  `SV-AS-Number` varchar(17) CHARACTER SET latin1 NOT NULL,
  `Sex` varchar(1) CHARACTER SET latin1 NOT NULL DEFAULT 'M',
  `CivilStatus` int(11) NOT NULL,
  `WorkplaceCanton` varchar(2) NOT NULL,
  `Education` int(11) NOT NULL,
  `Skill` int(11) NOT NULL,
  `Position` int(11) NOT NULL,
  `PensionerExemption` tinyint(1) NOT NULL,
  `FreeTransport` tinyint(1) NOT NULL,
  `CanteenLunchCheck` tinyint(1) NOT NULL,
  `SingleParent` tinyint(1) NOT NULL,
  `AgriculturalEmployee` tinyint(1) NOT NULL,
  `Apprentice` tinyint(1) NOT NULL,
  `Nationality` varchar(2) NOT NULL,
  `CodeAHV` varchar(1) NOT NULL,
  `CodeALV` varchar(1) NOT NULL,
  `CodeUVG` varchar(2) NOT NULL,
  `CodeUVGZ1` varchar(2) NOT NULL,
  `CodeUVGZ2` varchar(2) NOT NULL,
  `CodeBVG` varchar(2) NOT NULL,
  `CodeKTG` varchar(2) NOT NULL,
  `WageCode` varchar(1) NOT NULL DEFAULT '2',
  `BaseWage` decimal(11,2) NOT NULL,
  `EmploymentStatus` tinyint(4) NOT NULL,
  `Language` varchar(2) NOT NULL,
  `PhoneNumber1` varchar(25) NOT NULL,
  `PhoneNumber2` varchar(25) NOT NULL,
  `PhoneNumber3` varchar(25) NOT NULL,
  `PhoneNumber4` varchar(25) NOT NULL,
  `EmailCompany` varchar(75) NOT NULL,
  `EmailHome` varchar(75) NOT NULL,
  `WorkplaceCity` varchar(50) NOT NULL,
  `AttendedTimeCode` tinyint(4) NOT NULL,
  `AttendedTimeHours` decimal(5,2) NOT NULL,
  `EmploymentPercentage` decimal(5,2) NOT NULL,
  `DedAtSrcMode` tinyint(4) NOT NULL,
  `DedAtSrcCanton` varchar(2) NOT NULL,
  `DedAtSrcCode` varchar(3) NOT NULL,
  `DedAtSrcPercentage` decimal(8,2) NOT NULL,
  `DedAtSrcMunicipality` varchar(14) NOT NULL,
  `DedAtSrcCompany` tinyint(1) NOT NULL,
  `CostCenter` varchar(45) NOT NULL,
  `CostUnit` varchar(2) NOT NULL,
  `AliensCategory` int(11) NOT NULL,
  `AliensPermitNo` varchar(25) NOT NULL,
  `FRFE05` varchar(1) NOT NULL,
  `FRFE07` varchar(2) NOT NULL,
  `FRFE10` varchar(2) NOT NULL,
  `FRFE11` varchar(3) NOT NULL,
  `FRFE12` varchar(3) NOT NULL,
  `FRFE14` varchar(3) NOT NULL,
  `FRFE15` varchar(3) NOT NULL,
  `FRFE18` varchar(15) NOT NULL,
  `FRFE22` smallint(6) NOT NULL,
  `FRFE24` smallint(6) NOT NULL,
  `FRFE27` smallint(6) NOT NULL,
  `ManagementLevel` int(11) NOT NULL,
  `Department` int(11) NOT NULL,
  PRIMARY KEY (`id`),
  KEY `fk_payroll_employee_payroll_company1_idx` (`payroll_company_ID`),
  CONSTRAINT `fk_payroll_employee_payroll_company1` FOREIGN KEY (`payroll_company_ID`) REFERENCES `payroll_company` (`id`) ON DELETE NO ACTION ON UPDATE NO ACTION
) ENGINE=InnoDB AUTO_INCREMENT=36 DEFAULT CHARSET=utf8;
/*!40101 SET character_set_client = @saved_cs_client */;

--
-- Dumping data for table `payroll_employee`
--

LOCK TABLES `payroll_employee` WRITE;
/*!40000 ALTER TABLE `payroll_employee` DISABLE KEYS */;
INSERT INTO `payroll_employee` VALUES (5,1,21,'Ganz','Edith','','','','','Hangweg 6','3098','Köniz','BE','CH','Köniz','1955-06-18','2019-06-18',58,56,56,'2010-06-01',3,2,'379.49.680.119','','F',10,'BE',46,60,55,0,0,0,0,0,0,'CH','1','1','A1','12','','2','12','2',22000.00,2,'','','','','','','','',1,0.00,100.00,0,'','',0.00,'',0,'','',0,'','','','','','','','','',0,0,0,0,0),(6,1,20,'Paganini','Maria','','','','','Stubenweid','6030','Ebikon','LU','CH','Italien','1948-09-30','2012-09-30',64,63,63,'2009-06-01',4,2,'701.42.792.158','','F',8,'LU',52,58,57,0,0,0,0,0,0,'IT','1','1','Z1','11','','2','11','1',30.00,2,'','','','','','','','',1,0.00,100.00,0,'','',0.00,'',0,'','',3,'','','','','','','','','',0,0,0,0,0),(7,1,17,'Nestler','Paula','','','','','Bollstrasse 4','6064','Kerns','OW','CH','Kerns','1979-10-04','2043-10-04',33,32,32,'2011-01-01',2,7,'678.73.804.111','','F',8,'LU',49,59,57,0,1,0,0,0,0,'CH','1','1','A1','11','12','2','12','2',9450.00,2,'','','','','','','','',1,0.00,100.00,0,'','',0.00,'',0,'','',0,'','','','','','','','','',0,0,0,0,0),(8,1,18,'Nunez','Maria','','','','','Grüneggstrasse 22','6005','Luzern','LU','CH','Spanien','1948-02-04','2012-02-04',65,63,64,'2011-01-01',2,7,'687.42.535.154','','F',9,'LU',50,58,57,0,0,0,0,0,0,'ES','1','1','Z1','12','','1','12','2',1500.00,2,'','','','','','','','',1,0.00,100.00,0,'','',0.00,'',0,'12345','',2,'','','','','','','','','',0,0,0,0,0),(9,1,19,'Ott','Hans','','','','','Unterdorf 5','6037','Root','LU','CH','Root','1994-12-30','2059-12-30',18,17,17,'2011-09-01',1,11,'698.88.492.100','','M',7,'LU',49,59,57,0,0,0,0,0,0,'CH','1','1','A1','11','','1','11','2',6400.00,2,'','','','','','','','',1,0.00,100.00,0,'','',0.00,'',0,'','',0,'','','','','','','','','',0,0,0,0,0),(10,1,8,'Estermann','Michael','','','','','Löwengrube 12','6014','Littau','LU','CH','Deutschland','1946-01-01','2011-01-01',67,66,66,'2012-01-01',1,7,'322.40.101.156','','M',8,'LU',49,59,57,0,0,0,0,0,0,'DE','4','5','Z3','','','0','12','4',0.00,2,'','','','','','','','',1,0.00,100.00,0,'','',0.00,'',0,'','',2,'','','','','','','','','',0,0,0,0,0),(11,1,9,'Farine','Corinne','','','','','Simplonstrasse 26','3900','Brig','VS','CH','Brig','1986-06-17','2050-06-17',27,25,25,'2010-08-01',3,0,'329.80.679.119','','F',7,'VS',50,59,57,0,0,0,1,0,0,'CH','1','1','Z1','12','','1','11','2',20000.00,2,'','','','','','','','',1,0.00,100.00,0,'','',0.00,'',0,'','',0,'','','','','','','','','',0,0,0,0,0),(12,1,10,'Ganz','Heinz','','','','','Neuhofstrasse 49','6020','Emmenbrücke','LU','CH','Emmenbrücke','1986-02-28','2051-02-28',27,25,26,'2012-02-01',1,6,'379.80.159.117','','M',7,'LU',51,58,57,0,1,1,0,0,0,'CH','1','1','A1','11','','1','11','2',5000.00,2,'','','','','','','','',1,0.00,100.00,0,'','',0.00,'',0,'','',0,'','','','','','','','','',0,0,0,0,0),(13,1,15,'Lusser','Pia','','','','','Acherweg 24','6370','Stans','NW','CH','Stans','1948-02-05','2012-02-05',65,63,64,'2011-08-01',2,0,'619.42.536.118','','F',8,'LU',49,59,57,0,0,0,0,0,0,'CH','1','1','A1','11','','1','11','2',800.00,2,'de','','','','','','','',0,33.60,20.00,1,'','',0.00,'',0,'','',0,'','','','','','','','','',0,0,0,0,0),(14,1,16,'Martin','René','','','','','Mettlen 12','6363','Fürigen','NW','CH','Fürigen','1947-09-28','2012-09-28',65,64,64,'2012-03-01',1,5,'633.41.390.119','','M',8,'LU',52,59,57,0,0,1,0,0,0,'CH','1','1','Z1','11','','1','11','3',0.00,2,'','','','','','','','',1,0.00,100.00,0,'','',0.00,'',0,'','',0,'','','','','','','','','',0,0,0,0,0),(15,1,12,'Inglese','Rosa','','','','','Bachstrasse 6','6048','Horw','LU','CH','Italien','1979-10-15','2043-10-15',33,32,32,'1998-01-01',15,7,'502.73.815.160','','F',7,'LU',52,58,57,0,0,1,0,0,0,'IT','1','1','Z1','11','','1','11','2',4700.00,2,'','','','','','','','',1,0.00,100.00,0,'','',0.00,'',0,'','',1,'','','','','','','','','',0,0,0,0,0),(16,1,13,'Jung','Claude','','','','','Sonnengasse 2','6210','Sursee','LU','CH','Sursee','1988-03-23','2053-03-23',25,23,23,'2011-10-01',1,10,'522.82.185.113','','M',7,'LU',46,61,54,0,1,0,0,0,0,'CH','1','1','A2','11','','1','11','2',15000.00,2,'de','','','','','','','',1,0.00,100.00,1,'','',0.00,'',0,'','',0,'','','','','','','','','',0,0,0,0,0),(17,1,14,'Kaiser','Beat','','','','','Bahnstrasse 6','68540','Feldkirch','EX','AT','Österreich','1960-08-15','2025-08-15',52,51,51,'2009-01-01',4,7,'526.54.346.178','','M',8,'LU',48,60,57,0,0,0,0,0,0,'AT','1','1','Z1','11','','1','11','2',5000.00,2,'','','','','','','','',1,0.00,100.00,0,'','',0.00,'',0,'','',0,'','','','','','','','','',0,0,0,0,0),(18,1,11,'Herz','Monica','','','','','Sustenweg 12','6020','Emmenbrücke','LU','CH','Emmenbrücke','1966-06-30','2030-06-30',47,45,45,'2011-11-01',1,9,'','','F',8,'LU',46,60,55,0,0,0,0,0,0,'CH','1','1','Z1','11','','1','11','1',30.00,2,'','','','','','','','',1,0.00,100.00,0,'','',0.00,'',0,'','',0,'','','','','','','','','',0,0,0,0,0),(19,1,7,'Egli','Anna','','','','','Ahornweg 9','9999','Weggis','LU','CH','Weggis','1967-07-13','2031-07-13',46,44,44,'2011-12-01',1,8,'307.61.713.112','','F',11,'LU',52,58,57,0,1,0,0,0,0,'CH','2','2','Z1','11','','0','10','2',5000.00,2,'de','','','','','','','',3,0.00,50.00,1,'','',0.00,'',0,'','',0,'','','','','','','','','',0,0,0,0,0),(20,1,6,'Combertaldi','Renato','','','','','Brügglistrasse 2','6004','Luzern','LU','CH','Italien','1995-01-01','2060-01-01',18,17,17,'2010-06-01',3,2,'268.89.101.155','','M',7,'LU',49,59,57,0,0,0,0,0,1,'IT','2','8','Z0','','','0','10','2',0.00,2,'','','','','','','','',1,0.00,100.00,0,'','',0.00,'',0,'','',3,'','','','','','','','','',0,0,0,0,0),(21,1,1,'Bosshard','Peter','','','','','Hauptstrasse 5','6072','Sachseln','OW','CH','Sachseln','1968-04-11','2033-04-11',45,43,43,'2009-07-01',4,1,'197.62.211.117','','M',7,'LU',44,61,53,0,1,1,0,0,0,'CH','1','1','A0','','','2','12','3',0.00,2,'','','','','','','','',1,0.00,100.00,0,'','',0.00,'',0,'','',0,'','','','','','','','','',0,0,0,0,0),(22,1,24,'Fankhauser','Markus','','','','','Talweg 6','3150','Schwarzenburg','BE','CH','Schwarzenburg','1956-10-19','2021-10-19',56,55,55,'1998-01-01',15,7,'328.50.419.115','','M',7,'BE',44,61,53,0,0,0,0,0,0,'CH','1','1','A1','12','','2','12','3',280000.00,2,'','','','','','','','',1,0.00,100.00,0,'','',0.00,'',0,'','',0,'','','','','','','','','',0,0,0,0,0),(23,1,23,'Rieder','Catia','','','','','Höheweg 10','2532','Magglingen/Macolin','BE','CH','Magglingen','1981-11-01','2045-11-01',31,30,30,'2004-07-01',9,1,'743.75.832.112','','F',8,'BE',45,60,56,0,0,0,0,0,0,'CH','1','1','A1','11','','1','11','2',80000.00,2,'','','','','','','','',1,0.00,100.00,0,'','',0.00,'',0,'','',0,'','','','','','','','','',0,0,0,0,0),(24,1,22,'Lamon','René','','','','','Grande rue','90100','Delle','EX','FR','Frankreich','1974-03-16','2039-03-16',39,37,37,'2011-03-15',2,5,'576.68.178.253','','M',6,'BE',49,59,57,0,0,0,0,0,0,'FR','1','1','B1','11','','1','11','1',31.00,2,'','','','','','','','',1,0.00,100.00,0,'','',0.00,'',0,'','',0,'','','','','','','','','',0,0,0,0,0),(25,1,25,'Burri','Heidi','','','','','Laupenstrasse 45','3008','Bern','BE','CH','Bern','1948-01-16','2012-01-16',65,64,64,'1976-09-02',36,11,'243.42.516.110','','F',8,'BE',49,59,57,0,0,0,0,0,0,'CH','1','1','A1','11','','1','11','2',84000.00,2,'','','','','','','','',1,0.00,100.00,0,'','',0.00,'',0,'','',0,'','','','','','','','','',0,0,0,0,0),(26,1,26,'Moser','Johann','','','','','Kramgasse 8','3011','Bern','BE','CH','Bern','1945-04-15','2010-04-15',68,66,66,'1971-03-01',42,5,'665.39.215.117','','M',8,'BE',50,58,57,0,0,0,0,0,0,'CH','4','5','B3','11','','0','11','4',0.00,2,'','','','','','','','',2,0.00,80.00,0,'','',0.00,'',0,'','',0,'','','','','','','','','',0,0,0,0,0),(27,1,27,'Zahnd','Anita','','','','','Bachstrasse 10','3072','Ostermundigen','BE','CH','Ostermundigen','1966-05-23','2030-05-23',47,45,45,'1991-02-01',22,6,'976.60.654.112','','F',7,'BE',46,60,55,0,0,0,0,0,0,'CH','1','1','Z1','11','','1','11','2',110000.00,2,'','','','','','','','',1,0.00,100.00,0,'','',0.00,'',0,'','',0,'','','','','','','','','',0,0,0,0,0),(28,1,28,'Racine','Susette','','','','','Grand-Rue 98','2603','Péry','BE','CH','Péry','1946-08-26','2010-08-26',66,65,65,'1966-04-01',47,4,'725.40.757.128','','F',8,'BE',51,58,57,0,0,0,0,0,0,'CH','4','5','A1','11','','0','11','2',20000.00,2,'','','','','','','','',1,0.00,100.00,0,'','',0.00,'',0,'','',0,'','','','','','','','','',0,0,0,0,0),(29,1,29,'Perret','Michelle','','','','','Bahnhofstrasse 54','2502','Biel/Bienne','BE','CH','Biel','1984-03-16','2048-03-16',29,27,27,'1998-01-01',15,7,'707.78.578.113','','F',7,'BE',48,60,56,0,0,0,0,0,0,'CH','1','1','A1','11','','1','11','2',95000.00,2,'','','','','','','','',1,0.00,100.00,0,'','',0.00,'',0,'','',0,'','','','','','','','','',0,0,0,0,0),(30,1,2,'Aebi','Anna','','','','','Bundesstrasse 5','6003','Luzern','LU','CH','Luzern','1947-12-31','2011-12-31',65,64,64,'2012-02-01',1,6,'101.41.893.128','','F',7,'LU',48,60,54,0,0,0,0,0,0,'CH','4','5','A1','12','','0','10','1',59.30,2,'de','','','','','','','',1,0.00,100.00,1,'','',0.00,'',0,'','',0,'','','','','','','','','',0,0,0,0,0),(31,1,3,'Casanova','Renato','','','','','Bahnhofstrasse 20','6048','Horw','LU','CH','Horw','1994-01-01','2059-01-01',19,18,18,'2012-02-27',1,6,'255.88.101.110','','M',7,'LU',46,60,55,0,0,0,0,0,0,'CH','1','1','A2','12','','2','12','2',3000.00,2,'','','','','','','','',1,0.00,100.00,0,'','',0.00,'',0,'','',0,'','','','','','','','','',0,0,0,0,0),(32,1,5,'Duss','Regula','','','','','Maihofstrasse 42','6004','Luzern','LU','CH','Luzern','1975-12-11','2039-12-11',37,36,36,'2011-05-01',2,3,'298.69.873.118','','F',7,'LU',45,61,55,0,0,0,0,0,0,'CH','1','1','A1','11','','1','10','2',35000.00,2,'','','','','','','','',0,126.00,75.00,0,'','',0.00,'',0,'','',0,'','','','','','','','','',0,0,0,0,0),(33,1,4,'Degelo','Lorenz','','','','','Lopperstrasse 8','6010','Kriens','LU','CH','Kriens','1976-02-28','2041-02-28',37,35,36,'2006-02-28',7,6,'279.70.159.113','','M',8,'LU',47,59,57,0,0,0,0,0,0,'CH','1','1','A3','11','','0','10','1',0.00,2,'','','','','','','','',1,0.00,100.00,0,'','',0.00,'',0,'','',0,'','','','','','','','','',0,0,0,0,0),(34,1,30,'Schüpbach','Ernst','','','','','Hirschhorn','3153','Rüschegg Gambach','BE','CH','Rüschegg','1946-11-11','2011-11-11',66,65,65,'2011-02-20',2,6,'837.40.442.115','','M',6,'BE',52,58,57,0,0,0,0,0,0,'CH','4','5','Z3','','','0','10','2',0.00,2,'de','','','','','','','',1,0.00,100.00,1,'','',0.00,'',0,'','',0,'','','','','','','','','',0,0,0,0,0),(35,1,99,'Mister','X','','','','','Scotland Yard','GB','London','AG','DE','London','1979-01-01','2044-01-01',34,33,33,'2011-01-01',2,7,'','','M',6,'AG',52,58,57,0,0,0,0,0,0,'US','1','1','A0','','','0','10','1',0.00,1,'de','','','','','','','',1,0.00,0.00,1,'','',0.00,'',0,'','',3,'','','','','','','','','',0,0,0,0,0);
/*!40000 ALTER TABLE `payroll_employee` ENABLE KEYS */;
UNLOCK TABLES;

--
-- Table structure for table `payroll_employee_account`
--

DROP TABLE IF EXISTS `payroll_employee_account`;
/*!40101 SET @saved_cs_client     = @@character_set_client */;
/*!40101 SET character_set_client = utf8 */;
CREATE TABLE `payroll_employee_account` (
  `id` int(11) NOT NULL AUTO_INCREMENT,
  `payroll_employee_ID` int(11) NOT NULL,
  `payroll_account_ID` varchar(5) CHARACTER SET latin1 NOT NULL,
  `PayrollDataType` tinyint(4) NOT NULL DEFAULT '1',
  `account_text` varchar(75) CHARACTER SET latin1 NOT NULL,
  `quantity` decimal(12,5) NOT NULL,
  `rate` decimal(12,5) NOT NULL,
  `amount` decimal(12,5) NOT NULL,
  `TargetField` tinyint(4) NOT NULL DEFAULT '0',
  `max_limit` decimal(8,2) NOT NULL,
  `min_limit` decimal(8,2) NOT NULL,
  `deduction` decimal(8,2) NOT NULL,
  `CostCenter` varchar(45) CHARACTER SET latin1 NOT NULL,
  `DateFrom` date NOT NULL,
  `DateTo` date NOT NULL,
  `major_period` tinyint(1) NOT NULL DEFAULT '1',
  `minor_period` tinyint(1) NOT NULL DEFAULT '1',
  `major_period_bonus` tinyint(1) NOT NULL DEFAULT '1',
  `allowable_workdays` tinyint(4) NOT NULL,
  `allowable_workdays_sum` smallint(6) NOT NULL,
  `amount_balance` decimal(13,5) NOT NULL,
  `having_pensioner_calc` tinyint(1) NOT NULL DEFAULT '0',
  PRIMARY KEY (`id`)
) ENGINE=InnoDB AUTO_INCREMENT=31234 DEFAULT CHARSET=utf8;
/*!40101 SET character_set_client = @saved_cs_client */;

--
-- Dumping data for table `payroll_employee_account`
--

LOCK TABLES `payroll_employee_account` WRITE;
/*!40000 ALTER TABLE `payroll_employee_account` DISABLE KEYS */;
INSERT INTO `payroll_employee_account` VALUES (276,35,'1005',2,'',0.00000,0.00000,0.00000,0,0.00,0.00,0.00,'','0000-00-00','0000-00-00',1,1,1,0,0,0.00000,0),(387,35,'5010',8,'',0.00000,5.05000,0.00000,0,0.00,0.00,0.00,'','0000-00-00','0000-00-00',1,1,1,0,0,0.00000,0),(388,35,'5013',8,'',0.00000,0.00000,0.00000,0,0.00,0.00,0.00,'','0000-00-00','0000-00-00',1,1,1,0,0,0.00000,0),(389,35,'5020',8,'',0.00000,1.00000,0.00000,0,0.00,0.00,0.00,'','0000-00-00','0000-00-00',1,1,1,0,0,0.00000,0),(390,35,'5025',8,'',0.00000,0.50000,0.00000,0,0.00,0.00,0.00,'','0000-00-00','0000-00-00',1,1,1,0,0,0.00000,0),(391,35,'5023',8,'',0.00000,0.00000,0.00000,0,0.00,0.00,0.00,'','0000-00-00','0000-00-00',1,1,1,0,0,0.00000,0),(693,35,'9120',8,'',0.00000,0.00000,0.00000,0,0.00,0.00,0.00,'','0000-00-00','0000-00-00',1,1,1,0,0,0.00000,0),(15559,5,'1999',7,'',0.00000,0.00000,0.00000,5,0.00,0.00,0.00,'','0000-00-00','0000-00-00',1,1,1,0,0,0.00000,0),(15560,6,'1999',7,'',0.00000,0.00000,0.00000,5,0.00,0.00,0.00,'','0000-00-00','0000-00-00',1,1,1,0,0,0.00000,0),(15561,7,'1999',7,'',0.00000,0.00000,0.00000,5,0.00,0.00,0.00,'','0000-00-00','0000-00-00',1,1,1,0,0,0.00000,0),(15562,8,'1999',7,'',0.00000,0.00000,0.00000,5,0.00,0.00,0.00,'','0000-00-00','0000-00-00',1,1,1,0,0,0.00000,0),(15563,9,'1999',7,'',0.00000,0.00000,0.00000,5,0.00,0.00,0.00,'','0000-00-00','0000-00-00',1,1,1,0,0,0.00000,0),(15564,10,'1999',7,'',0.00000,0.00000,0.00000,5,0.00,0.00,0.00,'','0000-00-00','0000-00-00',1,1,1,0,0,0.00000,0),(15565,11,'1999',7,'',0.00000,0.00000,0.00000,5,0.00,0.00,0.00,'','0000-00-00','0000-00-00',1,1,1,0,0,0.00000,0),(15566,12,'1999',7,'',0.00000,0.00000,0.00000,5,0.00,0.00,0.00,'','0000-00-00','0000-00-00',1,1,1,0,0,0.00000,0),(15567,13,'1999',7,'',0.00000,0.00000,0.00000,5,0.00,0.00,0.00,'','0000-00-00','0000-00-00',1,1,1,0,0,0.00000,0),(15568,14,'1999',7,'',0.00000,0.00000,0.00000,5,0.00,0.00,0.00,'','0000-00-00','0000-00-00',1,1,1,0,0,0.00000,0),(15569,15,'1999',7,'',0.00000,0.00000,0.00000,5,0.00,0.00,0.00,'','0000-00-00','0000-00-00',1,1,1,0,0,0.00000,0),(15570,16,'1999',7,'',0.00000,0.00000,0.00000,5,0.00,0.00,0.00,'','0000-00-00','0000-00-00',1,1,1,0,0,0.00000,0),(15571,17,'1999',7,'',0.00000,0.00000,0.00000,5,0.00,0.00,0.00,'','0000-00-00','0000-00-00',1,1,1,0,0,0.00000,0),(15572,18,'1999',7,'',0.00000,0.00000,0.00000,5,0.00,0.00,0.00,'','0000-00-00','0000-00-00',1,1,1,0,0,0.00000,0),(15573,19,'1999',7,'',0.00000,0.00000,0.00000,5,0.00,0.00,0.00,'','0000-00-00','0000-00-00',1,1,1,0,0,0.00000,0),(15574,20,'1999',7,'',0.00000,0.00000,0.00000,5,0.00,0.00,0.00,'','0000-00-00','0000-00-00',1,1,1,0,0,0.00000,0),(15575,21,'1999',7,'',0.00000,0.00000,0.00000,5,0.00,0.00,0.00,'','0000-00-00','0000-00-00',1,1,1,0,0,0.00000,0),(15576,22,'1999',7,'',0.00000,0.00000,0.00000,5,0.00,0.00,0.00,'','0000-00-00','0000-00-00',1,1,1,0,0,0.00000,0),(15577,23,'1999',7,'',0.00000,0.00000,0.00000,5,0.00,0.00,0.00,'','0000-00-00','0000-00-00',1,1,1,0,0,0.00000,0),(15579,25,'1999',7,'',0.00000,0.00000,0.00000,5,0.00,0.00,0.00,'','0000-00-00','0000-00-00',1,1,1,0,0,0.00000,0),(15580,26,'1999',7,'',0.00000,0.00000,0.00000,5,0.00,0.00,0.00,'','0000-00-00','0000-00-00',1,1,1,0,0,0.00000,0),(15581,27,'1999',7,'',0.00000,0.00000,0.00000,5,0.00,0.00,0.00,'','0000-00-00','0000-00-00',1,1,1,0,0,0.00000,0),(15582,28,'1999',7,'',0.00000,0.00000,0.00000,5,0.00,0.00,0.00,'','0000-00-00','0000-00-00',1,1,1,0,0,0.00000,0),(15583,29,'1999',7,'',0.00000,0.00000,0.00000,5,0.00,0.00,0.00,'','0000-00-00','0000-00-00',1,1,1,0,0,0.00000,0),(15584,30,'1999',7,'',0.00000,0.00000,0.00000,5,0.00,0.00,0.00,'','0000-00-00','0000-00-00',1,1,1,0,0,0.00000,0),(15585,31,'1999',7,'',0.00000,0.00000,0.00000,5,0.00,0.00,0.00,'','0000-00-00','0000-00-00',1,1,1,0,0,0.00000,0),(15586,32,'1999',7,'',0.00000,0.00000,0.00000,5,0.00,0.00,0.00,'','0000-00-00','0000-00-00',1,1,1,0,0,0.00000,0),(15587,33,'1999',7,'',0.00000,0.00000,0.00000,5,0.00,0.00,0.00,'','0000-00-00','0000-00-00',1,1,1,0,0,0.00000,0),(15588,34,'1999',7,'',0.00000,0.00000,0.00000,5,0.00,0.00,0.00,'','0000-00-00','0000-00-00',1,1,1,0,0,0.00000,0),(15589,35,'1999',7,'',0.00000,0.00000,0.00000,5,0.00,0.00,0.00,'','0000-00-00','0000-00-00',1,1,1,0,0,0.00000,0),(15590,34,'1000',2,'',0.00000,0.00000,0.00000,0,0.00,0.00,0.00,'','0000-00-00','0000-00-00',1,1,1,0,0,0.00000,0),(15595,29,'1000',2,'',0.00000,0.00000,95000.00000,0,0.00,0.00,0.00,'','0000-00-00','0000-00-00',1,1,1,0,0,0.00000,0),(15596,28,'1000',2,'',0.00000,0.00000,20000.00000,0,0.00,0.00,0.00,'','0000-00-00','0000-00-00',1,1,1,0,0,0.00000,0),(15597,27,'1000',2,'',0.00000,0.00000,110000.00000,0,0.00,0.00,0.00,'','0000-00-00','0000-00-00',1,1,1,0,0,0.00000,0),(15598,25,'1000',2,'',0.00000,0.00000,84000.00000,0,0.00,0.00,0.00,'','0000-00-00','0000-00-00',1,1,1,0,0,0.00000,0),(15600,23,'1000',2,'',0.00000,0.00000,80000.00000,0,0.00,0.00,0.00,'','0000-00-00','0000-00-00',1,1,1,0,0,0.00000,0),(15601,22,'1001',2,'',0.00000,0.00000,280000.00000,0,0.00,0.00,0.00,'','0000-00-00','0000-00-00',1,1,1,0,0,0.00000,0),(15609,14,'1001',2,'',0.00000,0.00000,0.00000,0,0.00,0.00,0.00,'','0000-00-00','0000-00-00',1,1,1,0,0,0.00000,0),(15621,34,'5010',8,'',0.00000,5.05000,0.00000,0,0.00,0.00,2800.00,'','0000-00-00','0000-00-00',1,1,1,0,0,0.00000,1),(15622,34,'5013',8,'',0.00000,0.00000,0.00000,0,0.00,0.00,0.00,'','0000-00-00','0000-00-00',1,1,1,0,0,0.00000,0),(15635,29,'5010',8,'',0.00000,5.05000,0.00000,0,0.00,0.00,0.00,'','0000-00-00','0000-00-00',1,1,1,0,0,0.00000,0),(15636,29,'5013',8,'',0.00000,0.00000,0.00000,0,0.00,0.00,0.00,'','0000-00-00','0000-00-00',1,1,1,0,0,0.00000,0),(15637,29,'5020',8,'',0.00000,1.00000,0.00000,0,0.00,0.00,0.00,'','0000-00-00','0000-00-00',1,1,1,0,0,0.00000,0),(15638,29,'5025',8,'',0.00000,0.50000,0.00000,0,0.00,0.00,0.00,'','0000-00-00','0000-00-00',1,1,1,0,0,0.00000,0),(15639,29,'5023',8,'',0.00000,0.00000,0.00000,0,0.00,0.00,0.00,'','0000-00-00','0000-00-00',1,1,1,0,0,0.00000,0),(15640,28,'5010',8,'',0.00000,5.05000,0.00000,0,0.00,0.00,2800.00,'','0000-00-00','0000-00-00',1,1,1,0,0,0.00000,1),(15641,28,'5013',8,'',0.00000,0.00000,0.00000,0,0.00,0.00,0.00,'','0000-00-00','0000-00-00',1,1,1,0,0,0.00000,0),(15642,27,'5010',8,'',0.00000,5.05000,0.00000,0,0.00,0.00,0.00,'','0000-00-00','0000-00-00',1,1,1,0,0,0.00000,0),(15643,27,'5013',8,'',0.00000,0.00000,0.00000,0,0.00,0.00,0.00,'','0000-00-00','0000-00-00',1,1,1,0,0,0.00000,0),(15644,27,'5020',8,'',0.00000,1.00000,0.00000,0,0.00,0.00,0.00,'','0000-00-00','0000-00-00',1,1,1,0,0,0.00000,0),(15645,27,'5025',8,'',0.00000,0.50000,0.00000,0,0.00,0.00,0.00,'','0000-00-00','0000-00-00',1,1,1,0,0,0.00000,0),(15646,27,'5023',8,'',0.00000,0.00000,0.00000,0,0.00,0.00,0.00,'','0000-00-00','0000-00-00',1,1,1,0,0,0.00000,0),(15647,26,'5010',8,'',0.00000,5.05000,0.00000,0,0.00,0.00,2800.00,'','0000-00-00','0000-00-00',1,1,1,0,0,0.00000,1),(15648,26,'5013',8,'',0.00000,0.00000,0.00000,0,0.00,0.00,0.00,'','0000-00-00','0000-00-00',1,1,1,0,0,0.00000,0),(15649,25,'5010',8,'',0.00000,5.05000,0.00000,0,0.00,0.00,1400.00,'','0000-00-00','0000-00-00',1,1,1,0,0,0.00000,1),(15650,25,'5013',8,'',0.00000,0.00000,0.00000,0,0.00,0.00,0.00,'','0000-00-00','0000-00-00',1,1,1,0,0,0.00000,0),(15651,25,'5020',8,'',0.00000,1.00000,0.00000,0,0.00,0.00,0.00,'','0000-00-00','0000-00-00',1,1,1,0,0,0.00000,0),(15652,25,'5025',8,'',0.00000,0.50000,0.00000,0,0.00,0.00,0.00,'','0000-00-00','0000-00-00',1,1,1,0,0,0.00000,0),(15653,25,'5023',8,'',0.00000,0.00000,0.00000,0,0.00,0.00,0.00,'','0000-00-00','0000-00-00',1,1,1,0,0,0.00000,0),(15659,23,'5010',8,'',0.00000,5.05000,0.00000,0,0.00,0.00,0.00,'','0000-00-00','0000-00-00',1,1,1,0,0,0.00000,0),(15660,23,'5013',8,'',0.00000,0.00000,0.00000,0,0.00,0.00,0.00,'','0000-00-00','0000-00-00',1,1,1,0,0,0.00000,0),(15661,23,'5020',8,'',0.00000,1.00000,0.00000,0,0.00,0.00,0.00,'','0000-00-00','0000-00-00',1,1,1,0,0,0.00000,0),(15662,23,'5025',8,'',0.00000,0.50000,0.00000,0,0.00,0.00,0.00,'','0000-00-00','0000-00-00',1,1,1,0,0,0.00000,0),(15663,23,'5023',8,'',0.00000,0.00000,0.00000,0,0.00,0.00,0.00,'','0000-00-00','0000-00-00',1,1,1,0,0,0.00000,0),(15664,22,'5010',8,'',0.00000,5.05000,0.00000,0,0.00,0.00,0.00,'','0000-00-00','0000-00-00',1,1,1,0,0,0.00000,0),(15665,22,'5013',8,'',0.00000,0.00000,0.00000,0,0.00,0.00,0.00,'','0000-00-00','0000-00-00',1,1,1,0,0,0.00000,0),(15666,22,'5020',8,'',0.00000,1.00000,0.00000,0,0.00,0.00,0.00,'','0000-00-00','0000-00-00',1,1,1,0,0,0.00000,0),(15667,22,'5025',8,'',0.00000,0.50000,0.00000,0,0.00,0.00,0.00,'','0000-00-00','0000-00-00',1,1,1,0,0,0.00000,0),(15668,22,'5023',8,'',0.00000,0.00000,0.00000,0,0.00,0.00,0.00,'','0000-00-00','0000-00-00',1,1,1,0,0,0.00000,0),(15694,14,'5010',8,'',0.00000,5.05000,0.00000,0,0.00,0.00,0.00,'','0000-00-00','0000-00-00',1,1,1,0,0,0.00000,0),(15695,14,'5013',8,'',0.00000,0.00000,0.00000,0,0.00,0.00,0.00,'','0000-00-00','0000-00-00',1,1,1,0,0,0.00000,0),(15696,14,'5020',8,'',0.00000,1.00000,0.00000,0,0.00,0.00,0.00,'','0000-00-00','0000-00-00',1,1,1,0,0,0.00000,0),(15697,14,'5025',8,'',0.00000,0.50000,0.00000,0,0.00,0.00,0.00,'','0000-00-00','0000-00-00',1,1,1,0,0,0.00000,0),(15698,14,'5023',8,'',0.00000,0.00000,0.00000,0,0.00,0.00,0.00,'','0000-00-00','0000-00-00',1,1,1,0,0,0.00000,0),(15748,34,'5037',8,'',0.00000,0.53000,0.00000,0,0.00,0.00,0.00,'','0000-00-00','0000-00-00',1,1,1,0,0,0.00000,0),(15759,29,'5030',8,'',0.00000,1.46000,0.00000,0,0.00,0.00,0.00,'','0000-00-00','0000-00-00',1,1,1,0,0,0.00000,0),(15760,29,'5035',8,'',0.00000,0.60900,0.00000,0,0.00,0.00,0.00,'','0000-00-00','0000-00-00',1,1,1,0,0,0.00000,0),(15761,29,'5039',8,'',0.00000,1.00000,0.00000,0,0.00,0.00,0.00,'','0000-00-00','0000-00-00',1,1,1,0,0,0.00000,0),(15762,28,'5030',8,'',0.00000,1.46000,0.00000,0,0.00,0.00,0.00,'','0000-00-00','0000-00-00',1,1,1,0,0,0.00000,0),(15763,28,'5035',8,'',0.00000,0.60900,0.00000,0,0.00,0.00,0.00,'','0000-00-00','0000-00-00',1,1,1,0,0,0.00000,0),(15764,28,'5039',8,'',0.00000,1.00000,0.00000,0,0.00,0.00,0.00,'','0000-00-00','0000-00-00',1,1,1,0,0,0.00000,0),(15765,27,'5032',8,'',0.00000,1.19000,0.00000,0,0.00,0.00,0.00,'','0000-00-00','0000-00-00',1,1,1,0,0,0.00000,0),(15766,27,'5037',8,'',0.00000,0.53000,0.00000,0,0.00,0.00,0.00,'','0000-00-00','0000-00-00',1,1,1,0,0,0.00000,0),(15767,27,'5039',8,'',0.00000,1.00000,0.00000,0,0.00,0.00,0.00,'','0000-00-00','0000-00-00',1,1,1,0,0,0.00000,0),(15768,26,'5036',8,'',0.00000,0.94000,0.00000,0,0.00,0.00,0.00,'','0000-00-00','0000-00-00',1,1,1,0,0,0.00000,0),(15769,25,'5030',8,'',0.00000,1.46000,0.00000,0,0.00,0.00,0.00,'','0000-00-00','0000-00-00',1,1,1,0,0,0.00000,0),(15770,25,'5035',8,'',0.00000,0.60900,0.00000,0,0.00,0.00,0.00,'','0000-00-00','0000-00-00',1,1,1,0,0,0.00000,0),(15771,25,'5039',8,'',0.00000,1.00000,0.00000,0,0.00,0.00,0.00,'','0000-00-00','0000-00-00',1,1,1,0,0,0.00000,0),(15775,23,'5030',8,'',0.00000,1.46000,0.00000,0,0.00,0.00,0.00,'','0000-00-00','0000-00-00',1,1,1,0,0,0.00000,0),(15776,23,'5035',8,'',0.00000,0.60900,0.00000,0,0.00,0.00,0.00,'','0000-00-00','0000-00-00',1,1,1,0,0,0.00000,0),(15777,23,'5039',8,'',0.00000,1.00000,0.00000,0,0.00,0.00,0.00,'','0000-00-00','0000-00-00',1,1,1,0,0,0.00000,0),(15778,22,'5030',8,'',0.00000,1.46000,0.00000,0,0.00,0.00,0.00,'','0000-00-00','0000-00-00',1,1,1,0,0,0.00000,0),(15779,22,'5035',8,'',0.00000,0.60900,0.00000,0,0.00,0.00,0.00,'','0000-00-00','0000-00-00',1,1,1,0,0,0.00000,0),(15780,22,'5039',8,'',0.00000,1.00000,0.00000,0,0.00,0.00,0.00,'','0000-00-00','0000-00-00',1,1,1,0,0,0.00000,0),(15796,14,'5032',8,'',0.00000,1.19000,0.00000,0,0.00,0.00,0.00,'','0000-00-00','0000-00-00',1,1,1,0,0,0.00000,0),(15797,14,'5037',8,'',0.00000,0.53000,0.00000,0,0.00,0.00,0.00,'','0000-00-00','0000-00-00',1,1,1,0,0,0.00000,0),(15798,14,'5039',8,'',0.00000,1.00000,0.00000,0,0.00,0.00,0.00,'','0000-00-00','0000-00-00',1,1,1,0,0,0.00000,0),(15880,29,'5040',8,'',0.00000,0.20100,0.00000,0,0.00,0.00,0.00,'','0000-00-00','0000-00-00',1,1,1,0,0,0.00000,0),(15881,29,'5050',8,'',0.00000,0.61000,0.00000,0,0.00,0.00,0.00,'','0000-00-00','0000-00-00',1,1,1,0,0,0.00000,0),(15882,28,'5040',8,'',0.00000,0.20100,0.00000,0,0.00,0.00,0.00,'','0000-00-00','0000-00-00',1,1,1,0,0,0.00000,0),(15883,28,'5050',8,'',0.00000,0.61000,0.00000,0,0.00,0.00,0.00,'','0000-00-00','0000-00-00',1,1,1,0,0,0.00000,0),(15884,27,'5040',8,'',0.00000,0.20100,0.00000,0,0.00,0.00,0.00,'','0000-00-00','0000-00-00',1,1,1,0,0,0.00000,0),(15885,27,'5050',8,'',0.00000,0.61000,0.00000,0,0.00,0.00,0.00,'','0000-00-00','0000-00-00',1,1,1,0,0,0.00000,0),(15886,26,'5040',8,'',0.00000,0.20100,0.00000,0,0.00,0.00,0.00,'','0000-00-00','0000-00-00',1,1,1,0,0,0.00000,0),(15887,26,'5050',8,'',0.00000,0.54300,0.00000,0,0.00,0.00,0.00,'','0000-00-00','0000-00-00',1,1,1,0,0,0.00000,0),(15888,25,'5040',8,'',0.00000,0.20100,0.00000,0,0.00,0.00,0.00,'','0000-00-00','0000-00-00',1,1,1,0,0,0.00000,0),(15889,25,'5050',8,'',0.00000,0.61000,0.00000,0,0.00,0.00,0.00,'','0000-00-00','0000-00-00',1,1,1,0,0,0.00000,0),(15892,23,'5040',8,'',0.00000,0.20100,0.00000,0,0.00,0.00,0.00,'','0000-00-00','0000-00-00',1,1,1,0,0,0.00000,0),(15893,23,'5050',8,'',0.00000,0.61000,0.00000,0,0.00,0.00,0.00,'','0000-00-00','0000-00-00',1,1,1,0,0,0.00000,0),(15894,22,'5041',8,'',0.00000,0.63400,0.00000,0,0.00,0.00,0.00,'','0000-00-00','0000-00-00',1,1,1,0,0,0.00000,0),(15895,22,'5051',8,'',0.00000,0.67800,0.00000,0,0.00,0.00,0.00,'','0000-00-00','0000-00-00',1,1,1,0,0,0.00000,0),(15906,14,'5040',8,'',0.00000,0.20100,0.00000,0,0.00,0.00,0.00,'','0000-00-00','0000-00-00',1,1,1,0,0,0.00000,0),(15907,14,'5050',8,'',0.00000,0.54300,0.00000,0,0.00,0.00,0.00,'','0000-00-00','0000-00-00',1,1,1,0,0,0.00000,0),(15972,14,'9120',8,'',0.00000,0.00000,0.00000,0,0.00,0.00,0.00,'','0000-00-00','0000-00-00',1,1,1,0,0,0.00000,0),(15973,14,'9132',8,'',0.00000,0.00000,0.00000,0,0.00,0.00,0.00,'','0000-00-00','0000-00-00',1,1,1,0,0,0.00000,0),(15974,14,'9140',8,'',0.00000,0.00000,0.00000,0,0.00,0.00,0.00,'','0000-00-00','0000-00-00',1,1,1,0,0,0.00000,0),(15975,14,'9150',8,'',0.00000,0.00000,0.00000,0,0.00,0.00,0.00,'','0000-00-00','0000-00-00',1,1,1,0,0,0.00000,0),(15996,22,'9120',8,'',0.00000,0.00000,0.00000,0,0.00,0.00,0.00,'','0000-00-00','0000-00-00',1,1,1,0,0,0.00000,0),(15997,22,'9130',8,'',0.00000,0.00000,0.00000,0,0.00,0.00,0.00,'','0000-00-00','0000-00-00',1,1,1,0,0,0.00000,0),(15998,22,'9141',8,'',0.00000,0.00000,0.00000,0,0.00,0.00,0.00,'','0000-00-00','0000-00-00',1,1,1,0,0,0.00000,0),(15999,22,'9151',8,'',0.00000,0.00000,0.00000,0,0.00,0.00,0.00,'','0000-00-00','0000-00-00',1,1,1,0,0,0.00000,0),(16000,23,'9120',8,'',0.00000,0.00000,0.00000,0,0.00,0.00,0.00,'','0000-00-00','0000-00-00',1,1,1,0,0,0.00000,0),(16001,23,'9130',8,'',0.00000,0.00000,0.00000,0,0.00,0.00,0.00,'','0000-00-00','0000-00-00',1,1,1,0,0,0.00000,0),(16002,23,'9140',8,'',0.00000,0.00000,0.00000,0,0.00,0.00,0.00,'','0000-00-00','0000-00-00',1,1,1,0,0,0.00000,0),(16003,23,'9150',8,'',0.00000,0.00000,0.00000,0,0.00,0.00,0.00,'','0000-00-00','0000-00-00',1,1,1,0,0,0.00000,0),(16008,25,'9120',8,'',0.00000,0.00000,0.00000,0,0.00,0.00,0.00,'','0000-00-00','0000-00-00',1,1,1,0,0,0.00000,0),(16009,25,'9130',8,'',0.00000,0.00000,0.00000,0,0.00,0.00,0.00,'','0000-00-00','0000-00-00',1,1,1,0,0,0.00000,0),(16010,25,'9140',8,'',0.00000,0.00000,0.00000,0,0.00,0.00,0.00,'','0000-00-00','0000-00-00',1,1,1,0,0,0.00000,0),(16011,25,'9150',8,'',0.00000,0.00000,0.00000,0,0.00,0.00,0.00,'','0000-00-00','0000-00-00',1,1,1,0,0,0.00000,0),(16012,26,'9131',8,'',0.00000,0.00000,0.00000,0,0.00,0.00,0.00,'','0000-00-00','0000-00-00',1,1,1,0,0,0.00000,0),(16013,26,'9140',8,'',0.00000,0.00000,0.00000,0,0.00,0.00,0.00,'','0000-00-00','0000-00-00',1,1,1,0,0,0.00000,0),(16014,26,'9150',8,'',0.00000,0.00000,0.00000,0,0.00,0.00,0.00,'','0000-00-00','0000-00-00',1,1,1,0,0,0.00000,0),(16015,27,'9120',8,'',0.00000,0.00000,0.00000,0,0.00,0.00,0.00,'','0000-00-00','0000-00-00',1,1,1,0,0,0.00000,0),(16016,27,'9132',8,'',0.00000,0.00000,0.00000,0,0.00,0.00,0.00,'','0000-00-00','0000-00-00',1,1,1,0,0,0.00000,0),(16017,27,'9140',8,'',0.00000,0.00000,0.00000,0,0.00,0.00,0.00,'','0000-00-00','0000-00-00',1,1,1,0,0,0.00000,0),(16018,27,'9150',8,'',0.00000,0.00000,0.00000,0,0.00,0.00,0.00,'','0000-00-00','0000-00-00',1,1,1,0,0,0.00000,0),(16019,28,'9130',8,'',0.00000,0.00000,0.00000,0,0.00,0.00,0.00,'','0000-00-00','0000-00-00',1,1,1,0,0,0.00000,0),(16020,28,'9140',8,'',0.00000,0.00000,0.00000,0,0.00,0.00,0.00,'','0000-00-00','0000-00-00',1,1,1,0,0,0.00000,0),(16021,28,'9150',8,'',0.00000,0.00000,0.00000,0,0.00,0.00,0.00,'','0000-00-00','0000-00-00',1,1,1,0,0,0.00000,0),(16022,29,'9120',8,'',0.00000,0.00000,0.00000,0,0.00,0.00,0.00,'','0000-00-00','0000-00-00',1,1,1,0,0,0.00000,0),(16023,29,'9130',8,'',0.00000,0.00000,0.00000,0,0.00,0.00,0.00,'','0000-00-00','0000-00-00',1,1,1,0,0,0.00000,0),(16024,29,'9140',8,'',0.00000,0.00000,0.00000,0,0.00,0.00,0.00,'','0000-00-00','0000-00-00',1,1,1,0,0,0.00000,0),(16025,29,'9150',8,'',0.00000,0.00000,0.00000,0,0.00,0.00,0.00,'','0000-00-00','0000-00-00',1,1,1,0,0,0.00000,0),(16037,34,'9132',8,'',0.00000,0.00000,0.00000,0,0.00,0.00,0.00,'','0000-00-00','0000-00-00',1,1,1,0,0,0.00000,0),(16712,34,'5020',9,'',0.00000,0.00000,0.00000,0,0.00,0.00,0.00,'','0000-00-00','0000-00-00',1,1,1,11,0,0.00000,0),(16723,34,'5025',9,'',0.00000,0.00000,0.00000,0,0.00,0.00,0.00,'','0000-00-00','0000-00-00',1,1,1,11,0,0.00000,0),(16734,34,'5035',9,'',0.00000,0.00000,0.00000,0,0.00,0.00,0.00,'','0000-00-00','0000-00-00',1,1,1,11,0,0.00000,0),(16745,34,'5036',9,'',0.00000,0.00000,0.00000,0,0.00,0.00,0.00,'','0000-00-00','0000-00-00',1,1,1,11,0,0.00000,0),(16756,34,'5037',9,'',0.00000,0.00000,0.00000,0,0.00,0.00,0.00,'','0000-00-00','0000-00-00',1,1,1,11,0,0.00000,0),(16767,34,'5040',9,'',0.00000,0.00000,0.00000,0,0.00,0.00,0.00,'','0000-00-00','0000-00-00',1,1,1,11,0,0.00000,0),(16778,34,'5041',9,'',0.00000,0.00000,0.00000,0,0.00,0.00,0.00,'','0000-00-00','0000-00-00',1,1,1,11,0,0.00000,0),(16789,34,'5050',9,'',0.00000,0.00000,0.00000,0,0.00,0.00,0.00,'','0000-00-00','0000-00-00',1,1,1,11,0,0.00000,0),(16800,34,'5051',9,'',0.00000,0.00000,0.00000,0,0.00,0.00,0.00,'','0000-00-00','0000-00-00',1,1,1,11,0,0.00000,0),(16829,21,'1010',3,'',40000.00000,0.00000,0.00000,0,0.00,0.00,0.00,'','2012-02-01','0000-00-00',1,1,1,0,0,0.00000,0),(16830,21,'1031',3,'',19500.00000,0.00000,0.00000,0,0.00,0.00,0.00,'','2012-02-01','0000-00-00',1,1,1,0,0,0.00000,0),(16831,21,'1910',3,'',500.00000,0.00000,0.00000,0,0.00,0.00,0.00,'','2012-02-01','0000-00-00',1,1,1,0,0,0.00000,0),(16832,21,'3000',3,'',0.00000,0.00000,380.00000,0,0.00,0.00,0.00,'','2012-02-01','0000-00-00',1,1,1,0,0,0.00000,0),(16833,21,'1210',1,'',30000.00000,0.00000,0.00000,0,0.00,0.00,0.00,'','0000-00-00','0000-00-00',1,1,1,0,0,0.00000,0),(16834,21,'5060',3,'',0.00000,0.00000,5400.00000,0,0.00,0.00,0.00,'','2012-02-01','0000-00-00',1,1,1,0,0,0.00000,0),(16835,21,'5065',1,'',10000.00000,0.00000,0.00000,0,0.00,0.00,0.00,'','0000-00-00','0000-00-00',1,1,1,0,0,0.00000,0),(16837,21,'6020',4,'',2000.00000,0.00000,0.00000,0,0.00,0.00,0.00,'','2012-02-01','2012-02-28',1,1,1,0,0,0.00000,0),(16841,32,'2035',1,'',3000.00000,1.00000,0.00000,0,0.00,0.00,0.00,'','0000-00-00','0000-00-00',1,1,1,0,0,0.00000,0),(16842,32,'2050',1,'',3000.00000,0.00000,0.00000,0,0.00,0.00,0.00,'','0000-00-00','0000-00-00',1,1,1,0,0,0.00000,0),(16843,32,'5060',3,'',0.00000,0.00000,3000.00000,0,0.00,0.00,0.00,'','2012-02-01','0000-00-00',1,1,1,0,0,0.00000,0),(16844,32,'6010',3,'',450.00000,0.00000,0.00000,0,0.00,0.00,0.00,'','2012-02-01','0000-00-00',1,1,1,0,0,0.00000,0),(16845,30,'1055',3,'',200.00000,1.00000,0.00000,0,0.00,0.00,0.00,'','2012-02-01','0000-00-00',1,1,1,0,0,0.00000,0),(16846,30,'1976',3,'',150.00000,0.00000,0.00000,0,0.00,0.00,0.00,'','2012-02-01','0000-00-00',1,1,1,0,0,0.00000,0),(16847,30,'1977',3,'',350.00000,0.00000,0.00000,0,0.00,0.00,0.00,'','2012-02-01','0000-00-00',1,1,1,0,0,0.00000,0),(16849,30,'1212',1,'',4000.00000,0.00000,0.00000,0,0.00,0.00,0.00,'','0000-00-00','0000-00-00',1,1,1,0,0,0.00000,0),(16850,30,'6002',3,'',320.00000,0.00000,0.00000,0,0.00,0.00,0.00,'','2012-02-01','0000-00-00',1,1,1,0,0,0.00000,0),(16851,30,'6030',3,'',155.00000,0.00000,0.00000,0,0.00,0.00,0.00,'','2012-02-01','0000-00-00',1,1,1,0,0,0.00000,0),(16852,30,'6040',3,'',300.00000,0.00000,0.00000,0,0.00,0.00,0.00,'','2012-02-01','0000-00-00',1,1,1,0,0,0.00000,0),(16854,31,'1902',3,'',2500.00000,0.00000,0.00000,0,0.00,0.00,0.00,'','2012-02-01','0000-00-00',1,1,1,0,0,0.00000,0),(16855,31,'1980',1,'',2000.00000,0.00000,0.00000,0,0.00,0.00,0.00,'','0000-00-00','0000-00-00',1,1,1,0,0,0.00000,0),(16856,31,'5060',3,'',0.00000,0.00000,1800.00000,0,0.00,0.00,0.00,'','2012-02-01','0000-00-00',1,1,1,0,0,0.00000,0),(16857,31,'6020',3,'',500.00000,0.00000,0.00000,0,0.00,0.00,0.00,'','2012-02-01','0000-00-00',1,1,1,0,0,0.00000,0),(16858,31,'6050',3,'',800.00000,0.00000,0.00000,0,0.00,0.00,0.00,'','2012-02-01','0000-00-00',1,1,1,0,0,0.00000,0),(16859,31,'6070',3,'',300.00000,0.00000,0.00000,0,0.00,0.00,0.00,'','2012-02-01','0000-00-00',1,1,1,0,0,0.00000,0),(21497,20,'1015',3,'',3000.00000,0.00000,0.00000,0,0.00,0.00,0.00,'','2012-02-01','0000-00-00',1,1,1,0,0,0.00000,0),(21498,20,'6000',3,'',500.00000,0.00000,0.00000,0,0.00,0.00,0.00,'','2012-02-01','0000-00-00',1,1,1,0,0,0.00000,0),(21499,19,'3031',3,'',100.00000,0.00000,0.00000,0,0.00,0.00,0.00,'','2012-02-01','0000-00-00',1,1,1,0,0,0.00000,0),(21500,10,'1021',3,'',3000.00000,0.00000,0.00000,0,0.00,0.00,0.00,'','2012-02-01','0000-00-00',1,1,1,0,0,0.00000,0),(21501,10,'1018',1,'',10000.00000,0.00000,0.00000,0,0.00,0.00,0.00,'','0000-00-00','0000-00-00',1,1,1,0,0,0.00000,0),(21502,11,'3000',1,'',0.00000,0.00000,360.00000,0,0.00,0.00,0.00,'','0000-00-00','0000-00-00',1,1,1,0,0,0.00000,0),(21503,11,'1072',1,'',300.00000,0.00000,0.00000,0,0.00,0.00,0.00,'','0000-00-00','0000-00-00',1,1,1,0,0,0.00000,0),(21504,11,'5060',1,'',0.00000,0.00000,1200.00000,0,0.00,0.00,0.00,'','0000-00-00','0000-00-00',1,1,1,0,0,0.00000,0),(21505,33,'1330',1,'',10.00000,0.00000,0.00000,0,0.00,0.00,0.00,'','0000-00-00','0000-00-00',1,1,1,0,0,0.00000,0),(21506,33,'1330',1,'',10.00000,0.00000,0.00000,0,0.00,0.00,0.00,'','0000-00-00','0000-00-00',1,1,1,0,0,0.00000,0),(22618,12,'1101',3,'',500.00000,0.00000,0.00000,0,0.00,0.00,0.00,'','2012-02-01','0000-00-00',1,1,1,0,0,0.00000,0),(22619,12,'3030',3,'',200.00000,1.00000,0.00000,0,0.00,0.00,0.00,'','2012-02-01','0000-00-00',1,1,1,0,0,0.00000,0),(22620,12,'2000',1,'',1000.00000,1.00000,0.00000,0,0.00,0.00,0.00,'','0000-00-00','0000-00-00',1,1,1,0,0,0.00000,0),(22621,12,'2005',1,'',800.00000,1.00000,0.00000,0,0.00,0.00,0.00,'','0000-00-00','0000-00-00',1,1,1,0,0,0.00000,0),(22622,12,'2050',1,'',1800.00000,0.00000,0.00000,0,0.00,0.00,0.00,'','0000-00-00','0000-00-00',1,1,1,0,0,0.00000,0),(22623,12,'5060',1,'',0.00000,0.00000,300.00000,0,0.00,0.00,0.00,'','0000-00-00','0000-00-00',1,1,1,0,0,0.00000,0),(22625,18,'1972',3,'',300.00000,0.00000,0.00000,0,0.00,0.00,0.00,'','2012-02-01','0000-00-00',1,1,1,0,0,0.00000,0),(22626,18,'2030',1,'',2500.00000,1.00000,0.00000,0,0.00,0.00,0.00,'','0000-00-00','0000-00-00',1,1,1,0,0,0.00000,0),(22627,18,'2035',1,'',500.00000,1.00000,0.00000,0,0.00,0.00,0.00,'','0000-00-00','0000-00-00',1,1,1,0,0,0.00000,0),(22628,15,'1200',1,'',450.00000,1.00000,0.00000,0,0.00,0.00,0.00,'','0000-00-00','0000-00-00',1,1,1,0,0,0.00000,0),(22629,15,'1215',1,'',300.00000,0.00000,0.00000,0,0.00,0.00,0.00,'','0000-00-00','0000-00-00',1,1,1,0,0,0.00000,0),(22630,15,'3034',1,'',150.00000,0.00000,0.00000,0,0.00,0.00,0.00,'','0000-00-00','0000-00-00',1,1,1,0,0,0.00000,0),(22631,15,'1065',1,'',300.00000,1.00000,0.00000,0,0.00,0.00,0.00,'','0000-00-00','0000-00-00',1,1,1,0,0,0.00000,0),(22632,15,'1410',1,'',1750.00000,0.00000,0.00000,0,0.00,0.00,0.00,'','0000-00-00','0000-00-00',1,1,1,0,0,0.00000,0),(22633,15,'5060',1,'',0.00000,0.00000,300.00000,0,0.00,0.00,0.00,'','0000-00-00','0000-00-00',1,1,1,0,0,0.00000,0),(23745,16,'5060',3,'',0.00000,0.00000,2000.00000,0,0.00,0.00,0.00,'','2012-02-01','0000-00-00',1,1,1,0,0,0.00000,0),(23746,17,'2020',1,'',2000.00000,1.00000,0.00000,0,0.00,0.00,0.00,'','0000-00-00','0000-00-00',1,1,1,0,0,0.00000,0),(23747,17,'2025',1,'',1000.00000,1.00000,0.00000,0,0.00,0.00,0.00,'','0000-00-00','0000-00-00',1,1,1,0,0,0.00000,0),(23748,17,'2030',1,'',1.00000,10000.00000,0.00000,0,0.00,0.00,0.00,'','0000-00-00','0000-00-00',1,1,1,0,0,0.00000,0),(23749,17,'2050',1,'',13000.00000,0.00000,0.00000,0,0.00,0.00,0.00,'','0000-00-00','0000-00-00',1,1,1,0,0,0.00000,0),(23750,17,'5060',1,'',0.00000,0.00000,300.00000,0,0.00,0.00,0.00,'','0000-00-00','0000-00-00',1,1,1,0,0,0.00000,0),(23751,13,'1214',3,'',3200.00000,0.00000,0.00000,0,0.00,0.00,0.00,'','2012-02-01','0000-00-00',1,1,1,0,0,0.00000,0),(23752,13,'5060',1,'',0.00000,0.00000,240.00000,0,0.00,0.00,0.00,'','0000-00-00','0000-00-00',1,1,1,0,0,0.00000,0),(23753,7,'1910',3,'',400.00000,0.00000,0.00000,0,0.00,0.00,0.00,'','2012-02-01','0000-00-00',1,1,1,0,0,0.00000,0),(23754,7,'1950',3,'',1150.00000,0.00000,0.00000,0,0.00,0.00,0.00,'','2012-02-01','0000-00-00',1,1,1,0,0,0.00000,0),(23755,7,'1973',1,'',5000.00000,0.00000,0.00000,0,0.00,0.00,0.00,'','0000-00-00','0000-00-00',1,1,1,0,0,0.00000,0),(23756,7,'5060',1,'',0.00000,0.00000,5200.00000,0,0.00,0.00,0.00,'','0000-00-00','0000-00-00',1,1,1,0,0,0.00000,0),(23757,7,'6002',1,'',750.00000,0.00000,0.00000,0,0.00,0.00,0.00,'','0000-00-00','0000-00-00',1,1,1,0,0,0.00000,0),(23758,7,'6040',1,'',200.00000,0.00000,0.00000,0,0.00,0.00,0.00,'','0000-00-00','0000-00-00',1,1,1,0,0,0.00000,0),(23759,8,'1017',1,'',15000.00000,0.00000,0.00000,0,0.00,0.00,0.00,'','0000-00-00','0000-00-00',1,1,1,0,0,0.00000,0),(23760,8,'1216',1,'',3000.00000,0.00000,0.00000,0,0.00,0.00,0.00,'','0000-00-00','0000-00-00',1,1,1,0,0,0.00000,0),(23761,8,'1410',1,'',6000.00000,0.00000,0.00000,0,0.00,0.00,0.00,'','0000-00-00','0000-00-00',1,1,1,0,0,0.00000,0),(23762,8,'5060',1,'',0.00000,0.00000,120.00000,0,0.00,0.00,0.00,'','0000-00-00','0000-00-00',1,1,1,0,0,0.00000,0),(25002,9,'5060',3,'',0.00000,0.00000,500.00000,0,0.00,0.00,0.00,'','2012-02-01','0000-00-00',1,1,1,0,0,0.00000,0),(25004,6,'5060',3,'',0.00000,0.00000,400.00000,0,0.00,0.00,0.00,'','2012-02-01','0000-00-00',1,1,1,0,0,0.00000,0),(25005,5,'5060',1,'',0.00000,0.00000,1700.00000,0,0.00,0.00,0.00,'','0000-00-00','0000-00-00',1,1,1,0,0,0.00000,0),(26058,30,'1310',1,'',132.00000,0.00000,0.00000,0,0.00,0.00,0.00,'','0000-00-00','0000-00-00',1,1,1,0,0,0.00000,0),(26059,18,'1310',1,'',170.00000,0.00000,0.00000,0,0.00,0.00,0.00,'','0000-00-00','0000-00-00',1,1,1,0,0,0.00000,0),(30122,21,'1001',2,'',0.00000,0.00000,0.00000,0,0.00,0.00,0.00,'','0000-00-00','0000-00-00',1,1,1,0,0,0.00000,0),(30123,5,'1000',2,'',0.00000,0.00000,22000.00000,0,0.00,0.00,0.00,'','0000-00-00','0000-00-00',1,1,1,0,0,0.00000,0),(30124,7,'1000',2,'',0.00000,0.00000,9450.00000,0,0.00,0.00,0.00,'','0000-00-00','0000-00-00',1,1,1,0,0,0.00000,0),(30125,8,'1000',2,'',0.00000,0.00000,1500.00000,0,0.00,0.00,0.00,'','0000-00-00','0000-00-00',1,1,1,0,0,0.00000,0),(30126,9,'1000',2,'',0.00000,0.00000,6400.00000,0,0.00,0.00,0.00,'','0000-00-00','0000-00-00',1,1,1,0,0,0.00000,0),(30127,11,'1000',2,'',0.00000,0.00000,20000.00000,0,0.00,0.00,0.00,'','0000-00-00','0000-00-00',1,1,1,0,0,0.00000,0),(30128,12,'1000',2,'',0.00000,0.00000,5000.00000,0,0.00,0.00,0.00,'','0000-00-00','0000-00-00',1,1,1,0,0,0.00000,0),(30129,13,'1000',2,'',0.00000,0.00000,800.00000,0,0.00,0.00,0.00,'','0000-00-00','0000-00-00',1,1,1,0,0,0.00000,0),(30130,15,'1000',2,'',0.00000,0.00000,4700.00000,0,0.00,0.00,0.00,'','0000-00-00','0000-00-00',1,1,1,0,0,0.00000,0),(30131,16,'1000',2,'',0.00000,0.00000,15000.00000,0,0.00,0.00,0.00,'','0000-00-00','0000-00-00',1,1,1,0,0,0.00000,0),(30132,17,'1000',2,'',0.00000,0.00000,5000.00000,0,0.00,0.00,0.00,'','0000-00-00','0000-00-00',1,1,1,0,0,0.00000,0),(30133,19,'1000',2,'',0.00000,0.00000,5000.00000,0,0.00,0.00,0.00,'','0000-00-00','0000-00-00',1,1,1,0,0,0.00000,0),(30134,20,'1000',2,'',0.00000,0.00000,0.00000,0,0.00,0.00,0.00,'','0000-00-00','0000-00-00',1,1,1,0,0,0.00000,0),(30135,31,'1000',2,'',0.00000,0.00000,3000.00000,0,0.00,0.00,0.00,'','0000-00-00','0000-00-00',1,1,1,0,0,0.00000,0),(30136,32,'1000',2,'',0.00000,0.00000,35000.00000,0,0.00,0.00,0.00,'','0000-00-00','0000-00-00',1,1,1,0,0,0.00000,0),(30137,6,'1005',2,'',0.00000,30.00000,0.00000,0,0.00,0.00,0.00,'','0000-00-00','0000-00-00',1,1,1,0,0,0.00000,0),(30138,18,'1005',2,'',0.00000,30.00000,0.00000,0,0.00,0.00,0.00,'','0000-00-00','0000-00-00',1,1,1,0,0,0.00000,0),(30139,30,'1005',2,'',0.00000,59.30000,0.00000,0,0.00,0.00,0.00,'','0000-00-00','0000-00-00',1,1,1,0,0,0.00000,0),(30140,33,'1005',2,'',0.00000,0.00000,0.00000,0,0.00,0.00,0.00,'','0000-00-00','0000-00-00',1,1,1,0,0,0.00000,0),(30153,5,'5010',8,'',0.00000,5.05000,0.00000,0,0.00,0.00,0.00,'','0000-00-00','0000-00-00',1,1,1,0,0,0.00000,0),(30154,5,'5013',8,'',0.00000,0.00000,0.00000,0,0.00,0.00,0.00,'','0000-00-00','0000-00-00',1,1,1,0,0,0.00000,0),(30155,5,'5020',8,'',0.00000,1.00000,0.00000,0,0.00,0.00,0.00,'','0000-00-00','0000-00-00',1,1,1,0,0,0.00000,0),(30156,5,'5025',8,'',0.00000,0.50000,0.00000,0,0.00,0.00,0.00,'','0000-00-00','0000-00-00',1,1,1,0,0,0.00000,0),(30157,5,'5023',8,'',0.00000,0.00000,0.00000,0,0.00,0.00,0.00,'','0000-00-00','0000-00-00',1,1,1,0,0,0.00000,0),(30158,6,'5010',8,'',0.00000,5.05000,0.00000,0,0.00,0.00,0.00,'','0000-00-00','0000-00-00',1,1,1,0,0,0.00000,0),(30159,6,'5013',8,'',0.00000,0.00000,0.00000,0,0.00,0.00,0.00,'','0000-00-00','0000-00-00',1,1,1,0,0,0.00000,0),(30160,6,'5020',8,'',0.00000,1.00000,0.00000,0,0.00,0.00,0.00,'','0000-00-00','0000-00-00',1,1,1,0,0,0.00000,0),(30161,6,'5025',8,'',0.00000,0.50000,0.00000,0,0.00,0.00,0.00,'','0000-00-00','0000-00-00',1,1,1,0,0,0.00000,0),(30162,6,'5023',8,'',0.00000,0.00000,0.00000,0,0.00,0.00,0.00,'','0000-00-00','0000-00-00',1,1,1,0,0,0.00000,0),(30163,7,'5010',8,'',0.00000,5.05000,0.00000,0,0.00,0.00,0.00,'','0000-00-00','0000-00-00',1,1,1,0,0,0.00000,0),(30164,7,'5013',8,'',0.00000,0.00000,0.00000,0,0.00,0.00,0.00,'','0000-00-00','0000-00-00',1,1,1,0,0,0.00000,0),(30165,7,'5020',8,'',0.00000,1.00000,0.00000,0,0.00,0.00,0.00,'','0000-00-00','0000-00-00',1,1,1,0,0,0.00000,0),(30166,7,'5025',8,'',0.00000,0.50000,0.00000,0,0.00,0.00,0.00,'','0000-00-00','0000-00-00',1,1,1,0,0,0.00000,0),(30167,7,'5023',8,'',0.00000,0.00000,0.00000,0,0.00,0.00,0.00,'','0000-00-00','0000-00-00',1,1,1,0,0,0.00000,0),(30168,8,'5010',8,'',0.00000,5.05000,0.00000,0,0.00,0.00,0.00,'','0000-00-00','0000-00-00',1,1,1,0,0,0.00000,0),(30169,8,'5013',8,'',0.00000,0.00000,0.00000,0,0.00,0.00,0.00,'','0000-00-00','0000-00-00',1,1,1,0,0,0.00000,0),(30170,8,'5020',8,'',0.00000,1.00000,0.00000,0,0.00,0.00,0.00,'','0000-00-00','0000-00-00',1,1,1,0,0,0.00000,0),(30171,8,'5025',8,'',0.00000,0.50000,0.00000,0,0.00,0.00,0.00,'','0000-00-00','0000-00-00',1,1,1,0,0,0.00000,0),(30172,8,'5023',8,'',0.00000,0.00000,0.00000,0,0.00,0.00,0.00,'','0000-00-00','0000-00-00',1,1,1,0,0,0.00000,0),(30173,9,'5010',8,'',0.00000,5.05000,0.00000,0,0.00,0.00,0.00,'','0000-00-00','0000-00-00',1,1,1,0,0,0.00000,0),(30174,9,'5013',8,'',0.00000,0.00000,0.00000,0,0.00,0.00,0.00,'','0000-00-00','0000-00-00',1,1,1,0,0,0.00000,0),(30175,9,'5020',8,'',0.00000,1.00000,0.00000,0,0.00,0.00,0.00,'','0000-00-00','0000-00-00',1,1,1,0,0,0.00000,0),(30176,9,'5025',8,'',0.00000,0.50000,0.00000,0,0.00,0.00,0.00,'','0000-00-00','0000-00-00',1,1,1,0,0,0.00000,0),(30177,9,'5023',8,'',0.00000,0.00000,0.00000,0,0.00,0.00,0.00,'','0000-00-00','0000-00-00',1,1,1,0,0,0.00000,0),(30178,10,'5010',8,'',0.00000,5.05000,0.00000,0,0.00,0.00,2800.00,'','0000-00-00','0000-00-00',1,1,1,0,0,0.00000,1),(30179,10,'5013',8,'',0.00000,0.00000,0.00000,0,0.00,0.00,0.00,'','0000-00-00','0000-00-00',1,1,1,0,0,0.00000,0),(30180,11,'5010',8,'',0.00000,5.05000,0.00000,0,0.00,0.00,0.00,'','0000-00-00','0000-00-00',1,1,1,0,0,0.00000,0),(30181,11,'5013',8,'',0.00000,0.00000,0.00000,0,0.00,0.00,0.00,'','0000-00-00','0000-00-00',1,1,1,0,0,0.00000,0),(30182,11,'5020',8,'',0.00000,1.00000,0.00000,0,0.00,0.00,0.00,'','0000-00-00','0000-00-00',1,1,1,0,0,0.00000,0),(30183,11,'5025',8,'',0.00000,0.50000,0.00000,0,0.00,0.00,0.00,'','0000-00-00','0000-00-00',1,1,1,0,0,0.00000,0),(30184,11,'5023',8,'',0.00000,0.00000,0.00000,0,0.00,0.00,0.00,'','0000-00-00','0000-00-00',1,1,1,0,0,0.00000,0),(30185,12,'5010',8,'',0.00000,5.05000,0.00000,0,0.00,0.00,0.00,'','0000-00-00','0000-00-00',1,1,1,0,0,0.00000,0),(30186,12,'5013',8,'',0.00000,0.00000,0.00000,0,0.00,0.00,0.00,'','0000-00-00','0000-00-00',1,1,1,0,0,0.00000,0),(30187,12,'5020',8,'',0.00000,1.00000,0.00000,0,0.00,0.00,0.00,'','0000-00-00','0000-00-00',1,1,1,0,0,0.00000,0),(30188,12,'5025',8,'',0.00000,0.50000,0.00000,0,0.00,0.00,0.00,'','0000-00-00','0000-00-00',1,1,1,0,0,0.00000,0),(30189,12,'5023',8,'',0.00000,0.00000,0.00000,0,0.00,0.00,0.00,'','0000-00-00','0000-00-00',1,1,1,0,0,0.00000,0),(30190,13,'5010',8,'',0.00000,5.05000,0.00000,0,0.00,0.00,0.00,'','0000-00-00','0000-00-00',1,1,1,0,0,0.00000,0),(30191,13,'5013',8,'',0.00000,0.00000,0.00000,0,0.00,0.00,0.00,'','0000-00-00','0000-00-00',1,1,1,0,0,0.00000,0),(30192,13,'5020',8,'',0.00000,1.00000,0.00000,0,0.00,0.00,0.00,'','0000-00-00','0000-00-00',1,1,1,0,0,0.00000,0),(30193,13,'5025',8,'',0.00000,0.50000,0.00000,0,0.00,0.00,0.00,'','0000-00-00','0000-00-00',1,1,1,0,0,0.00000,0),(30194,13,'5023',8,'',0.00000,0.00000,0.00000,0,0.00,0.00,0.00,'','0000-00-00','0000-00-00',1,1,1,0,0,0.00000,0),(30195,15,'5010',8,'',0.00000,5.05000,0.00000,0,0.00,0.00,0.00,'','0000-00-00','0000-00-00',1,1,1,0,0,0.00000,0),(30196,15,'5013',8,'',0.00000,0.00000,0.00000,0,0.00,0.00,0.00,'','0000-00-00','0000-00-00',1,1,1,0,0,0.00000,0),(30197,15,'5020',8,'',0.00000,1.00000,0.00000,0,0.00,0.00,0.00,'','0000-00-00','0000-00-00',1,1,1,0,0,0.00000,0),(30198,15,'5025',8,'',0.00000,0.50000,0.00000,0,0.00,0.00,0.00,'','0000-00-00','0000-00-00',1,1,1,0,0,0.00000,0),(30199,15,'5023',8,'',0.00000,0.00000,0.00000,0,0.00,0.00,0.00,'','0000-00-00','0000-00-00',1,1,1,0,0,0.00000,0),(30200,16,'5010',8,'',0.00000,5.05000,0.00000,0,0.00,0.00,0.00,'','0000-00-00','0000-00-00',1,1,1,0,0,0.00000,0),(30201,16,'5013',8,'',0.00000,0.00000,0.00000,0,0.00,0.00,0.00,'','0000-00-00','0000-00-00',1,1,1,0,0,0.00000,0),(30202,16,'5020',8,'',0.00000,1.00000,0.00000,0,0.00,0.00,0.00,'','0000-00-00','0000-00-00',1,1,1,0,0,0.00000,0),(30203,16,'5025',8,'',0.00000,0.50000,0.00000,0,0.00,0.00,0.00,'','0000-00-00','0000-00-00',1,1,1,0,0,0.00000,0),(30204,16,'5023',8,'',0.00000,0.00000,0.00000,0,0.00,0.00,0.00,'','0000-00-00','0000-00-00',1,1,1,0,0,0.00000,0),(30205,17,'5010',8,'',0.00000,5.05000,0.00000,0,0.00,0.00,0.00,'','0000-00-00','0000-00-00',1,1,1,0,0,0.00000,0),(30206,17,'5013',8,'',0.00000,0.00000,0.00000,0,0.00,0.00,0.00,'','0000-00-00','0000-00-00',1,1,1,0,0,0.00000,0),(30207,17,'5020',8,'',0.00000,1.00000,0.00000,0,0.00,0.00,0.00,'','0000-00-00','0000-00-00',1,1,1,0,0,0.00000,0),(30208,17,'5025',8,'',0.00000,0.50000,0.00000,0,0.00,0.00,0.00,'','0000-00-00','0000-00-00',1,1,1,0,0,0.00000,0),(30209,17,'5023',8,'',0.00000,0.00000,0.00000,0,0.00,0.00,0.00,'','0000-00-00','0000-00-00',1,1,1,0,0,0.00000,0),(30210,18,'5010',8,'',0.00000,5.05000,0.00000,0,0.00,0.00,0.00,'','0000-00-00','0000-00-00',1,1,1,0,0,0.00000,0),(30211,18,'5013',8,'',0.00000,0.00000,0.00000,0,0.00,0.00,0.00,'','0000-00-00','0000-00-00',1,1,1,0,0,0.00000,0),(30212,18,'5020',8,'',0.00000,1.00000,0.00000,0,0.00,0.00,0.00,'','0000-00-00','0000-00-00',1,1,1,0,0,0.00000,0),(30213,18,'5025',8,'',0.00000,0.50000,0.00000,0,0.00,0.00,0.00,'','0000-00-00','0000-00-00',1,1,1,0,0,0.00000,0),(30214,18,'5023',8,'',0.00000,0.00000,0.00000,0,0.00,0.00,0.00,'','0000-00-00','0000-00-00',1,1,1,0,0,0.00000,0),(30215,21,'5010',8,'',0.00000,5.05000,0.00000,0,0.00,0.00,0.00,'','0000-00-00','0000-00-00',1,1,1,0,0,0.00000,0),(30216,21,'5013',8,'',0.00000,0.00000,0.00000,0,0.00,0.00,0.00,'','0000-00-00','0000-00-00',1,1,1,0,0,0.00000,0),(30217,21,'5020',8,'',0.00000,1.00000,0.00000,0,0.00,0.00,0.00,'','0000-00-00','0000-00-00',1,1,1,0,0,0.00000,0),(30218,21,'5025',8,'',0.00000,0.50000,0.00000,0,0.00,0.00,0.00,'','0000-00-00','0000-00-00',1,1,1,0,0,0.00000,0),(30219,21,'5023',8,'',0.00000,0.00000,0.00000,0,0.00,0.00,0.00,'','0000-00-00','0000-00-00',1,1,1,0,0,0.00000,0),(30220,30,'5010',8,'',0.00000,5.05000,0.00000,0,0.00,0.00,1400.00,'','0000-00-00','0000-00-00',1,1,1,0,0,0.00000,1),(30221,30,'5013',8,'',0.00000,0.00000,0.00000,0,0.00,0.00,0.00,'','0000-00-00','0000-00-00',1,1,1,0,0,0.00000,0),(30222,31,'5010',8,'',0.00000,5.05000,0.00000,0,0.00,0.00,0.00,'','0000-00-00','0000-00-00',1,1,1,0,0,0.00000,0),(30223,31,'5013',8,'',0.00000,0.00000,0.00000,0,0.00,0.00,0.00,'','0000-00-00','0000-00-00',1,1,1,0,0,0.00000,0),(30224,31,'5020',8,'',0.00000,1.00000,0.00000,0,0.00,0.00,0.00,'','0000-00-00','0000-00-00',1,1,1,0,0,0.00000,0),(30225,31,'5025',8,'',0.00000,0.50000,0.00000,0,0.00,0.00,0.00,'','0000-00-00','0000-00-00',1,1,1,0,0,0.00000,0),(30226,31,'5023',8,'',0.00000,0.00000,0.00000,0,0.00,0.00,0.00,'','0000-00-00','0000-00-00',1,1,1,0,0,0.00000,0),(30227,32,'5010',8,'',0.00000,5.05000,0.00000,0,0.00,0.00,0.00,'','0000-00-00','0000-00-00',1,1,1,0,0,0.00000,0),(30228,32,'5013',8,'',0.00000,0.00000,0.00000,0,0.00,0.00,0.00,'','0000-00-00','0000-00-00',1,1,1,0,0,0.00000,0),(30229,32,'5020',8,'',0.00000,1.00000,0.00000,0,0.00,0.00,0.00,'','0000-00-00','0000-00-00',1,1,1,0,0,0.00000,0),(30230,32,'5025',8,'',0.00000,0.50000,0.00000,0,0.00,0.00,0.00,'','0000-00-00','0000-00-00',1,1,1,0,0,0.00000,0),(30231,32,'5023',8,'',0.00000,0.00000,0.00000,0,0.00,0.00,0.00,'','0000-00-00','0000-00-00',1,1,1,0,0,0.00000,0),(30232,33,'5010',8,'',0.00000,5.05000,0.00000,0,0.00,0.00,0.00,'','0000-00-00','0000-00-00',1,1,1,0,0,0.00000,0),(30233,33,'5013',8,'',0.00000,0.00000,0.00000,0,0.00,0.00,0.00,'','0000-00-00','0000-00-00',1,1,1,0,0,0.00000,0),(30234,33,'5020',8,'',0.00000,1.00000,0.00000,0,0.00,0.00,0.00,'','0000-00-00','0000-00-00',1,1,1,0,0,0.00000,0),(30235,33,'5025',8,'',0.00000,0.50000,0.00000,0,0.00,0.00,0.00,'','0000-00-00','0000-00-00',1,1,1,0,0,0.00000,0),(30236,33,'5023',8,'',0.00000,0.00000,0.00000,0,0.00,0.00,0.00,'','0000-00-00','0000-00-00',1,1,1,0,0,0.00000,0),(30280,5,'5030',8,'',0.00000,1.46000,0.00000,0,0.00,0.00,0.00,'','0000-00-00','0000-00-00',1,1,1,0,0,0.00000,0),(30281,5,'5035',8,'',0.00000,0.60900,0.00000,0,0.00,0.00,0.00,'','0000-00-00','0000-00-00',1,1,1,0,0,0.00000,0),(30282,5,'5039',8,'',0.00000,1.00000,0.00000,0,0.00,0.00,0.00,'','0000-00-00','0000-00-00',1,1,1,0,0,0.00000,0),(30283,6,'5032',8,'',0.00000,1.19000,0.00000,0,0.00,0.00,0.00,'','0000-00-00','0000-00-00',1,1,1,0,0,0.00000,0),(30284,6,'5037',8,'',0.00000,0.53000,0.00000,0,0.00,0.00,0.00,'','0000-00-00','0000-00-00',1,1,1,0,0,0.00000,0),(30285,6,'5039',8,'',0.00000,1.00000,0.00000,0,0.00,0.00,0.00,'','0000-00-00','0000-00-00',1,1,1,0,0,0.00000,0),(30286,7,'5030',8,'',0.00000,1.46000,0.00000,0,0.00,0.00,0.00,'','0000-00-00','0000-00-00',1,1,1,0,0,0.00000,0),(30287,7,'5035',8,'',0.00000,0.60900,0.00000,0,0.00,0.00,0.00,'','0000-00-00','0000-00-00',1,1,1,0,0,0.00000,0),(30288,7,'5039',8,'',0.00000,1.00000,0.00000,0,0.00,0.00,0.00,'','0000-00-00','0000-00-00',1,1,1,0,0,0.00000,0),(30289,8,'5032',8,'',0.00000,1.19000,0.00000,0,0.00,0.00,0.00,'','0000-00-00','0000-00-00',1,1,1,0,0,0.00000,0),(30290,8,'5037',8,'',0.00000,0.53000,0.00000,0,0.00,0.00,0.00,'','0000-00-00','0000-00-00',1,1,1,0,0,0.00000,0),(30291,8,'5039',8,'',0.00000,1.00000,0.00000,0,0.00,0.00,0.00,'','0000-00-00','0000-00-00',1,1,1,0,0,0.00000,0),(30292,9,'5030',8,'',0.00000,1.46000,0.00000,0,0.00,0.00,0.00,'','0000-00-00','0000-00-00',1,1,1,0,0,0.00000,0),(30293,9,'5035',8,'',0.00000,0.60900,0.00000,0,0.00,0.00,0.00,'','0000-00-00','0000-00-00',1,1,1,0,0,0.00000,0),(30294,9,'5039',8,'',0.00000,1.00000,0.00000,0,0.00,0.00,0.00,'','0000-00-00','0000-00-00',1,1,1,0,0,0.00000,0),(30295,10,'5037',8,'',0.00000,0.53000,0.00000,0,0.00,0.00,0.00,'','0000-00-00','0000-00-00',1,1,1,0,0,0.00000,0),(30296,11,'5032',8,'',0.00000,1.19000,0.00000,0,0.00,0.00,0.00,'','0000-00-00','0000-00-00',1,1,1,0,0,0.00000,0),(30297,11,'5037',8,'',0.00000,0.53000,0.00000,0,0.00,0.00,0.00,'','0000-00-00','0000-00-00',1,1,1,0,0,0.00000,0),(30298,11,'5039',8,'',0.00000,1.00000,0.00000,0,0.00,0.00,0.00,'','0000-00-00','0000-00-00',1,1,1,0,0,0.00000,0),(30299,12,'5030',8,'',0.00000,1.46000,0.00000,0,0.00,0.00,0.00,'','0000-00-00','0000-00-00',1,1,1,0,0,0.00000,0),(30300,12,'5035',8,'',0.00000,0.60900,0.00000,0,0.00,0.00,0.00,'','0000-00-00','0000-00-00',1,1,1,0,0,0.00000,0),(30301,12,'5039',8,'',0.00000,1.00000,0.00000,0,0.00,0.00,0.00,'','0000-00-00','0000-00-00',1,1,1,0,0,0.00000,0),(30302,13,'5030',8,'',0.00000,1.46000,0.00000,0,0.00,0.00,0.00,'','0000-00-00','0000-00-00',1,1,1,0,0,0.00000,0),(30303,13,'5035',8,'',0.00000,0.60900,0.00000,0,0.00,0.00,0.00,'','0000-00-00','0000-00-00',1,1,1,0,0,0.00000,0),(30304,13,'5039',8,'',0.00000,1.00000,0.00000,0,0.00,0.00,0.00,'','0000-00-00','0000-00-00',1,1,1,0,0,0.00000,0),(30305,15,'5032',8,'',0.00000,1.19000,0.00000,0,0.00,0.00,0.00,'','0000-00-00','0000-00-00',1,1,1,0,0,0.00000,0),(30306,15,'5037',8,'',0.00000,0.53000,0.00000,0,0.00,0.00,0.00,'','0000-00-00','0000-00-00',1,1,1,0,0,0.00000,0),(30307,15,'5039',8,'',0.00000,1.00000,0.00000,0,0.00,0.00,0.00,'','0000-00-00','0000-00-00',1,1,1,0,0,0.00000,0),(30308,16,'5039',8,'',0.00000,0.00000,0.00000,0,0.00,0.00,0.00,'','0000-00-00','0000-00-00',1,1,1,0,0,0.00000,0),(30309,16,'5030',8,'',0.00000,1.46000,0.00000,0,0.00,0.00,0.00,'','0000-00-00','0000-00-00',1,1,1,0,0,0.00000,0),(30310,16,'5035',8,'',0.00000,0.60900,0.00000,0,0.00,0.00,0.00,'','0000-00-00','0000-00-00',1,1,1,0,0,0.00000,0),(30311,17,'5032',8,'',0.00000,1.19000,0.00000,0,0.00,0.00,0.00,'','0000-00-00','0000-00-00',1,1,1,0,0,0.00000,0),(30312,17,'5037',8,'',0.00000,0.53000,0.00000,0,0.00,0.00,0.00,'','0000-00-00','0000-00-00',1,1,1,0,0,0.00000,0),(30313,17,'5039',8,'',0.00000,1.00000,0.00000,0,0.00,0.00,0.00,'','0000-00-00','0000-00-00',1,1,1,0,0,0.00000,0),(30314,18,'5032',8,'',0.00000,1.19000,0.00000,0,0.00,0.00,0.00,'','0000-00-00','0000-00-00',1,1,1,0,0,0.00000,0),(30315,18,'5037',8,'',0.00000,0.53000,0.00000,0,0.00,0.00,0.00,'','0000-00-00','0000-00-00',1,1,1,0,0,0.00000,0),(30316,18,'5039',8,'',0.00000,1.00000,0.00000,0,0.00,0.00,0.00,'','0000-00-00','0000-00-00',1,1,1,0,0,0.00000,0),(30317,19,'5032',8,'',0.00000,1.19000,0.00000,0,0.00,0.00,0.00,'','0000-00-00','0000-00-00',1,1,1,0,0,0.00000,0),(30318,19,'5037',8,'',0.00000,0.53000,0.00000,0,0.00,0.00,0.00,'','0000-00-00','0000-00-00',1,1,1,0,0,0.00000,0),(30319,19,'5039',8,'',0.00000,1.00000,0.00000,0,0.00,0.00,0.00,'','0000-00-00','0000-00-00',1,1,1,0,0,0.00000,0),(30320,30,'5030',8,'',0.00000,1.46000,0.00000,0,0.00,0.00,0.00,'','0000-00-00','0000-00-00',1,1,1,0,0,0.00000,0),(30321,30,'5035',8,'',0.00000,0.60900,0.00000,0,0.00,0.00,0.00,'','0000-00-00','0000-00-00',1,1,1,0,0,0.00000,0),(30322,30,'5039',8,'',0.00000,1.00000,0.00000,0,0.00,0.00,0.00,'','0000-00-00','0000-00-00',1,1,1,0,0,0.00000,0),(30323,31,'5039',8,'',0.00000,0.00000,0.00000,0,0.00,0.00,0.00,'','0000-00-00','0000-00-00',1,1,1,0,0,0.00000,0),(30324,31,'5030',8,'',0.00000,1.46000,0.00000,0,0.00,0.00,0.00,'','0000-00-00','0000-00-00',1,1,1,0,0,0.00000,0),(30325,31,'5035',8,'',0.00000,0.60900,0.00000,0,0.00,0.00,0.00,'','0000-00-00','0000-00-00',1,1,1,0,0,0.00000,0),(30326,32,'5030',8,'',0.00000,1.46000,0.00000,0,0.00,0.00,0.00,'','0000-00-00','0000-00-00',1,1,1,0,0,0.00000,0),(30327,32,'5035',8,'',0.00000,0.60900,0.00000,0,0.00,0.00,0.00,'','0000-00-00','0000-00-00',1,1,1,0,0,0.00000,0),(30328,32,'5039',8,'',0.00000,1.00000,0.00000,0,0.00,0.00,0.00,'','0000-00-00','0000-00-00',1,1,1,0,0,0.00000,0),(30329,33,'5035',8,'',0.00000,0.60900,0.00000,0,0.00,0.00,0.00,'','0000-00-00','0000-00-00',1,1,1,0,0,0.00000,0),(30343,5,'5041',8,'',0.00000,0.63400,0.00000,0,0.00,0.00,0.00,'','0000-00-00','0000-00-00',1,1,1,0,0,0.00000,0),(30344,5,'5051',8,'',0.00000,0.72000,0.00000,0,0.00,0.00,0.00,'','0000-00-00','0000-00-00',1,1,1,0,0,0.00000,0),(30345,6,'5040',8,'',0.00000,0.20100,0.00000,0,0.00,0.00,0.00,'','0000-00-00','0000-00-00',1,1,1,0,0,0.00000,0),(30346,6,'5050',8,'',0.00000,0.61000,0.00000,0,0.00,0.00,0.00,'','0000-00-00','0000-00-00',1,1,1,0,0,0.00000,0),(30347,7,'5040',8,'',0.00000,0.20100,0.00000,0,0.00,0.00,0.00,'','0000-00-00','0000-00-00',1,1,1,0,0,0.00000,0),(30348,7,'5041',8,'',0.00000,0.63400,0.00000,0,0.00,0.00,0.00,'','0000-00-00','0000-00-00',1,1,1,0,0,0.00000,0),(30349,7,'5051',8,'',0.00000,0.72000,0.00000,0,0.00,0.00,0.00,'','0000-00-00','0000-00-00',1,1,1,0,0,0.00000,0),(30350,8,'5041',8,'',0.00000,0.63400,0.00000,0,0.00,0.00,0.00,'','0000-00-00','0000-00-00',1,1,1,0,0,0.00000,0),(30351,8,'5051',8,'',0.00000,0.72000,0.00000,0,0.00,0.00,0.00,'','0000-00-00','0000-00-00',1,1,1,0,0,0.00000,0),(30352,9,'5040',8,'',0.00000,0.20100,0.00000,0,0.00,0.00,0.00,'','0000-00-00','0000-00-00',1,1,1,0,0,0.00000,0),(30353,9,'5050',8,'',0.00000,0.54300,0.00000,0,0.00,0.00,0.00,'','0000-00-00','0000-00-00',1,1,1,0,0,0.00000,0),(30354,10,'5051',8,'',0.00000,0.67800,0.00000,0,0.00,0.00,0.00,'','0000-00-00','0000-00-00',1,1,1,0,0,0.00000,0),(30355,11,'5041',8,'',0.00000,0.63400,0.00000,0,0.00,0.00,0.00,'','0000-00-00','0000-00-00',1,1,1,0,0,0.00000,0),(30356,11,'5050',8,'',0.00000,0.61000,0.00000,0,0.00,0.00,0.00,'','0000-00-00','0000-00-00',1,1,1,0,0,0.00000,0),(30357,12,'5040',8,'',0.00000,0.20100,0.00000,0,0.00,0.00,0.00,'','0000-00-00','0000-00-00',1,1,1,0,0,0.00000,0),(30358,12,'5050',8,'',0.00000,0.54300,0.00000,0,0.00,0.00,0.00,'','0000-00-00','0000-00-00',1,1,1,0,0,0.00000,0),(30359,13,'5040',8,'',0.00000,0.20100,0.00000,0,0.00,0.00,0.00,'','0000-00-00','0000-00-00',1,1,1,0,0,0.00000,0),(30360,13,'5050',8,'',0.00000,0.61000,0.00000,0,0.00,0.00,0.00,'','0000-00-00','0000-00-00',1,1,1,0,0,0.00000,0),(30361,15,'5040',8,'',0.00000,0.20100,0.00000,0,0.00,0.00,0.00,'','0000-00-00','0000-00-00',1,1,1,0,0,0.00000,0),(30362,15,'5050',8,'',0.00000,0.61000,0.00000,0,0.00,0.00,0.00,'','0000-00-00','0000-00-00',1,1,1,0,0,0.00000,0),(30363,16,'5040',8,'',0.00000,0.20100,0.00000,0,0.00,0.00,0.00,'','0000-00-00','0000-00-00',1,1,1,0,0,0.00000,0),(30364,16,'5050',8,'',0.00000,0.54300,0.00000,0,0.00,0.00,0.00,'','0000-00-00','0000-00-00',1,1,1,0,0,0.00000,0),(30365,17,'5040',8,'',0.00000,0.20100,0.00000,0,0.00,0.00,0.00,'','0000-00-00','0000-00-00',1,1,1,0,0,0.00000,0),(30366,17,'5050',8,'',0.00000,0.54300,0.00000,0,0.00,0.00,0.00,'','0000-00-00','0000-00-00',1,1,1,0,0,0.00000,0),(30367,18,'5040',8,'',0.00000,0.20100,0.00000,0,0.00,0.00,0.00,'','0000-00-00','0000-00-00',1,1,1,0,0,0.00000,0),(30368,18,'5050',8,'',0.00000,0.61000,0.00000,0,0.00,0.00,0.00,'','0000-00-00','0000-00-00',1,1,1,0,0,0.00000,0),(30369,19,'5040',8,'',0.00000,0.20100,0.00000,0,0.00,0.00,0.00,'','0000-00-00','0000-00-00',1,1,1,0,0,0.00000,0),(30370,21,'5051',8,'',0.00000,0.67800,0.00000,0,0.00,0.00,0.00,'','0000-00-00','0000-00-00',1,1,1,0,0,0.00000,0),(30371,30,'5041',8,'',0.00000,0.63400,0.00000,0,0.00,0.00,0.00,'','0000-00-00','0000-00-00',1,1,1,0,0,0.00000,0),(30372,31,'5041',8,'',0.00000,0.63400,0.00000,0,0.00,0.00,0.00,'','0000-00-00','0000-00-00',1,1,1,0,0,0.00000,0),(30373,31,'5051',8,'',0.00000,0.67800,0.00000,0,0.00,0.00,0.00,'','0000-00-00','0000-00-00',1,1,1,0,0,0.00000,0),(30374,32,'5040',8,'',0.00000,0.20100,0.00000,0,0.00,0.00,0.00,'','0000-00-00','0000-00-00',1,1,1,0,0,0.00000,0),(30375,33,'5040',8,'',0.00000,0.20100,0.00000,0,0.00,0.00,0.00,'','0000-00-00','0000-00-00',1,1,1,0,0,0.00000,0),(30406,5,'9120',8,'',0.00000,0.00000,0.00000,0,0.00,0.00,0.00,'','0000-00-00','0000-00-00',1,1,1,0,0,0.00000,0),(30407,5,'9130',8,'',0.00000,0.00000,0.00000,0,0.00,0.00,0.00,'','0000-00-00','0000-00-00',1,1,1,0,0,0.00000,0),(30408,5,'9141',8,'',0.00000,0.00000,0.00000,0,0.00,0.00,0.00,'','0000-00-00','0000-00-00',1,1,1,0,0,0.00000,0),(30409,5,'9151',8,'',0.00000,0.00000,0.00000,0,0.00,0.00,0.00,'','0000-00-00','0000-00-00',1,1,1,0,0,0.00000,0),(30410,6,'9120',8,'',0.00000,0.00000,0.00000,0,0.00,0.00,0.00,'','0000-00-00','0000-00-00',1,1,1,0,0,0.00000,0),(30411,6,'9132',8,'',0.00000,0.00000,0.00000,0,0.00,0.00,0.00,'','0000-00-00','0000-00-00',1,1,1,0,0,0.00000,0),(30412,6,'9140',8,'',0.00000,0.00000,0.00000,0,0.00,0.00,0.00,'','0000-00-00','0000-00-00',1,1,1,0,0,0.00000,0),(30413,6,'9150',8,'',0.00000,0.00000,0.00000,0,0.00,0.00,0.00,'','0000-00-00','0000-00-00',1,1,1,0,0,0.00000,0),(30414,7,'9120',8,'',0.00000,0.00000,0.00000,0,0.00,0.00,0.00,'','0000-00-00','0000-00-00',1,1,1,0,0,0.00000,0),(30415,7,'9130',8,'',0.00000,0.00000,0.00000,0,0.00,0.00,0.00,'','0000-00-00','0000-00-00',1,1,1,0,0,0.00000,0),(30416,7,'9140',8,'',0.00000,0.00000,0.00000,0,0.00,0.00,0.00,'','0000-00-00','0000-00-00',1,1,1,0,0,0.00000,0),(30417,7,'9141',8,'',0.00000,0.00000,0.00000,0,0.00,0.00,0.00,'','0000-00-00','0000-00-00',1,1,1,0,0,0.00000,0),(30418,7,'9151',8,'',0.00000,0.00000,0.00000,0,0.00,0.00,0.00,'','0000-00-00','0000-00-00',1,1,1,0,0,0.00000,0),(30419,8,'9120',8,'',0.00000,0.00000,0.00000,0,0.00,0.00,0.00,'','0000-00-00','0000-00-00',1,1,1,0,0,0.00000,0),(30420,8,'9132',8,'',0.00000,0.00000,0.00000,0,0.00,0.00,0.00,'','0000-00-00','0000-00-00',1,1,1,0,0,0.00000,0),(30421,8,'9141',8,'',0.00000,0.00000,0.00000,0,0.00,0.00,0.00,'','0000-00-00','0000-00-00',1,1,1,0,0,0.00000,0),(30422,8,'9151',8,'',0.00000,0.00000,0.00000,0,0.00,0.00,0.00,'','0000-00-00','0000-00-00',1,1,1,0,0,0.00000,0),(30423,9,'9120',8,'',0.00000,0.00000,0.00000,0,0.00,0.00,0.00,'','0000-00-00','0000-00-00',1,1,1,0,0,0.00000,0),(30424,9,'9130',8,'',0.00000,0.00000,0.00000,0,0.00,0.00,0.00,'','0000-00-00','0000-00-00',1,1,1,0,0,0.00000,0),(30425,9,'9140',8,'',0.00000,0.00000,0.00000,0,0.00,0.00,0.00,'','0000-00-00','0000-00-00',1,1,1,0,0,0.00000,0),(30426,9,'9150',8,'',0.00000,0.00000,0.00000,0,0.00,0.00,0.00,'','0000-00-00','0000-00-00',1,1,1,0,0,0.00000,0),(30427,10,'9132',8,'',0.00000,0.00000,0.00000,0,0.00,0.00,0.00,'','0000-00-00','0000-00-00',1,1,1,0,0,0.00000,0),(30428,10,'9151',8,'',0.00000,0.00000,0.00000,0,0.00,0.00,0.00,'','0000-00-00','0000-00-00',1,1,1,0,0,0.00000,0),(30429,11,'9120',8,'',0.00000,0.00000,0.00000,0,0.00,0.00,0.00,'','0000-00-00','0000-00-00',1,1,1,0,0,0.00000,0),(30430,11,'9132',8,'',0.00000,0.00000,0.00000,0,0.00,0.00,0.00,'','0000-00-00','0000-00-00',1,1,1,0,0,0.00000,0),(30431,11,'9141',8,'',0.00000,0.00000,0.00000,0,0.00,0.00,0.00,'','0000-00-00','0000-00-00',1,1,1,0,0,0.00000,0),(30432,11,'9150',8,'',0.00000,0.00000,0.00000,0,0.00,0.00,0.00,'','0000-00-00','0000-00-00',1,1,1,0,0,0.00000,0),(30433,12,'9120',8,'',0.00000,0.00000,0.00000,0,0.00,0.00,0.00,'','0000-00-00','0000-00-00',1,1,1,0,0,0.00000,0),(30434,12,'9130',8,'',0.00000,0.00000,0.00000,0,0.00,0.00,0.00,'','0000-00-00','0000-00-00',1,1,1,0,0,0.00000,0),(30435,12,'9140',8,'',0.00000,0.00000,0.00000,0,0.00,0.00,0.00,'','0000-00-00','0000-00-00',1,1,1,0,0,0.00000,0),(30436,12,'9150',8,'',0.00000,0.00000,0.00000,0,0.00,0.00,0.00,'','0000-00-00','0000-00-00',1,1,1,0,0,0.00000,0),(30437,13,'9120',8,'',0.00000,0.00000,0.00000,0,0.00,0.00,0.00,'','0000-00-00','0000-00-00',1,1,1,0,0,0.00000,0),(30438,13,'9130',8,'',0.00000,0.00000,0.00000,0,0.00,0.00,0.00,'','0000-00-00','0000-00-00',1,1,1,0,0,0.00000,0),(30439,13,'9140',8,'',0.00000,0.00000,0.00000,0,0.00,0.00,0.00,'','0000-00-00','0000-00-00',1,1,1,0,0,0.00000,0),(30440,13,'9150',8,'',0.00000,0.00000,0.00000,0,0.00,0.00,0.00,'','0000-00-00','0000-00-00',1,1,1,0,0,0.00000,0),(30441,15,'9120',8,'',0.00000,0.00000,0.00000,0,0.00,0.00,0.00,'','0000-00-00','0000-00-00',1,1,1,0,0,0.00000,0),(30442,15,'9132',8,'',0.00000,0.00000,0.00000,0,0.00,0.00,0.00,'','0000-00-00','0000-00-00',1,1,1,0,0,0.00000,0),(30443,15,'9140',8,'',0.00000,0.00000,0.00000,0,0.00,0.00,0.00,'','0000-00-00','0000-00-00',1,1,1,0,0,0.00000,0),(30444,15,'9150',8,'',0.00000,0.00000,0.00000,0,0.00,0.00,0.00,'','0000-00-00','0000-00-00',1,1,1,0,0,0.00000,0),(30445,16,'9120',8,'',0.00000,0.00000,0.00000,0,0.00,0.00,0.00,'','0000-00-00','0000-00-00',1,1,1,0,0,0.00000,0),(30446,16,'9130',8,'',0.00000,0.00000,0.00000,0,0.00,0.00,0.00,'','0000-00-00','0000-00-00',1,1,1,0,0,0.00000,0),(30447,16,'9140',8,'',0.00000,0.00000,0.00000,0,0.00,0.00,0.00,'','0000-00-00','0000-00-00',1,1,1,0,0,0.00000,0),(30448,16,'9150',8,'',0.00000,0.00000,0.00000,0,0.00,0.00,0.00,'','0000-00-00','0000-00-00',1,1,1,0,0,0.00000,0),(30449,17,'9120',8,'',0.00000,0.00000,0.00000,0,0.00,0.00,0.00,'','0000-00-00','0000-00-00',1,1,1,0,0,0.00000,0),(30450,17,'9132',8,'',0.00000,0.00000,0.00000,0,0.00,0.00,0.00,'','0000-00-00','0000-00-00',1,1,1,0,0,0.00000,0),(30451,17,'9140',8,'',0.00000,0.00000,0.00000,0,0.00,0.00,0.00,'','0000-00-00','0000-00-00',1,1,1,0,0,0.00000,0),(30452,17,'9150',8,'',0.00000,0.00000,0.00000,0,0.00,0.00,0.00,'','0000-00-00','0000-00-00',1,1,1,0,0,0.00000,0),(30453,18,'9120',8,'',0.00000,0.00000,0.00000,0,0.00,0.00,0.00,'','0000-00-00','0000-00-00',1,1,1,0,0,0.00000,0),(30454,18,'9132',8,'',0.00000,0.00000,0.00000,0,0.00,0.00,0.00,'','0000-00-00','0000-00-00',1,1,1,0,0,0.00000,0),(30455,18,'9140',8,'',0.00000,0.00000,0.00000,0,0.00,0.00,0.00,'','0000-00-00','0000-00-00',1,1,1,0,0,0.00000,0),(30456,18,'9150',8,'',0.00000,0.00000,0.00000,0,0.00,0.00,0.00,'','0000-00-00','0000-00-00',1,1,1,0,0,0.00000,0),(30457,19,'9132',8,'',0.00000,0.00000,0.00000,0,0.00,0.00,0.00,'','0000-00-00','0000-00-00',1,1,1,0,0,0.00000,0),(30458,19,'9140',8,'',0.00000,0.00000,0.00000,0,0.00,0.00,0.00,'','0000-00-00','0000-00-00',1,1,1,0,0,0.00000,0),(30459,21,'9120',8,'',0.00000,0.00000,0.00000,0,0.00,0.00,0.00,'','0000-00-00','0000-00-00',1,1,1,0,0,0.00000,0),(30460,21,'9151',8,'',0.00000,0.00000,0.00000,0,0.00,0.00,0.00,'','0000-00-00','0000-00-00',1,1,1,0,0,0.00000,0),(30461,30,'9130',8,'',0.00000,0.00000,0.00000,0,0.00,0.00,0.00,'','0000-00-00','0000-00-00',1,1,1,0,0,0.00000,0),(30462,30,'9141',8,'',0.00000,0.00000,0.00000,0,0.00,0.00,0.00,'','0000-00-00','0000-00-00',1,1,1,0,0,0.00000,0),(30463,31,'9120',8,'',0.00000,0.00000,0.00000,0,0.00,0.00,0.00,'','0000-00-00','0000-00-00',1,1,1,0,0,0.00000,0),(30464,31,'9130',8,'',0.00000,0.00000,0.00000,0,0.00,0.00,0.00,'','0000-00-00','0000-00-00',1,1,1,0,0,0.00000,0),(30465,31,'9141',8,'',0.00000,0.00000,0.00000,0,0.00,0.00,0.00,'','0000-00-00','0000-00-00',1,1,1,0,0,0.00000,0),(30466,31,'9151',8,'',0.00000,0.00000,0.00000,0,0.00,0.00,0.00,'','0000-00-00','0000-00-00',1,1,1,0,0,0.00000,0),(30467,32,'9120',8,'',0.00000,0.00000,0.00000,0,0.00,0.00,0.00,'','0000-00-00','0000-00-00',1,1,1,0,0,0.00000,0),(30468,32,'9130',8,'',0.00000,0.00000,0.00000,0,0.00,0.00,0.00,'','0000-00-00','0000-00-00',1,1,1,0,0,0.00000,0),(30469,32,'9140',8,'',0.00000,0.00000,0.00000,0,0.00,0.00,0.00,'','0000-00-00','0000-00-00',1,1,1,0,0,0.00000,0),(30470,33,'9120',8,'',0.00000,0.00000,0.00000,0,0.00,0.00,0.00,'','0000-00-00','0000-00-00',1,1,1,0,0,0.00000,0),(30471,33,'9130',8,'',0.00000,0.00000,0.00000,0,0.00,0.00,0.00,'','0000-00-00','0000-00-00',1,1,1,0,0,0.00000,0),(30472,33,'9140',8,'',0.00000,0.00000,0.00000,0,0.00,0.00,0.00,'','0000-00-00','0000-00-00',1,1,1,0,0,0.00000,0),(30533,5,'5020',9,'',0.00000,0.00000,0.00000,0,0.00,0.00,0.00,'','0000-00-00','0000-00-00',1,1,1,0,0,0.00000,0),(30534,5,'5025',9,'',0.00000,0.00000,0.00000,0,0.00,0.00,0.00,'','0000-00-00','0000-00-00',1,1,1,0,0,0.00000,0),(30535,5,'5035',9,'',0.00000,0.00000,0.00000,0,0.00,0.00,0.00,'','0000-00-00','0000-00-00',1,1,1,0,0,0.00000,0),(30536,5,'5036',9,'',0.00000,0.00000,0.00000,0,0.00,0.00,0.00,'','0000-00-00','0000-00-00',1,1,1,0,0,0.00000,0),(30537,5,'5037',9,'',0.00000,0.00000,0.00000,0,0.00,0.00,0.00,'','0000-00-00','0000-00-00',1,1,1,0,0,0.00000,0),(30538,5,'5040',9,'',0.00000,0.00000,0.00000,0,0.00,0.00,0.00,'','0000-00-00','0000-00-00',1,1,1,0,0,0.00000,0),(30539,5,'5041',9,'',0.00000,0.00000,0.00000,0,0.00,0.00,0.00,'','0000-00-00','0000-00-00',1,1,1,0,0,0.00000,0),(30540,5,'5050',9,'',0.00000,0.00000,0.00000,0,0.00,0.00,0.00,'','0000-00-00','0000-00-00',1,1,1,0,0,0.00000,0),(30541,5,'5051',9,'',0.00000,0.00000,0.00000,0,0.00,0.00,0.00,'','0000-00-00','0000-00-00',1,1,1,0,0,0.00000,0),(30542,6,'5020',9,'',0.00000,0.00000,0.00000,0,0.00,0.00,0.00,'','0000-00-00','0000-00-00',1,1,1,0,0,0.00000,0),(30543,6,'5025',9,'',0.00000,0.00000,0.00000,0,0.00,0.00,0.00,'','0000-00-00','0000-00-00',1,1,1,0,0,0.00000,0),(30544,6,'5035',9,'',0.00000,0.00000,0.00000,0,0.00,0.00,0.00,'','0000-00-00','0000-00-00',1,1,1,0,0,0.00000,0),(30545,6,'5036',9,'',0.00000,0.00000,0.00000,0,0.00,0.00,0.00,'','0000-00-00','0000-00-00',1,1,1,0,0,0.00000,0),(30546,6,'5037',9,'',0.00000,0.00000,0.00000,0,0.00,0.00,0.00,'','0000-00-00','0000-00-00',1,1,1,0,0,0.00000,0),(30547,6,'5040',9,'',0.00000,0.00000,0.00000,0,0.00,0.00,0.00,'','0000-00-00','0000-00-00',1,1,1,0,0,0.00000,0),(30548,6,'5041',9,'',0.00000,0.00000,0.00000,0,0.00,0.00,0.00,'','0000-00-00','0000-00-00',1,1,1,0,0,0.00000,0),(30549,6,'5050',9,'',0.00000,0.00000,0.00000,0,0.00,0.00,0.00,'','0000-00-00','0000-00-00',1,1,1,0,0,0.00000,0),(30550,6,'5051',9,'',0.00000,0.00000,0.00000,0,0.00,0.00,0.00,'','0000-00-00','0000-00-00',1,1,1,0,0,0.00000,0),(30551,7,'5020',9,'',0.00000,0.00000,0.00000,0,0.00,0.00,0.00,'','0000-00-00','0000-00-00',1,1,1,0,0,0.00000,0),(30552,7,'5025',9,'',0.00000,0.00000,0.00000,0,0.00,0.00,0.00,'','0000-00-00','0000-00-00',1,1,1,0,0,0.00000,0),(30553,7,'5035',9,'',0.00000,0.00000,0.00000,0,0.00,0.00,0.00,'','0000-00-00','0000-00-00',1,1,1,0,0,0.00000,0),(30554,7,'5036',9,'',0.00000,0.00000,0.00000,0,0.00,0.00,0.00,'','0000-00-00','0000-00-00',1,1,1,0,0,0.00000,0),(30555,7,'5037',9,'',0.00000,0.00000,0.00000,0,0.00,0.00,0.00,'','0000-00-00','0000-00-00',1,1,1,0,0,0.00000,0),(30556,7,'5040',9,'',0.00000,0.00000,0.00000,0,0.00,0.00,0.00,'','0000-00-00','0000-00-00',1,1,1,0,0,0.00000,0),(30557,7,'5041',9,'',0.00000,0.00000,0.00000,0,0.00,0.00,0.00,'','0000-00-00','0000-00-00',1,1,1,0,0,0.00000,0),(30558,7,'5050',9,'',0.00000,0.00000,0.00000,0,0.00,0.00,0.00,'','0000-00-00','0000-00-00',1,1,1,0,0,0.00000,0),(30559,7,'5051',9,'',0.00000,0.00000,0.00000,0,0.00,0.00,0.00,'','0000-00-00','0000-00-00',1,1,1,0,0,0.00000,0),(30560,8,'5020',9,'',0.00000,0.00000,0.00000,0,0.00,0.00,0.00,'','0000-00-00','0000-00-00',1,1,1,0,0,0.00000,0),(30561,8,'5025',9,'',0.00000,0.00000,0.00000,0,0.00,0.00,0.00,'','0000-00-00','0000-00-00',1,1,1,0,0,0.00000,0),(30562,8,'5035',9,'',0.00000,0.00000,0.00000,0,0.00,0.00,0.00,'','0000-00-00','0000-00-00',1,1,1,0,0,0.00000,0),(30563,8,'5036',9,'',0.00000,0.00000,0.00000,0,0.00,0.00,0.00,'','0000-00-00','0000-00-00',1,1,1,0,0,0.00000,0),(30564,8,'5037',9,'',0.00000,0.00000,0.00000,0,0.00,0.00,0.00,'','0000-00-00','0000-00-00',1,1,1,0,0,0.00000,0),(30565,8,'5040',9,'',0.00000,0.00000,0.00000,0,0.00,0.00,0.00,'','0000-00-00','0000-00-00',1,1,1,0,0,0.00000,0),(30566,8,'5041',9,'',0.00000,0.00000,0.00000,0,0.00,0.00,0.00,'','0000-00-00','0000-00-00',1,1,1,0,0,0.00000,0),(30567,8,'5050',9,'',0.00000,0.00000,0.00000,0,0.00,0.00,0.00,'','0000-00-00','0000-00-00',1,1,1,0,0,0.00000,0),(30568,8,'5051',9,'',0.00000,0.00000,0.00000,0,0.00,0.00,0.00,'','0000-00-00','0000-00-00',1,1,1,0,0,0.00000,0),(30569,9,'5020',9,'',0.00000,0.00000,0.00000,0,0.00,0.00,0.00,'','0000-00-00','0000-00-00',1,1,1,0,0,0.00000,0),(30570,9,'5025',9,'',0.00000,0.00000,0.00000,0,0.00,0.00,0.00,'','0000-00-00','0000-00-00',1,1,1,0,0,0.00000,0),(30571,9,'5035',9,'',0.00000,0.00000,0.00000,0,0.00,0.00,0.00,'','0000-00-00','0000-00-00',1,1,1,0,0,0.00000,0),(30572,9,'5036',9,'',0.00000,0.00000,0.00000,0,0.00,0.00,0.00,'','0000-00-00','0000-00-00',1,1,1,0,0,0.00000,0),(30573,9,'5037',9,'',0.00000,0.00000,0.00000,0,0.00,0.00,0.00,'','0000-00-00','0000-00-00',1,1,1,0,0,0.00000,0),(30574,9,'5040',9,'',0.00000,0.00000,0.00000,0,0.00,0.00,0.00,'','0000-00-00','0000-00-00',1,1,1,0,0,0.00000,0),(30575,9,'5041',9,'',0.00000,0.00000,0.00000,0,0.00,0.00,0.00,'','0000-00-00','0000-00-00',1,1,1,0,0,0.00000,0),(30576,9,'5050',9,'',0.00000,0.00000,0.00000,0,0.00,0.00,0.00,'','0000-00-00','0000-00-00',1,1,1,0,0,0.00000,0),(30577,9,'5051',9,'',0.00000,0.00000,0.00000,0,0.00,0.00,0.00,'','0000-00-00','0000-00-00',1,1,1,0,0,0.00000,0),(30578,10,'5020',9,'',0.00000,0.00000,0.00000,0,0.00,0.00,0.00,'','0000-00-00','0000-00-00',1,1,1,0,0,0.00000,0),(30579,10,'5025',9,'',0.00000,0.00000,0.00000,0,0.00,0.00,0.00,'','0000-00-00','0000-00-00',1,1,1,0,0,0.00000,0),(30580,10,'5035',9,'',0.00000,0.00000,0.00000,0,0.00,0.00,0.00,'','0000-00-00','0000-00-00',1,1,1,0,0,0.00000,0),(30581,10,'5036',9,'',0.00000,0.00000,0.00000,0,0.00,0.00,0.00,'','0000-00-00','0000-00-00',1,1,1,0,0,0.00000,0),(30582,10,'5037',9,'',0.00000,0.00000,0.00000,0,0.00,0.00,0.00,'','0000-00-00','0000-00-00',1,1,1,0,0,0.00000,0),(30583,10,'5040',9,'',0.00000,0.00000,0.00000,0,0.00,0.00,0.00,'','0000-00-00','0000-00-00',1,1,1,0,0,0.00000,0),(30584,10,'5041',9,'',0.00000,0.00000,0.00000,0,0.00,0.00,0.00,'','0000-00-00','0000-00-00',1,1,1,0,0,0.00000,0),(30585,10,'5050',9,'',0.00000,0.00000,0.00000,0,0.00,0.00,0.00,'','0000-00-00','0000-00-00',1,1,1,0,0,0.00000,0),(30586,10,'5051',9,'',0.00000,0.00000,0.00000,0,0.00,0.00,0.00,'','0000-00-00','0000-00-00',1,1,1,0,0,0.00000,0),(30587,11,'5020',9,'',0.00000,0.00000,0.00000,0,0.00,0.00,0.00,'','0000-00-00','0000-00-00',1,1,1,0,0,0.00000,0),(30588,11,'5025',9,'',0.00000,0.00000,0.00000,0,0.00,0.00,0.00,'','0000-00-00','0000-00-00',1,1,1,0,0,0.00000,0),(30589,11,'5035',9,'',0.00000,0.00000,0.00000,0,0.00,0.00,0.00,'','0000-00-00','0000-00-00',1,1,1,0,0,0.00000,0),(30590,11,'5036',9,'',0.00000,0.00000,0.00000,0,0.00,0.00,0.00,'','0000-00-00','0000-00-00',1,1,1,0,0,0.00000,0),(30591,11,'5037',9,'',0.00000,0.00000,0.00000,0,0.00,0.00,0.00,'','0000-00-00','0000-00-00',1,1,1,0,0,0.00000,0),(30592,11,'5040',9,'',0.00000,0.00000,0.00000,0,0.00,0.00,0.00,'','0000-00-00','0000-00-00',1,1,1,0,0,0.00000,0),(30593,11,'5041',9,'',0.00000,0.00000,0.00000,0,0.00,0.00,0.00,'','0000-00-00','0000-00-00',1,1,1,0,0,0.00000,0),(30594,11,'5050',9,'',0.00000,0.00000,0.00000,0,0.00,0.00,0.00,'','0000-00-00','0000-00-00',1,1,1,0,0,0.00000,0),(30595,11,'5051',9,'',0.00000,0.00000,0.00000,0,0.00,0.00,0.00,'','0000-00-00','0000-00-00',1,1,1,0,0,0.00000,0),(30596,13,'5020',9,'',0.00000,0.00000,0.00000,0,0.00,0.00,0.00,'','0000-00-00','0000-00-00',1,1,1,0,0,0.00000,0),(30597,13,'5025',9,'',0.00000,0.00000,0.00000,0,0.00,0.00,0.00,'','0000-00-00','0000-00-00',1,1,1,0,0,0.00000,0),(30598,13,'5035',9,'',0.00000,0.00000,0.00000,0,0.00,0.00,0.00,'','0000-00-00','0000-00-00',1,1,1,0,0,0.00000,0),(30599,13,'5036',9,'',0.00000,0.00000,0.00000,0,0.00,0.00,0.00,'','0000-00-00','0000-00-00',1,1,1,0,0,0.00000,0),(30600,13,'5037',9,'',0.00000,0.00000,0.00000,0,0.00,0.00,0.00,'','0000-00-00','0000-00-00',1,1,1,0,0,0.00000,0),(30601,13,'5040',9,'',0.00000,0.00000,0.00000,0,0.00,0.00,0.00,'','0000-00-00','0000-00-00',1,1,1,0,0,0.00000,0),(30602,13,'5041',9,'',0.00000,0.00000,0.00000,0,0.00,0.00,0.00,'','0000-00-00','0000-00-00',1,1,1,0,0,0.00000,0),(30603,13,'5050',9,'',0.00000,0.00000,0.00000,0,0.00,0.00,0.00,'','0000-00-00','0000-00-00',1,1,1,0,0,0.00000,0),(30604,13,'5051',9,'',0.00000,0.00000,0.00000,0,0.00,0.00,0.00,'','0000-00-00','0000-00-00',1,1,1,0,0,0.00000,0),(30605,15,'5020',9,'',0.00000,0.00000,0.00000,0,0.00,0.00,0.00,'','0000-00-00','0000-00-00',1,1,1,0,0,0.00000,0),(30606,15,'5025',9,'',0.00000,0.00000,0.00000,0,0.00,0.00,0.00,'','0000-00-00','0000-00-00',1,1,1,0,0,0.00000,0),(30607,15,'5035',9,'',0.00000,0.00000,0.00000,0,0.00,0.00,0.00,'','0000-00-00','0000-00-00',1,1,1,0,0,0.00000,0),(30608,15,'5036',9,'',0.00000,0.00000,0.00000,0,0.00,0.00,0.00,'','0000-00-00','0000-00-00',1,1,1,0,0,0.00000,0),(30609,15,'5037',9,'',0.00000,0.00000,0.00000,0,0.00,0.00,0.00,'','0000-00-00','0000-00-00',1,1,1,0,0,0.00000,0),(30610,15,'5040',9,'',0.00000,0.00000,0.00000,0,0.00,0.00,0.00,'','0000-00-00','0000-00-00',1,1,1,0,0,0.00000,0),(30611,15,'5041',9,'',0.00000,0.00000,0.00000,0,0.00,0.00,0.00,'','0000-00-00','0000-00-00',1,1,1,0,0,0.00000,0),(30612,15,'5050',9,'',0.00000,0.00000,0.00000,0,0.00,0.00,0.00,'','0000-00-00','0000-00-00',1,1,1,0,0,0.00000,0),(30613,15,'5051',9,'',0.00000,0.00000,0.00000,0,0.00,0.00,0.00,'','0000-00-00','0000-00-00',1,1,1,0,0,0.00000,0),(30614,16,'5020',9,'',0.00000,0.00000,0.00000,0,0.00,0.00,0.00,'','0000-00-00','0000-00-00',1,1,1,0,0,0.00000,0),(30615,16,'5025',9,'',0.00000,0.00000,0.00000,0,0.00,0.00,0.00,'','0000-00-00','0000-00-00',1,1,1,0,0,0.00000,0),(30616,16,'5035',9,'',0.00000,0.00000,0.00000,0,0.00,0.00,0.00,'','0000-00-00','0000-00-00',1,1,1,0,0,0.00000,0),(30617,16,'5036',9,'',0.00000,0.00000,0.00000,0,0.00,0.00,0.00,'','0000-00-00','0000-00-00',1,1,1,0,0,0.00000,0),(30618,16,'5037',9,'',0.00000,0.00000,0.00000,0,0.00,0.00,0.00,'','0000-00-00','0000-00-00',1,1,1,0,0,0.00000,0),(30619,16,'5040',9,'',0.00000,0.00000,0.00000,0,0.00,0.00,0.00,'','0000-00-00','0000-00-00',1,1,1,0,0,0.00000,0),(30620,16,'5041',9,'',0.00000,0.00000,0.00000,0,0.00,0.00,0.00,'','0000-00-00','0000-00-00',1,1,1,0,0,0.00000,0),(30621,16,'5050',9,'',0.00000,0.00000,0.00000,0,0.00,0.00,0.00,'','0000-00-00','0000-00-00',1,1,1,0,0,0.00000,0),(30622,16,'5051',9,'',0.00000,0.00000,0.00000,0,0.00,0.00,0.00,'','0000-00-00','0000-00-00',1,1,1,0,0,0.00000,0),(30623,17,'5020',9,'',0.00000,0.00000,0.00000,0,0.00,0.00,0.00,'','0000-00-00','0000-00-00',1,1,1,0,0,0.00000,0),(30624,17,'5025',9,'',0.00000,0.00000,0.00000,0,0.00,0.00,0.00,'','0000-00-00','0000-00-00',1,1,1,0,0,0.00000,0),(30625,17,'5035',9,'',0.00000,0.00000,0.00000,0,0.00,0.00,0.00,'','0000-00-00','0000-00-00',1,1,1,0,0,0.00000,0),(30626,17,'5036',9,'',0.00000,0.00000,0.00000,0,0.00,0.00,0.00,'','0000-00-00','0000-00-00',1,1,1,0,0,0.00000,0),(30627,17,'5037',9,'',0.00000,0.00000,0.00000,0,0.00,0.00,0.00,'','0000-00-00','0000-00-00',1,1,1,0,0,0.00000,0),(30628,17,'5040',9,'',0.00000,0.00000,0.00000,0,0.00,0.00,0.00,'','0000-00-00','0000-00-00',1,1,1,0,0,0.00000,0),(30629,17,'5041',9,'',0.00000,0.00000,0.00000,0,0.00,0.00,0.00,'','0000-00-00','0000-00-00',1,1,1,0,0,0.00000,0),(30630,17,'5050',9,'',0.00000,0.00000,0.00000,0,0.00,0.00,0.00,'','0000-00-00','0000-00-00',1,1,1,0,0,0.00000,0),(30631,17,'5051',9,'',0.00000,0.00000,0.00000,0,0.00,0.00,0.00,'','0000-00-00','0000-00-00',1,1,1,0,0,0.00000,0),(30632,18,'5020',9,'',0.00000,0.00000,0.00000,0,0.00,0.00,0.00,'','0000-00-00','0000-00-00',1,1,1,0,0,0.00000,0),(30633,18,'5025',9,'',0.00000,0.00000,0.00000,0,0.00,0.00,0.00,'','0000-00-00','0000-00-00',1,1,1,0,0,0.00000,0),(30634,18,'5035',9,'',0.00000,0.00000,0.00000,0,0.00,0.00,0.00,'','0000-00-00','0000-00-00',1,1,1,0,0,0.00000,0),(30635,18,'5036',9,'',0.00000,0.00000,0.00000,0,0.00,0.00,0.00,'','0000-00-00','0000-00-00',1,1,1,0,0,0.00000,0),(30636,18,'5037',9,'',0.00000,0.00000,0.00000,0,0.00,0.00,0.00,'','0000-00-00','0000-00-00',1,1,1,0,0,0.00000,0),(30637,18,'5040',9,'',0.00000,0.00000,0.00000,0,0.00,0.00,0.00,'','0000-00-00','0000-00-00',1,1,1,0,0,0.00000,0),(30638,18,'5041',9,'',0.00000,0.00000,0.00000,0,0.00,0.00,0.00,'','0000-00-00','0000-00-00',1,1,1,0,0,0.00000,0),(30639,18,'5050',9,'',0.00000,0.00000,0.00000,0,0.00,0.00,0.00,'','0000-00-00','0000-00-00',1,1,1,0,0,0.00000,0),(30640,18,'5051',9,'',0.00000,0.00000,0.00000,0,0.00,0.00,0.00,'','0000-00-00','0000-00-00',1,1,1,0,0,0.00000,0),(30641,19,'5020',9,'',0.00000,0.00000,0.00000,0,0.00,0.00,0.00,'','0000-00-00','0000-00-00',1,1,1,0,0,0.00000,0),(30642,19,'5025',9,'',0.00000,0.00000,0.00000,0,0.00,0.00,0.00,'','0000-00-00','0000-00-00',1,1,1,0,0,0.00000,0),(30643,19,'5035',9,'',0.00000,0.00000,0.00000,0,0.00,0.00,0.00,'','0000-00-00','0000-00-00',1,1,1,0,0,0.00000,0),(30644,19,'5036',9,'',0.00000,0.00000,0.00000,0,0.00,0.00,0.00,'','0000-00-00','0000-00-00',1,1,1,0,0,0.00000,0),(30645,19,'5037',9,'',0.00000,0.00000,0.00000,0,0.00,0.00,0.00,'','0000-00-00','0000-00-00',1,1,1,0,0,0.00000,0),(30646,19,'5040',9,'',0.00000,0.00000,0.00000,0,0.00,0.00,0.00,'','0000-00-00','0000-00-00',1,1,1,0,0,0.00000,0),(30647,19,'5041',9,'',0.00000,0.00000,0.00000,0,0.00,0.00,0.00,'','0000-00-00','0000-00-00',1,1,1,0,0,0.00000,0),(30648,19,'5050',9,'',0.00000,0.00000,0.00000,0,0.00,0.00,0.00,'','0000-00-00','0000-00-00',1,1,1,0,0,0.00000,0),(30649,19,'5051',9,'',0.00000,0.00000,0.00000,0,0.00,0.00,0.00,'','0000-00-00','0000-00-00',1,1,1,0,0,0.00000,0),(30650,20,'5020',9,'',0.00000,0.00000,0.00000,0,0.00,0.00,0.00,'','0000-00-00','0000-00-00',1,1,1,0,0,0.00000,0),(30651,20,'5025',9,'',0.00000,0.00000,0.00000,0,0.00,0.00,0.00,'','0000-00-00','0000-00-00',1,1,1,0,0,0.00000,0),(30652,20,'5035',9,'',0.00000,0.00000,0.00000,0,0.00,0.00,0.00,'','0000-00-00','0000-00-00',1,1,1,0,0,0.00000,0),(30653,20,'5036',9,'',0.00000,0.00000,0.00000,0,0.00,0.00,0.00,'','0000-00-00','0000-00-00',1,1,1,0,0,0.00000,0),(30654,20,'5037',9,'',0.00000,0.00000,0.00000,0,0.00,0.00,0.00,'','0000-00-00','0000-00-00',1,1,1,0,0,0.00000,0),(30655,20,'5040',9,'',0.00000,0.00000,0.00000,0,0.00,0.00,0.00,'','0000-00-00','0000-00-00',1,1,1,0,0,0.00000,0),(30656,20,'5041',9,'',0.00000,0.00000,0.00000,0,0.00,0.00,0.00,'','0000-00-00','0000-00-00',1,1,1,0,0,0.00000,0),(30657,20,'5050',9,'',0.00000,0.00000,0.00000,0,0.00,0.00,0.00,'','0000-00-00','0000-00-00',1,1,1,0,0,0.00000,0),(30658,20,'5051',9,'',0.00000,0.00000,0.00000,0,0.00,0.00,0.00,'','0000-00-00','0000-00-00',1,1,1,0,0,0.00000,0),(30659,21,'5020',9,'',0.00000,0.00000,0.00000,0,0.00,0.00,0.00,'','0000-00-00','0000-00-00',1,1,1,0,0,0.00000,0),(30660,21,'5025',9,'',0.00000,0.00000,0.00000,0,0.00,0.00,0.00,'','0000-00-00','0000-00-00',1,1,1,0,0,0.00000,0),(30661,21,'5035',9,'',0.00000,0.00000,0.00000,0,0.00,0.00,0.00,'','0000-00-00','0000-00-00',1,1,1,0,0,0.00000,0),(30662,21,'5036',9,'',0.00000,0.00000,0.00000,0,0.00,0.00,0.00,'','0000-00-00','0000-00-00',1,1,1,0,0,0.00000,0),(30663,21,'5037',9,'',0.00000,0.00000,0.00000,0,0.00,0.00,0.00,'','0000-00-00','0000-00-00',1,1,1,0,0,0.00000,0),(30664,21,'5040',9,'',0.00000,0.00000,0.00000,0,0.00,0.00,0.00,'','0000-00-00','0000-00-00',1,1,1,0,0,0.00000,0),(30665,21,'5041',9,'',0.00000,0.00000,0.00000,0,0.00,0.00,0.00,'','0000-00-00','0000-00-00',1,1,1,0,0,0.00000,0),(30666,21,'5050',9,'',0.00000,0.00000,0.00000,0,0.00,0.00,0.00,'','0000-00-00','0000-00-00',1,1,1,0,0,0.00000,0),(30667,21,'5051',9,'',0.00000,0.00000,0.00000,0,0.00,0.00,0.00,'','0000-00-00','0000-00-00',1,1,1,0,0,0.00000,0),(30668,31,'5020',9,'',0.00000,0.00000,0.00000,0,0.00,0.00,0.00,'','0000-00-00','0000-00-00',1,1,1,0,0,0.00000,0),(30669,31,'5025',9,'',0.00000,0.00000,0.00000,0,0.00,0.00,0.00,'','0000-00-00','0000-00-00',1,1,1,0,0,0.00000,0),(30670,31,'5035',9,'',0.00000,0.00000,0.00000,0,0.00,0.00,0.00,'','0000-00-00','0000-00-00',1,1,1,0,0,0.00000,0),(30671,31,'5036',9,'',0.00000,0.00000,0.00000,0,0.00,0.00,0.00,'','0000-00-00','0000-00-00',1,1,1,0,0,0.00000,0),(30672,31,'5037',9,'',0.00000,0.00000,0.00000,0,0.00,0.00,0.00,'','0000-00-00','0000-00-00',1,1,1,0,0,0.00000,0),(30673,31,'5040',9,'',0.00000,0.00000,0.00000,0,0.00,0.00,0.00,'','0000-00-00','0000-00-00',1,1,1,0,0,0.00000,0),(30674,31,'5041',9,'',0.00000,0.00000,0.00000,0,0.00,0.00,0.00,'','0000-00-00','0000-00-00',1,1,1,0,0,0.00000,0),(30675,31,'5050',9,'',0.00000,0.00000,0.00000,0,0.00,0.00,0.00,'','0000-00-00','0000-00-00',1,1,1,0,0,0.00000,0),(30676,31,'5051',9,'',0.00000,0.00000,0.00000,0,0.00,0.00,0.00,'','0000-00-00','0000-00-00',1,1,1,0,0,0.00000,0),(30677,32,'5020',9,'',0.00000,0.00000,0.00000,0,0.00,0.00,0.00,'','0000-00-00','0000-00-00',1,1,1,0,0,0.00000,0),(30678,32,'5025',9,'',0.00000,0.00000,0.00000,0,0.00,0.00,0.00,'','0000-00-00','0000-00-00',1,1,1,0,0,0.00000,0),(30679,32,'5035',9,'',0.00000,0.00000,0.00000,0,0.00,0.00,0.00,'','0000-00-00','0000-00-00',1,1,1,0,0,0.00000,0),(30680,32,'5036',9,'',0.00000,0.00000,0.00000,0,0.00,0.00,0.00,'','0000-00-00','0000-00-00',1,1,1,0,0,0.00000,0),(30681,32,'5037',9,'',0.00000,0.00000,0.00000,0,0.00,0.00,0.00,'','0000-00-00','0000-00-00',1,1,1,0,0,0.00000,0),(30682,32,'5040',9,'',0.00000,0.00000,0.00000,0,0.00,0.00,0.00,'','0000-00-00','0000-00-00',1,1,1,0,0,0.00000,0),(30683,32,'5041',9,'',0.00000,0.00000,0.00000,0,0.00,0.00,0.00,'','0000-00-00','0000-00-00',1,1,1,0,0,0.00000,0),(30684,32,'5050',9,'',0.00000,0.00000,0.00000,0,0.00,0.00,0.00,'','0000-00-00','0000-00-00',1,1,1,0,0,0.00000,0),(30685,32,'5051',9,'',0.00000,0.00000,0.00000,0,0.00,0.00,0.00,'','0000-00-00','0000-00-00',1,1,1,0,0,0.00000,0),(30686,33,'5020',9,'',0.00000,0.00000,0.00000,0,0.00,0.00,0.00,'','0000-00-00','0000-00-00',1,1,1,0,0,0.00000,0),(30687,33,'5025',9,'',0.00000,0.00000,0.00000,0,0.00,0.00,0.00,'','0000-00-00','0000-00-00',1,1,1,0,0,0.00000,0),(30688,33,'5035',9,'',0.00000,0.00000,0.00000,0,0.00,0.00,0.00,'','0000-00-00','0000-00-00',1,1,1,0,0,0.00000,0),(30689,33,'5036',9,'',0.00000,0.00000,0.00000,0,0.00,0.00,0.00,'','0000-00-00','0000-00-00',1,1,1,0,0,0.00000,0),(30690,33,'5037',9,'',0.00000,0.00000,0.00000,0,0.00,0.00,0.00,'','0000-00-00','0000-00-00',1,1,1,0,0,0.00000,0),(30691,33,'5040',9,'',0.00000,0.00000,0.00000,0,0.00,0.00,0.00,'','0000-00-00','0000-00-00',1,1,1,0,0,0.00000,0),(30692,33,'5041',9,'',0.00000,0.00000,0.00000,0,0.00,0.00,0.00,'','0000-00-00','0000-00-00',1,1,1,0,0,0.00000,0),(30693,33,'5050',9,'',0.00000,0.00000,0.00000,0,0.00,0.00,0.00,'','0000-00-00','0000-00-00',1,1,1,0,0,0.00000,0),(30694,33,'5051',9,'',0.00000,0.00000,0.00000,0,0.00,0.00,0.00,'','0000-00-00','0000-00-00',1,1,1,0,0,0.00000,0),(30788,5,'5020',9,'',0.00000,0.00000,0.00000,0,0.00,0.00,0.00,'','0000-00-00','0000-00-00',1,1,1,0,30,0.00000,0),(30789,5,'5025',9,'',0.00000,0.00000,0.00000,0,0.00,0.00,0.00,'','0000-00-00','0000-00-00',1,1,1,0,30,0.00000,0),(30790,5,'5035',9,'',0.00000,0.00000,0.00000,0,0.00,0.00,0.00,'','0000-00-00','0000-00-00',1,1,1,0,30,0.00000,0),(30791,5,'5036',9,'',0.00000,0.00000,0.00000,0,0.00,0.00,0.00,'','0000-00-00','0000-00-00',1,1,1,0,30,0.00000,0),(30792,5,'5037',9,'',0.00000,0.00000,0.00000,0,0.00,0.00,0.00,'','0000-00-00','0000-00-00',1,1,1,0,30,0.00000,0),(30793,5,'5040',9,'',0.00000,0.00000,0.00000,0,0.00,0.00,0.00,'','0000-00-00','0000-00-00',1,1,1,0,30,0.00000,0),(30794,5,'5041',9,'',0.00000,0.00000,0.00000,0,0.00,0.00,0.00,'','0000-00-00','0000-00-00',1,1,1,0,30,0.00000,0),(30795,5,'5050',9,'',0.00000,0.00000,0.00000,0,0.00,0.00,0.00,'','0000-00-00','0000-00-00',1,1,1,0,30,0.00000,0),(30796,5,'5051',9,'',0.00000,0.00000,0.00000,0,0.00,0.00,0.00,'','0000-00-00','0000-00-00',1,1,1,0,30,0.00000,0),(30797,6,'5020',9,'',0.00000,0.00000,0.00000,0,0.00,0.00,0.00,'','0000-00-00','0000-00-00',1,1,1,0,30,0.00000,0),(30798,6,'5025',9,'',0.00000,0.00000,0.00000,0,0.00,0.00,0.00,'','0000-00-00','0000-00-00',1,1,1,0,30,0.00000,0),(30799,6,'5035',9,'',0.00000,0.00000,0.00000,0,0.00,0.00,0.00,'','0000-00-00','0000-00-00',1,1,1,0,30,0.00000,0),(30800,6,'5036',9,'',0.00000,0.00000,0.00000,0,0.00,0.00,0.00,'','0000-00-00','0000-00-00',1,1,1,0,30,0.00000,0),(30801,6,'5037',9,'',0.00000,0.00000,0.00000,0,0.00,0.00,0.00,'','0000-00-00','0000-00-00',1,1,1,0,30,0.00000,0),(30802,6,'5040',9,'',0.00000,0.00000,0.00000,0,0.00,0.00,0.00,'','0000-00-00','0000-00-00',1,1,1,0,30,0.00000,0),(30803,6,'5041',9,'',0.00000,0.00000,0.00000,0,0.00,0.00,0.00,'','0000-00-00','0000-00-00',1,1,1,0,30,0.00000,0),(30804,6,'5050',9,'',0.00000,0.00000,0.00000,0,0.00,0.00,0.00,'','0000-00-00','0000-00-00',1,1,1,0,30,0.00000,0),(30805,6,'5051',9,'',0.00000,0.00000,0.00000,0,0.00,0.00,0.00,'','0000-00-00','0000-00-00',1,1,1,0,30,0.00000,0),(30806,7,'5020',9,'',0.00000,0.00000,0.00000,0,0.00,0.00,0.00,'','0000-00-00','0000-00-00',1,1,1,0,30,0.00000,0),(30807,7,'5025',9,'',0.00000,0.00000,0.00000,0,0.00,0.00,0.00,'','0000-00-00','0000-00-00',1,1,1,0,30,0.00000,0),(30808,7,'5035',9,'',0.00000,0.00000,0.00000,0,0.00,0.00,0.00,'','0000-00-00','0000-00-00',1,1,1,0,30,0.00000,0),(30809,7,'5036',9,'',0.00000,0.00000,0.00000,0,0.00,0.00,0.00,'','0000-00-00','0000-00-00',1,1,1,0,30,0.00000,0),(30810,7,'5037',9,'',0.00000,0.00000,0.00000,0,0.00,0.00,0.00,'','0000-00-00','0000-00-00',1,1,1,0,30,0.00000,0),(30811,7,'5040',9,'',0.00000,0.00000,0.00000,0,0.00,0.00,0.00,'','0000-00-00','0000-00-00',1,1,1,0,30,0.00000,0),(30812,7,'5041',9,'',0.00000,0.00000,0.00000,0,0.00,0.00,0.00,'','0000-00-00','0000-00-00',1,1,1,0,30,0.00000,0),(30813,7,'5050',9,'',0.00000,0.00000,0.00000,0,0.00,0.00,0.00,'','0000-00-00','0000-00-00',1,1,1,0,30,0.00000,0),(30814,7,'5051',9,'',0.00000,0.00000,0.00000,0,0.00,0.00,0.00,'','0000-00-00','0000-00-00',1,1,1,0,30,0.00000,0),(30815,8,'5020',9,'',0.00000,0.00000,0.00000,0,0.00,0.00,0.00,'','0000-00-00','0000-00-00',1,1,1,0,30,0.00000,0),(30816,8,'5025',9,'',0.00000,0.00000,0.00000,0,0.00,0.00,0.00,'','0000-00-00','0000-00-00',1,1,1,0,30,0.00000,0),(30817,8,'5035',9,'',0.00000,0.00000,0.00000,0,0.00,0.00,0.00,'','0000-00-00','0000-00-00',1,1,1,0,30,0.00000,0),(30818,8,'5036',9,'',0.00000,0.00000,0.00000,0,0.00,0.00,0.00,'','0000-00-00','0000-00-00',1,1,1,0,30,0.00000,0),(30819,8,'5037',9,'',0.00000,0.00000,0.00000,0,0.00,0.00,0.00,'','0000-00-00','0000-00-00',1,1,1,0,30,0.00000,0),(30820,8,'5040',9,'',0.00000,0.00000,0.00000,0,0.00,0.00,0.00,'','0000-00-00','0000-00-00',1,1,1,0,30,0.00000,0),(30821,8,'5041',9,'',0.00000,0.00000,0.00000,0,0.00,0.00,0.00,'','0000-00-00','0000-00-00',1,1,1,0,30,0.00000,0),(30822,8,'5050',9,'',0.00000,0.00000,0.00000,0,0.00,0.00,0.00,'','0000-00-00','0000-00-00',1,1,1,0,30,0.00000,0),(30823,8,'5051',9,'',0.00000,0.00000,0.00000,0,0.00,0.00,0.00,'','0000-00-00','0000-00-00',1,1,1,0,30,0.00000,0),(30824,9,'5020',9,'',0.00000,0.00000,0.00000,0,0.00,0.00,0.00,'','0000-00-00','0000-00-00',1,1,1,0,30,0.00000,0),(30825,9,'5025',9,'',0.00000,0.00000,0.00000,0,0.00,0.00,0.00,'','0000-00-00','0000-00-00',1,1,1,0,30,0.00000,0),(30826,9,'5035',9,'',0.00000,0.00000,0.00000,0,0.00,0.00,0.00,'','0000-00-00','0000-00-00',1,1,1,0,30,0.00000,0),(30827,9,'5036',9,'',0.00000,0.00000,0.00000,0,0.00,0.00,0.00,'','0000-00-00','0000-00-00',1,1,1,0,30,0.00000,0),(30828,9,'5037',9,'',0.00000,0.00000,0.00000,0,0.00,0.00,0.00,'','0000-00-00','0000-00-00',1,1,1,0,30,0.00000,0),(30829,9,'5040',9,'',0.00000,0.00000,0.00000,0,0.00,0.00,0.00,'','0000-00-00','0000-00-00',1,1,1,0,30,0.00000,0),(30830,9,'5041',9,'',0.00000,0.00000,0.00000,0,0.00,0.00,0.00,'','0000-00-00','0000-00-00',1,1,1,0,30,0.00000,0),(30831,9,'5050',9,'',0.00000,0.00000,0.00000,0,0.00,0.00,0.00,'','0000-00-00','0000-00-00',1,1,1,0,30,0.00000,0),(30832,9,'5051',9,'',0.00000,0.00000,0.00000,0,0.00,0.00,0.00,'','0000-00-00','0000-00-00',1,1,1,0,30,0.00000,0),(30833,10,'5020',9,'',0.00000,0.00000,0.00000,0,0.00,0.00,0.00,'','0000-00-00','0000-00-00',1,1,1,0,30,0.00000,0),(30834,10,'5025',9,'',0.00000,0.00000,0.00000,0,0.00,0.00,0.00,'','0000-00-00','0000-00-00',1,1,1,0,30,0.00000,0),(30835,10,'5035',9,'',0.00000,0.00000,0.00000,0,0.00,0.00,0.00,'','0000-00-00','0000-00-00',1,1,1,0,30,0.00000,0),(30836,10,'5036',9,'',0.00000,0.00000,0.00000,0,0.00,0.00,0.00,'','0000-00-00','0000-00-00',1,1,1,0,30,0.00000,0),(30837,10,'5037',9,'',0.00000,0.00000,0.00000,0,0.00,0.00,0.00,'','0000-00-00','0000-00-00',1,1,1,0,30,0.00000,0),(30838,10,'5040',9,'',0.00000,0.00000,0.00000,0,0.00,0.00,0.00,'','0000-00-00','0000-00-00',1,1,1,0,30,0.00000,0),(30839,10,'5041',9,'',0.00000,0.00000,0.00000,0,0.00,0.00,0.00,'','0000-00-00','0000-00-00',1,1,1,0,30,0.00000,0),(30840,10,'5050',9,'',0.00000,0.00000,0.00000,0,0.00,0.00,0.00,'','0000-00-00','0000-00-00',1,1,1,0,30,0.00000,0),(30841,10,'5051',9,'',0.00000,0.00000,0.00000,0,0.00,0.00,0.00,'','0000-00-00','0000-00-00',1,1,1,0,30,0.00000,0),(30842,11,'5020',9,'',0.00000,0.00000,0.00000,0,0.00,0.00,0.00,'','0000-00-00','0000-00-00',1,1,1,0,30,0.00000,0),(30843,11,'5025',9,'',0.00000,0.00000,0.00000,0,0.00,0.00,0.00,'','0000-00-00','0000-00-00',1,1,1,0,30,0.00000,0),(30844,11,'5035',9,'',0.00000,0.00000,0.00000,0,0.00,0.00,0.00,'','0000-00-00','0000-00-00',1,1,1,0,30,0.00000,0),(30845,11,'5036',9,'',0.00000,0.00000,0.00000,0,0.00,0.00,0.00,'','0000-00-00','0000-00-00',1,1,1,0,30,0.00000,0),(30846,11,'5037',9,'',0.00000,0.00000,0.00000,0,0.00,0.00,0.00,'','0000-00-00','0000-00-00',1,1,1,0,30,0.00000,0),(30847,11,'5040',9,'',0.00000,0.00000,0.00000,0,0.00,0.00,0.00,'','0000-00-00','0000-00-00',1,1,1,0,30,0.00000,0),(30848,11,'5041',9,'',0.00000,0.00000,0.00000,0,0.00,0.00,0.00,'','0000-00-00','0000-00-00',1,1,1,0,30,0.00000,0),(30849,11,'5050',9,'',0.00000,0.00000,0.00000,0,0.00,0.00,0.00,'','0000-00-00','0000-00-00',1,1,1,0,30,0.00000,0),(30850,11,'5051',9,'',0.00000,0.00000,0.00000,0,0.00,0.00,0.00,'','0000-00-00','0000-00-00',1,1,1,0,30,0.00000,0),(30851,13,'5020',9,'',0.00000,0.00000,0.00000,0,0.00,0.00,0.00,'','0000-00-00','0000-00-00',1,1,1,0,30,0.00000,0),(30852,13,'5025',9,'',0.00000,0.00000,0.00000,0,0.00,0.00,0.00,'','0000-00-00','0000-00-00',1,1,1,0,30,0.00000,0),(30853,13,'5035',9,'',0.00000,0.00000,0.00000,0,0.00,0.00,0.00,'','0000-00-00','0000-00-00',1,1,1,0,30,0.00000,0),(30854,13,'5036',9,'',0.00000,0.00000,0.00000,0,0.00,0.00,0.00,'','0000-00-00','0000-00-00',1,1,1,0,30,0.00000,0),(30855,13,'5037',9,'',0.00000,0.00000,0.00000,0,0.00,0.00,0.00,'','0000-00-00','0000-00-00',1,1,1,0,30,0.00000,0),(30856,13,'5040',9,'',0.00000,0.00000,0.00000,0,0.00,0.00,0.00,'','0000-00-00','0000-00-00',1,1,1,0,30,0.00000,0),(30857,13,'5041',9,'',0.00000,0.00000,0.00000,0,0.00,0.00,0.00,'','0000-00-00','0000-00-00',1,1,1,0,30,0.00000,0),(30858,13,'5050',9,'',0.00000,0.00000,0.00000,0,0.00,0.00,0.00,'','0000-00-00','0000-00-00',1,1,1,0,30,0.00000,0),(30859,13,'5051',9,'',0.00000,0.00000,0.00000,0,0.00,0.00,0.00,'','0000-00-00','0000-00-00',1,1,1,0,30,0.00000,0),(30860,15,'5020',9,'',0.00000,0.00000,0.00000,0,0.00,0.00,0.00,'','0000-00-00','0000-00-00',1,1,1,0,30,0.00000,0),(30861,15,'5025',9,'',0.00000,0.00000,0.00000,0,0.00,0.00,0.00,'','0000-00-00','0000-00-00',1,1,1,0,30,0.00000,0),(30862,15,'5035',9,'',0.00000,0.00000,0.00000,0,0.00,0.00,0.00,'','0000-00-00','0000-00-00',1,1,1,0,30,0.00000,0),(30863,15,'5036',9,'',0.00000,0.00000,0.00000,0,0.00,0.00,0.00,'','0000-00-00','0000-00-00',1,1,1,0,30,0.00000,0),(30864,15,'5037',9,'',0.00000,0.00000,0.00000,0,0.00,0.00,0.00,'','0000-00-00','0000-00-00',1,1,1,0,30,0.00000,0),(30865,15,'5040',9,'',0.00000,0.00000,0.00000,0,0.00,0.00,0.00,'','0000-00-00','0000-00-00',1,1,1,0,30,0.00000,0),(30866,15,'5041',9,'',0.00000,0.00000,0.00000,0,0.00,0.00,0.00,'','0000-00-00','0000-00-00',1,1,1,0,30,0.00000,0),(30867,15,'5050',9,'',0.00000,0.00000,0.00000,0,0.00,0.00,0.00,'','0000-00-00','0000-00-00',1,1,1,0,30,0.00000,0),(30868,15,'5051',9,'',0.00000,0.00000,0.00000,0,0.00,0.00,0.00,'','0000-00-00','0000-00-00',1,1,1,0,30,0.00000,0),(30869,16,'5020',9,'',0.00000,0.00000,0.00000,0,0.00,0.00,0.00,'','0000-00-00','0000-00-00',1,1,1,0,30,0.00000,0),(30870,16,'5025',9,'',0.00000,0.00000,0.00000,0,0.00,0.00,0.00,'','0000-00-00','0000-00-00',1,1,1,0,30,0.00000,0),(30871,16,'5035',9,'',0.00000,0.00000,0.00000,0,0.00,0.00,0.00,'','0000-00-00','0000-00-00',1,1,1,0,30,0.00000,0),(30872,16,'5036',9,'',0.00000,0.00000,0.00000,0,0.00,0.00,0.00,'','0000-00-00','0000-00-00',1,1,1,0,30,0.00000,0),(30873,16,'5037',9,'',0.00000,0.00000,0.00000,0,0.00,0.00,0.00,'','0000-00-00','0000-00-00',1,1,1,0,30,0.00000,0),(30874,16,'5040',9,'',0.00000,0.00000,0.00000,0,0.00,0.00,0.00,'','0000-00-00','0000-00-00',1,1,1,0,30,0.00000,0),(30875,16,'5041',9,'',0.00000,0.00000,0.00000,0,0.00,0.00,0.00,'','0000-00-00','0000-00-00',1,1,1,0,30,0.00000,0),(30876,16,'5050',9,'',0.00000,0.00000,0.00000,0,0.00,0.00,0.00,'','0000-00-00','0000-00-00',1,1,1,0,30,0.00000,0),(30877,16,'5051',9,'',0.00000,0.00000,0.00000,0,0.00,0.00,0.00,'','0000-00-00','0000-00-00',1,1,1,0,30,0.00000,0),(30878,17,'5020',9,'',0.00000,0.00000,0.00000,0,0.00,0.00,0.00,'','0000-00-00','0000-00-00',1,1,1,0,30,0.00000,0),(30879,17,'5025',9,'',0.00000,0.00000,0.00000,0,0.00,0.00,0.00,'','0000-00-00','0000-00-00',1,1,1,0,30,0.00000,0),(30880,17,'5035',9,'',0.00000,0.00000,0.00000,0,0.00,0.00,0.00,'','0000-00-00','0000-00-00',1,1,1,0,30,0.00000,0),(30881,17,'5036',9,'',0.00000,0.00000,0.00000,0,0.00,0.00,0.00,'','0000-00-00','0000-00-00',1,1,1,0,30,0.00000,0),(30882,17,'5037',9,'',0.00000,0.00000,0.00000,0,0.00,0.00,0.00,'','0000-00-00','0000-00-00',1,1,1,0,30,0.00000,0),(30883,17,'5040',9,'',0.00000,0.00000,0.00000,0,0.00,0.00,0.00,'','0000-00-00','0000-00-00',1,1,1,0,30,0.00000,0),(30884,17,'5041',9,'',0.00000,0.00000,0.00000,0,0.00,0.00,0.00,'','0000-00-00','0000-00-00',1,1,1,0,30,0.00000,0),(30885,17,'5050',9,'',0.00000,0.00000,0.00000,0,0.00,0.00,0.00,'','0000-00-00','0000-00-00',1,1,1,0,30,0.00000,0),(30886,17,'5051',9,'',0.00000,0.00000,0.00000,0,0.00,0.00,0.00,'','0000-00-00','0000-00-00',1,1,1,0,30,0.00000,0),(30887,18,'5020',9,'',0.00000,0.00000,0.00000,0,0.00,0.00,0.00,'','0000-00-00','0000-00-00',1,1,1,0,30,0.00000,0),(30888,18,'5025',9,'',0.00000,0.00000,0.00000,0,0.00,0.00,0.00,'','0000-00-00','0000-00-00',1,1,1,0,30,0.00000,0),(30889,18,'5035',9,'',0.00000,0.00000,0.00000,0,0.00,0.00,0.00,'','0000-00-00','0000-00-00',1,1,1,0,30,0.00000,0),(30890,18,'5036',9,'',0.00000,0.00000,0.00000,0,0.00,0.00,0.00,'','0000-00-00','0000-00-00',1,1,1,0,30,0.00000,0),(30891,18,'5037',9,'',0.00000,0.00000,0.00000,0,0.00,0.00,0.00,'','0000-00-00','0000-00-00',1,1,1,0,30,0.00000,0),(30892,18,'5040',9,'',0.00000,0.00000,0.00000,0,0.00,0.00,0.00,'','0000-00-00','0000-00-00',1,1,1,0,30,0.00000,0),(30893,18,'5041',9,'',0.00000,0.00000,0.00000,0,0.00,0.00,0.00,'','0000-00-00','0000-00-00',1,1,1,0,30,0.00000,0),(30894,18,'5050',9,'',0.00000,0.00000,0.00000,0,0.00,0.00,0.00,'','0000-00-00','0000-00-00',1,1,1,0,30,0.00000,0),(30895,18,'5051',9,'',0.00000,0.00000,0.00000,0,0.00,0.00,0.00,'','0000-00-00','0000-00-00',1,1,1,0,30,0.00000,0),(30896,19,'5020',9,'',0.00000,0.00000,0.00000,0,0.00,0.00,0.00,'','0000-00-00','0000-00-00',1,1,1,0,30,0.00000,0),(30897,19,'5025',9,'',0.00000,0.00000,0.00000,0,0.00,0.00,0.00,'','0000-00-00','0000-00-00',1,1,1,0,30,0.00000,0),(30898,19,'5035',9,'',0.00000,0.00000,0.00000,0,0.00,0.00,0.00,'','0000-00-00','0000-00-00',1,1,1,0,30,0.00000,0),(30899,19,'5036',9,'',0.00000,0.00000,0.00000,0,0.00,0.00,0.00,'','0000-00-00','0000-00-00',1,1,1,0,30,0.00000,0),(30900,19,'5037',9,'',0.00000,0.00000,0.00000,0,0.00,0.00,0.00,'','0000-00-00','0000-00-00',1,1,1,0,30,0.00000,0),(30901,19,'5040',9,'',0.00000,0.00000,0.00000,0,0.00,0.00,0.00,'','0000-00-00','0000-00-00',1,1,1,0,30,0.00000,0),(30902,19,'5041',9,'',0.00000,0.00000,0.00000,0,0.00,0.00,0.00,'','0000-00-00','0000-00-00',1,1,1,0,30,0.00000,0),(30903,19,'5050',9,'',0.00000,0.00000,0.00000,0,0.00,0.00,0.00,'','0000-00-00','0000-00-00',1,1,1,0,30,0.00000,0),(30904,19,'5051',9,'',0.00000,0.00000,0.00000,0,0.00,0.00,0.00,'','0000-00-00','0000-00-00',1,1,1,0,30,0.00000,0),(30905,20,'5020',9,'',0.00000,0.00000,0.00000,0,0.00,0.00,0.00,'','0000-00-00','0000-00-00',1,1,1,0,30,0.00000,0),(30906,20,'5025',9,'',0.00000,0.00000,0.00000,0,0.00,0.00,0.00,'','0000-00-00','0000-00-00',1,1,1,0,30,0.00000,0),(30907,20,'5035',9,'',0.00000,0.00000,0.00000,0,0.00,0.00,0.00,'','0000-00-00','0000-00-00',1,1,1,0,30,0.00000,0),(30908,20,'5036',9,'',0.00000,0.00000,0.00000,0,0.00,0.00,0.00,'','0000-00-00','0000-00-00',1,1,1,0,30,0.00000,0),(30909,20,'5037',9,'',0.00000,0.00000,0.00000,0,0.00,0.00,0.00,'','0000-00-00','0000-00-00',1,1,1,0,30,0.00000,0),(30910,20,'5040',9,'',0.00000,0.00000,0.00000,0,0.00,0.00,0.00,'','0000-00-00','0000-00-00',1,1,1,0,30,0.00000,0),(30911,20,'5041',9,'',0.00000,0.00000,0.00000,0,0.00,0.00,0.00,'','0000-00-00','0000-00-00',1,1,1,0,30,0.00000,0),(30912,20,'5050',9,'',0.00000,0.00000,0.00000,0,0.00,0.00,0.00,'','0000-00-00','0000-00-00',1,1,1,0,30,0.00000,0),(30913,20,'5051',9,'',0.00000,0.00000,0.00000,0,0.00,0.00,0.00,'','0000-00-00','0000-00-00',1,1,1,0,30,0.00000,0),(30914,21,'5020',9,'',0.00000,0.00000,0.00000,0,0.00,0.00,0.00,'','0000-00-00','0000-00-00',1,1,1,0,30,0.00000,0),(30915,21,'5025',9,'',0.00000,0.00000,0.00000,0,0.00,0.00,0.00,'','0000-00-00','0000-00-00',1,1,1,0,30,0.00000,0),(30916,21,'5035',9,'',0.00000,0.00000,0.00000,0,0.00,0.00,0.00,'','0000-00-00','0000-00-00',1,1,1,0,30,0.00000,0),(30917,21,'5036',9,'',0.00000,0.00000,0.00000,0,0.00,0.00,0.00,'','0000-00-00','0000-00-00',1,1,1,0,30,0.00000,0),(30918,21,'5037',9,'',0.00000,0.00000,0.00000,0,0.00,0.00,0.00,'','0000-00-00','0000-00-00',1,1,1,0,30,0.00000,0),(30919,21,'5040',9,'',0.00000,0.00000,0.00000,0,0.00,0.00,0.00,'','0000-00-00','0000-00-00',1,1,1,0,30,0.00000,0),(30920,21,'5041',9,'',0.00000,0.00000,0.00000,0,0.00,0.00,0.00,'','0000-00-00','0000-00-00',1,1,1,0,30,0.00000,0),(30921,21,'5050',9,'',0.00000,0.00000,0.00000,0,0.00,0.00,0.00,'','0000-00-00','0000-00-00',1,1,1,0,30,0.00000,0),(30922,21,'5051',9,'',0.00000,0.00000,0.00000,0,0.00,0.00,0.00,'','0000-00-00','0000-00-00',1,1,1,0,30,0.00000,0),(30923,32,'5020',9,'',0.00000,0.00000,0.00000,0,0.00,0.00,0.00,'','0000-00-00','0000-00-00',1,1,1,0,30,0.00000,0),(30924,32,'5025',9,'',0.00000,0.00000,0.00000,0,0.00,0.00,0.00,'','0000-00-00','0000-00-00',1,1,1,0,30,0.00000,0),(30925,32,'5035',9,'',0.00000,0.00000,0.00000,0,0.00,0.00,0.00,'','0000-00-00','0000-00-00',1,1,1,0,30,0.00000,0),(30926,32,'5036',9,'',0.00000,0.00000,0.00000,0,0.00,0.00,0.00,'','0000-00-00','0000-00-00',1,1,1,0,30,0.00000,0),(30927,32,'5037',9,'',0.00000,0.00000,0.00000,0,0.00,0.00,0.00,'','0000-00-00','0000-00-00',1,1,1,0,30,0.00000,0),(30928,32,'5040',9,'',0.00000,0.00000,0.00000,0,0.00,0.00,0.00,'','0000-00-00','0000-00-00',1,1,1,0,30,0.00000,0),(30929,32,'5041',9,'',0.00000,0.00000,0.00000,0,0.00,0.00,0.00,'','0000-00-00','0000-00-00',1,1,1,0,30,0.00000,0),(30930,32,'5050',9,'',0.00000,0.00000,0.00000,0,0.00,0.00,0.00,'','0000-00-00','0000-00-00',1,1,1,0,30,0.00000,0),(30931,32,'5051',9,'',0.00000,0.00000,0.00000,0,0.00,0.00,0.00,'','0000-00-00','0000-00-00',1,1,1,0,30,0.00000,0),(31043,6,'5020',9,'',0.00000,0.00000,0.00000,0,0.00,0.00,0.00,'','0000-00-00','0000-00-00',1,1,1,30,0,0.00000,0),(31044,7,'5020',9,'',0.00000,0.00000,0.00000,0,0.00,0.00,0.00,'','0000-00-00','0000-00-00',1,1,1,30,0,0.00000,0),(31045,8,'5020',9,'',0.00000,0.00000,0.00000,0,0.00,0.00,0.00,'','0000-00-00','0000-00-00',1,1,1,30,0,0.00000,0),(31046,9,'5020',9,'',0.00000,0.00000,0.00000,0,0.00,0.00,0.00,'','0000-00-00','0000-00-00',1,1,1,30,0,0.00000,0),(31047,10,'5020',9,'',0.00000,0.00000,0.00000,0,0.00,0.00,0.00,'','0000-00-00','0000-00-00',1,1,1,30,0,0.00000,0),(31048,13,'5020',9,'',0.00000,0.00000,0.00000,0,0.00,0.00,0.00,'','0000-00-00','0000-00-00',1,1,1,30,0,0.00000,0),(31049,15,'5020',9,'',0.00000,0.00000,0.00000,0,0.00,0.00,0.00,'','0000-00-00','0000-00-00',1,1,1,30,0,0.00000,0),(31050,16,'5020',9,'',0.00000,0.00000,0.00000,0,0.00,0.00,0.00,'','0000-00-00','0000-00-00',1,1,1,30,0,0.00000,0),(31051,18,'5020',9,'',0.00000,0.00000,0.00000,0,0.00,0.00,0.00,'','0000-00-00','0000-00-00',1,1,1,30,0,0.00000,0),(31052,19,'5020',9,'',0.00000,0.00000,0.00000,0,0.00,0.00,0.00,'','0000-00-00','0000-00-00',1,1,1,30,0,0.00000,0),(31053,20,'5020',9,'',0.00000,0.00000,0.00000,0,0.00,0.00,0.00,'','0000-00-00','0000-00-00',1,1,1,30,0,0.00000,0),(31054,21,'5020',9,'',0.00000,0.00000,0.00000,0,0.00,0.00,0.00,'','0000-00-00','0000-00-00',1,1,1,30,0,0.00000,0),(31055,32,'5020',9,'',0.00000,0.00000,0.00000,0,0.00,0.00,0.00,'','0000-00-00','0000-00-00',1,1,1,30,0,0.00000,0),(31056,6,'5025',9,'',0.00000,0.00000,0.00000,0,0.00,0.00,0.00,'','0000-00-00','0000-00-00',1,1,1,30,0,0.00000,0),(31057,7,'5025',9,'',0.00000,0.00000,0.00000,0,0.00,0.00,0.00,'','0000-00-00','0000-00-00',1,1,1,30,0,0.00000,0),(31058,8,'5025',9,'',0.00000,0.00000,0.00000,0,0.00,0.00,0.00,'','0000-00-00','0000-00-00',1,1,1,30,0,0.00000,0),(31059,9,'5025',9,'',0.00000,0.00000,0.00000,0,0.00,0.00,0.00,'','0000-00-00','0000-00-00',1,1,1,30,0,0.00000,0),(31060,10,'5025',9,'',0.00000,0.00000,0.00000,0,0.00,0.00,0.00,'','0000-00-00','0000-00-00',1,1,1,30,0,0.00000,0),(31061,13,'5025',9,'',0.00000,0.00000,0.00000,0,0.00,0.00,0.00,'','0000-00-00','0000-00-00',1,1,1,30,0,0.00000,0),(31062,15,'5025',9,'',0.00000,0.00000,0.00000,0,0.00,0.00,0.00,'','0000-00-00','0000-00-00',1,1,1,30,0,0.00000,0),(31063,16,'5025',9,'',0.00000,0.00000,0.00000,0,0.00,0.00,0.00,'','0000-00-00','0000-00-00',1,1,1,30,0,0.00000,0),(31064,18,'5025',9,'',0.00000,0.00000,0.00000,0,0.00,0.00,0.00,'','0000-00-00','0000-00-00',1,1,1,30,0,0.00000,0),(31065,19,'5025',9,'',0.00000,0.00000,0.00000,0,0.00,0.00,0.00,'','0000-00-00','0000-00-00',1,1,1,30,0,0.00000,0),(31066,20,'5025',9,'',0.00000,0.00000,0.00000,0,0.00,0.00,0.00,'','0000-00-00','0000-00-00',1,1,1,30,0,0.00000,0),(31067,21,'5025',9,'',0.00000,0.00000,0.00000,0,0.00,0.00,0.00,'','0000-00-00','0000-00-00',1,1,1,30,0,0.00000,0),(31068,32,'5025',9,'',0.00000,0.00000,0.00000,0,0.00,0.00,0.00,'','0000-00-00','0000-00-00',1,1,1,30,0,0.00000,0),(31069,6,'5035',9,'',0.00000,0.00000,0.00000,0,0.00,0.00,0.00,'','0000-00-00','0000-00-00',1,1,1,30,0,0.00000,0),(31070,7,'5035',9,'',0.00000,0.00000,0.00000,0,0.00,0.00,0.00,'','0000-00-00','0000-00-00',1,1,1,30,0,0.00000,0),(31071,8,'5035',9,'',0.00000,0.00000,0.00000,0,0.00,0.00,0.00,'','0000-00-00','0000-00-00',1,1,1,30,0,0.00000,0),(31072,9,'5035',9,'',0.00000,0.00000,0.00000,0,0.00,0.00,0.00,'','0000-00-00','0000-00-00',1,1,1,30,0,0.00000,0),(31073,10,'5035',9,'',0.00000,0.00000,0.00000,0,0.00,0.00,0.00,'','0000-00-00','0000-00-00',1,1,1,30,0,0.00000,0),(31074,13,'5035',9,'',0.00000,0.00000,0.00000,0,0.00,0.00,0.00,'','0000-00-00','0000-00-00',1,1,1,30,0,0.00000,0),(31075,15,'5035',9,'',0.00000,0.00000,0.00000,0,0.00,0.00,0.00,'','0000-00-00','0000-00-00',1,1,1,30,0,0.00000,0),(31076,16,'5035',9,'',0.00000,0.00000,0.00000,0,0.00,0.00,0.00,'','0000-00-00','0000-00-00',1,1,1,30,0,0.00000,0),(31077,18,'5035',9,'',0.00000,0.00000,0.00000,0,0.00,0.00,0.00,'','0000-00-00','0000-00-00',1,1,1,30,0,0.00000,0),(31078,19,'5035',9,'',0.00000,0.00000,0.00000,0,0.00,0.00,0.00,'','0000-00-00','0000-00-00',1,1,1,30,0,0.00000,0),(31079,20,'5035',9,'',0.00000,0.00000,0.00000,0,0.00,0.00,0.00,'','0000-00-00','0000-00-00',1,1,1,30,0,0.00000,0),(31080,21,'5035',9,'',0.00000,0.00000,0.00000,0,0.00,0.00,0.00,'','0000-00-00','0000-00-00',1,1,1,30,0,0.00000,0),(31081,32,'5035',9,'',0.00000,0.00000,0.00000,0,0.00,0.00,0.00,'','0000-00-00','0000-00-00',1,1,1,30,0,0.00000,0),(31082,6,'5036',9,'',0.00000,0.00000,0.00000,0,0.00,0.00,0.00,'','0000-00-00','0000-00-00',1,1,1,30,0,0.00000,0),(31083,7,'5036',9,'',0.00000,0.00000,0.00000,0,0.00,0.00,0.00,'','0000-00-00','0000-00-00',1,1,1,30,0,0.00000,0),(31084,8,'5036',9,'',0.00000,0.00000,0.00000,0,0.00,0.00,0.00,'','0000-00-00','0000-00-00',1,1,1,30,0,0.00000,0),(31085,9,'5036',9,'',0.00000,0.00000,0.00000,0,0.00,0.00,0.00,'','0000-00-00','0000-00-00',1,1,1,30,0,0.00000,0),(31086,10,'5036',9,'',0.00000,0.00000,0.00000,0,0.00,0.00,0.00,'','0000-00-00','0000-00-00',1,1,1,30,0,0.00000,0),(31087,13,'5036',9,'',0.00000,0.00000,0.00000,0,0.00,0.00,0.00,'','0000-00-00','0000-00-00',1,1,1,30,0,0.00000,0),(31088,15,'5036',9,'',0.00000,0.00000,0.00000,0,0.00,0.00,0.00,'','0000-00-00','0000-00-00',1,1,1,30,0,0.00000,0),(31089,16,'5036',9,'',0.00000,0.00000,0.00000,0,0.00,0.00,0.00,'','0000-00-00','0000-00-00',1,1,1,30,0,0.00000,0),(31090,18,'5036',9,'',0.00000,0.00000,0.00000,0,0.00,0.00,0.00,'','0000-00-00','0000-00-00',1,1,1,30,0,0.00000,0),(31091,19,'5036',9,'',0.00000,0.00000,0.00000,0,0.00,0.00,0.00,'','0000-00-00','0000-00-00',1,1,1,30,0,0.00000,0),(31092,20,'5036',9,'',0.00000,0.00000,0.00000,0,0.00,0.00,0.00,'','0000-00-00','0000-00-00',1,1,1,30,0,0.00000,0),(31093,21,'5036',9,'',0.00000,0.00000,0.00000,0,0.00,0.00,0.00,'','0000-00-00','0000-00-00',1,1,1,30,0,0.00000,0),(31094,32,'5036',9,'',0.00000,0.00000,0.00000,0,0.00,0.00,0.00,'','0000-00-00','0000-00-00',1,1,1,30,0,0.00000,0),(31095,6,'5037',9,'',0.00000,0.00000,0.00000,0,0.00,0.00,0.00,'','0000-00-00','0000-00-00',1,1,1,30,0,0.00000,0),(31096,7,'5037',9,'',0.00000,0.00000,0.00000,0,0.00,0.00,0.00,'','0000-00-00','0000-00-00',1,1,1,30,0,0.00000,0),(31097,8,'5037',9,'',0.00000,0.00000,0.00000,0,0.00,0.00,0.00,'','0000-00-00','0000-00-00',1,1,1,30,0,0.00000,0),(31098,9,'5037',9,'',0.00000,0.00000,0.00000,0,0.00,0.00,0.00,'','0000-00-00','0000-00-00',1,1,1,30,0,0.00000,0),(31099,10,'5037',9,'',0.00000,0.00000,0.00000,0,0.00,0.00,0.00,'','0000-00-00','0000-00-00',1,1,1,30,0,0.00000,0),(31100,13,'5037',9,'',0.00000,0.00000,0.00000,0,0.00,0.00,0.00,'','0000-00-00','0000-00-00',1,1,1,30,0,0.00000,0),(31101,15,'5037',9,'',0.00000,0.00000,0.00000,0,0.00,0.00,0.00,'','0000-00-00','0000-00-00',1,1,1,30,0,0.00000,0),(31102,16,'5037',9,'',0.00000,0.00000,0.00000,0,0.00,0.00,0.00,'','0000-00-00','0000-00-00',1,1,1,30,0,0.00000,0),(31103,18,'5037',9,'',0.00000,0.00000,0.00000,0,0.00,0.00,0.00,'','0000-00-00','0000-00-00',1,1,1,30,0,0.00000,0),(31104,19,'5037',9,'',0.00000,0.00000,0.00000,0,0.00,0.00,0.00,'','0000-00-00','0000-00-00',1,1,1,30,0,0.00000,0),(31105,20,'5037',9,'',0.00000,0.00000,0.00000,0,0.00,0.00,0.00,'','0000-00-00','0000-00-00',1,1,1,30,0,0.00000,0),(31106,21,'5037',9,'',0.00000,0.00000,0.00000,0,0.00,0.00,0.00,'','0000-00-00','0000-00-00',1,1,1,30,0,0.00000,0),(31107,32,'5037',9,'',0.00000,0.00000,0.00000,0,0.00,0.00,0.00,'','0000-00-00','0000-00-00',1,1,1,30,0,0.00000,0),(31108,6,'5040',9,'',0.00000,0.00000,0.00000,0,0.00,0.00,0.00,'','0000-00-00','0000-00-00',1,1,1,30,0,0.00000,0),(31109,7,'5040',9,'',0.00000,0.00000,0.00000,0,0.00,0.00,0.00,'','0000-00-00','0000-00-00',1,1,1,30,0,0.00000,0),(31110,8,'5040',9,'',0.00000,0.00000,0.00000,0,0.00,0.00,0.00,'','0000-00-00','0000-00-00',1,1,1,30,0,0.00000,0),(31111,9,'5040',9,'',0.00000,0.00000,0.00000,0,0.00,0.00,0.00,'','0000-00-00','0000-00-00',1,1,1,30,0,0.00000,0),(31112,10,'5040',9,'',0.00000,0.00000,0.00000,0,0.00,0.00,0.00,'','0000-00-00','0000-00-00',1,1,1,30,0,0.00000,0),(31113,13,'5040',9,'',0.00000,0.00000,0.00000,0,0.00,0.00,0.00,'','0000-00-00','0000-00-00',1,1,1,30,0,0.00000,0),(31114,15,'5040',9,'',0.00000,0.00000,0.00000,0,0.00,0.00,0.00,'','0000-00-00','0000-00-00',1,1,1,30,0,0.00000,0),(31115,16,'5040',9,'',0.00000,0.00000,0.00000,0,0.00,0.00,0.00,'','0000-00-00','0000-00-00',1,1,1,30,0,0.00000,0),(31116,18,'5040',9,'',0.00000,0.00000,0.00000,0,0.00,0.00,0.00,'','0000-00-00','0000-00-00',1,1,1,30,0,0.00000,0),(31117,19,'5040',9,'',0.00000,0.00000,0.00000,0,0.00,0.00,0.00,'','0000-00-00','0000-00-00',1,1,1,30,0,0.00000,0),(31118,20,'5040',9,'',0.00000,0.00000,0.00000,0,0.00,0.00,0.00,'','0000-00-00','0000-00-00',1,1,1,30,0,0.00000,0),(31119,21,'5040',9,'',0.00000,0.00000,0.00000,0,0.00,0.00,0.00,'','0000-00-00','0000-00-00',1,1,1,30,0,0.00000,0),(31120,32,'5040',9,'',0.00000,0.00000,0.00000,0,0.00,0.00,0.00,'','0000-00-00','0000-00-00',1,1,1,30,0,0.00000,0),(31121,6,'5041',9,'',0.00000,0.00000,0.00000,0,0.00,0.00,0.00,'','0000-00-00','0000-00-00',1,1,1,30,0,0.00000,0),(31122,7,'5041',9,'',0.00000,0.00000,0.00000,0,0.00,0.00,0.00,'','0000-00-00','0000-00-00',1,1,1,30,0,0.00000,0),(31123,8,'5041',9,'',0.00000,0.00000,0.00000,0,0.00,0.00,0.00,'','0000-00-00','0000-00-00',1,1,1,30,0,0.00000,0),(31124,9,'5041',9,'',0.00000,0.00000,0.00000,0,0.00,0.00,0.00,'','0000-00-00','0000-00-00',1,1,1,30,0,0.00000,0),(31125,10,'5041',9,'',0.00000,0.00000,0.00000,0,0.00,0.00,0.00,'','0000-00-00','0000-00-00',1,1,1,30,0,0.00000,0),(31126,13,'5041',9,'',0.00000,0.00000,0.00000,0,0.00,0.00,0.00,'','0000-00-00','0000-00-00',1,1,1,30,0,0.00000,0),(31127,15,'5041',9,'',0.00000,0.00000,0.00000,0,0.00,0.00,0.00,'','0000-00-00','0000-00-00',1,1,1,30,0,0.00000,0),(31128,16,'5041',9,'',0.00000,0.00000,0.00000,0,0.00,0.00,0.00,'','0000-00-00','0000-00-00',1,1,1,30,0,0.00000,0),(31129,18,'5041',9,'',0.00000,0.00000,0.00000,0,0.00,0.00,0.00,'','0000-00-00','0000-00-00',1,1,1,30,0,0.00000,0),(31130,19,'5041',9,'',0.00000,0.00000,0.00000,0,0.00,0.00,0.00,'','0000-00-00','0000-00-00',1,1,1,30,0,0.00000,0),(31131,20,'5041',9,'',0.00000,0.00000,0.00000,0,0.00,0.00,0.00,'','0000-00-00','0000-00-00',1,1,1,30,0,0.00000,0),(31132,21,'5041',9,'',0.00000,0.00000,0.00000,0,0.00,0.00,0.00,'','0000-00-00','0000-00-00',1,1,1,30,0,0.00000,0),(31133,32,'5041',9,'',0.00000,0.00000,0.00000,0,0.00,0.00,0.00,'','0000-00-00','0000-00-00',1,1,1,30,0,0.00000,0),(31134,6,'5050',9,'',0.00000,0.00000,0.00000,0,0.00,0.00,0.00,'','0000-00-00','0000-00-00',1,1,1,30,0,0.00000,0),(31135,7,'5050',9,'',0.00000,0.00000,0.00000,0,0.00,0.00,0.00,'','0000-00-00','0000-00-00',1,1,1,30,0,0.00000,0),(31136,8,'5050',9,'',0.00000,0.00000,0.00000,0,0.00,0.00,0.00,'','0000-00-00','0000-00-00',1,1,1,30,0,0.00000,0),(31137,9,'5050',9,'',0.00000,0.00000,0.00000,0,0.00,0.00,0.00,'','0000-00-00','0000-00-00',1,1,1,30,0,0.00000,0),(31138,10,'5050',9,'',0.00000,0.00000,0.00000,0,0.00,0.00,0.00,'','0000-00-00','0000-00-00',1,1,1,30,0,0.00000,0),(31139,13,'5050',9,'',0.00000,0.00000,0.00000,0,0.00,0.00,0.00,'','0000-00-00','0000-00-00',1,1,1,30,0,0.00000,0),(31140,15,'5050',9,'',0.00000,0.00000,0.00000,0,0.00,0.00,0.00,'','0000-00-00','0000-00-00',1,1,1,30,0,0.00000,0),(31141,16,'5050',9,'',0.00000,0.00000,0.00000,0,0.00,0.00,0.00,'','0000-00-00','0000-00-00',1,1,1,30,0,0.00000,0),(31142,18,'5050',9,'',0.00000,0.00000,0.00000,0,0.00,0.00,0.00,'','0000-00-00','0000-00-00',1,1,1,30,0,0.00000,0),(31143,19,'5050',9,'',0.00000,0.00000,0.00000,0,0.00,0.00,0.00,'','0000-00-00','0000-00-00',1,1,1,30,0,0.00000,0),(31144,20,'5050',9,'',0.00000,0.00000,0.00000,0,0.00,0.00,0.00,'','0000-00-00','0000-00-00',1,1,1,30,0,0.00000,0),(31145,21,'5050',9,'',0.00000,0.00000,0.00000,0,0.00,0.00,0.00,'','0000-00-00','0000-00-00',1,1,1,30,0,0.00000,0),(31146,32,'5050',9,'',0.00000,0.00000,0.00000,0,0.00,0.00,0.00,'','0000-00-00','0000-00-00',1,1,1,30,0,0.00000,0),(31147,6,'5051',9,'',0.00000,0.00000,0.00000,0,0.00,0.00,0.00,'','0000-00-00','0000-00-00',1,1,1,30,0,0.00000,0),(31148,7,'5051',9,'',0.00000,0.00000,0.00000,0,0.00,0.00,0.00,'','0000-00-00','0000-00-00',1,1,1,30,0,0.00000,0),(31149,8,'5051',9,'',0.00000,0.00000,0.00000,0,0.00,0.00,0.00,'','0000-00-00','0000-00-00',1,1,1,30,0,0.00000,0),(31150,9,'5051',9,'',0.00000,0.00000,0.00000,0,0.00,0.00,0.00,'','0000-00-00','0000-00-00',1,1,1,30,0,0.00000,0),(31151,10,'5051',9,'',0.00000,0.00000,0.00000,0,0.00,0.00,0.00,'','0000-00-00','0000-00-00',1,1,1,30,0,0.00000,0),(31152,13,'5051',9,'',0.00000,0.00000,0.00000,0,0.00,0.00,0.00,'','0000-00-00','0000-00-00',1,1,1,30,0,0.00000,0),(31153,15,'5051',9,'',0.00000,0.00000,0.00000,0,0.00,0.00,0.00,'','0000-00-00','0000-00-00',1,1,1,30,0,0.00000,0),(31154,16,'5051',9,'',0.00000,0.00000,0.00000,0,0.00,0.00,0.00,'','0000-00-00','0000-00-00',1,1,1,30,0,0.00000,0),(31155,18,'5051',9,'',0.00000,0.00000,0.00000,0,0.00,0.00,0.00,'','0000-00-00','0000-00-00',1,1,1,30,0,0.00000,0),(31156,19,'5051',9,'',0.00000,0.00000,0.00000,0,0.00,0.00,0.00,'','0000-00-00','0000-00-00',1,1,1,30,0,0.00000,0),(31157,20,'5051',9,'',0.00000,0.00000,0.00000,0,0.00,0.00,0.00,'','0000-00-00','0000-00-00',1,1,1,30,0,0.00000,0),(31158,21,'5051',9,'',0.00000,0.00000,0.00000,0,0.00,0.00,0.00,'','0000-00-00','0000-00-00',1,1,1,30,0,0.00000,0),(31159,32,'5051',9,'',0.00000,0.00000,0.00000,0,0.00,0.00,0.00,'','0000-00-00','0000-00-00',1,1,1,30,0,0.00000,0),(31170,5,'5020',9,'',0.00000,0.00000,0.00000,0,0.00,0.00,0.00,'','0000-00-00','0000-00-00',1,1,1,27,0,0.00000,0),(31171,11,'5020',9,'',0.00000,0.00000,0.00000,0,0.00,0.00,0.00,'','0000-00-00','0000-00-00',1,1,1,30,0,0.00000,0),(31172,12,'5020',9,'',0.00000,0.00000,0.00000,0,0.00,0.00,0.00,'','0000-00-00','0000-00-00',1,1,1,30,0,0.00000,0),(31173,17,'5020',9,'',0.00000,0.00000,0.00000,0,0.00,0.00,0.00,'','0000-00-00','0000-00-00',1,1,1,30,0,0.00000,0),(31174,30,'5020',9,'',0.00000,0.00000,0.00000,0,0.00,0.00,0.00,'','0000-00-00','0000-00-00',1,1,1,30,0,0.00000,0),(31175,31,'5020',9,'',0.00000,0.00000,0.00000,0,0.00,0.00,0.00,'','0000-00-00','0000-00-00',1,1,1,4,0,0.00000,0),(31176,33,'5020',9,'',0.00000,0.00000,0.00000,0,0.00,0.00,0.00,'','0000-00-00','0000-00-00',1,1,1,1,0,0.00000,0),(31177,5,'5025',9,'',0.00000,0.00000,0.00000,0,0.00,0.00,0.00,'','0000-00-00','0000-00-00',1,1,1,27,0,0.00000,0),(31178,11,'5025',9,'',0.00000,0.00000,0.00000,0,0.00,0.00,0.00,'','0000-00-00','0000-00-00',1,1,1,30,0,0.00000,0),(31179,12,'5025',9,'',0.00000,0.00000,0.00000,0,0.00,0.00,0.00,'','0000-00-00','0000-00-00',1,1,1,30,0,0.00000,0),(31180,17,'5025',9,'',0.00000,0.00000,0.00000,0,0.00,0.00,0.00,'','0000-00-00','0000-00-00',1,1,1,30,0,0.00000,0),(31181,30,'5025',9,'',0.00000,0.00000,0.00000,0,0.00,0.00,0.00,'','0000-00-00','0000-00-00',1,1,1,30,0,0.00000,0),(31182,31,'5025',9,'',0.00000,0.00000,0.00000,0,0.00,0.00,0.00,'','0000-00-00','0000-00-00',1,1,1,4,0,0.00000,0),(31183,33,'5025',9,'',0.00000,0.00000,0.00000,0,0.00,0.00,0.00,'','0000-00-00','0000-00-00',1,1,1,1,0,0.00000,0),(31184,5,'5035',9,'',0.00000,0.00000,0.00000,0,0.00,0.00,0.00,'','0000-00-00','0000-00-00',1,1,1,27,0,0.00000,0),(31185,11,'5035',9,'',0.00000,0.00000,0.00000,0,0.00,0.00,0.00,'','0000-00-00','0000-00-00',1,1,1,30,0,0.00000,0),(31186,12,'5035',9,'',0.00000,0.00000,0.00000,0,0.00,0.00,0.00,'','0000-00-00','0000-00-00',1,1,1,30,0,0.00000,0),(31187,17,'5035',9,'',0.00000,0.00000,0.00000,0,0.00,0.00,0.00,'','0000-00-00','0000-00-00',1,1,1,30,0,0.00000,0),(31188,30,'5035',9,'',0.00000,0.00000,0.00000,0,0.00,0.00,0.00,'','0000-00-00','0000-00-00',1,1,1,30,0,0.00000,0),(31189,31,'5035',9,'',0.00000,0.00000,0.00000,0,0.00,0.00,0.00,'','0000-00-00','0000-00-00',1,1,1,4,0,0.00000,0),(31190,33,'5035',9,'',0.00000,0.00000,0.00000,0,0.00,0.00,0.00,'','0000-00-00','0000-00-00',1,1,1,1,0,0.00000,0),(31191,5,'5036',9,'',0.00000,0.00000,0.00000,0,0.00,0.00,0.00,'','0000-00-00','0000-00-00',1,1,1,27,0,0.00000,0),(31192,11,'5036',9,'',0.00000,0.00000,0.00000,0,0.00,0.00,0.00,'','0000-00-00','0000-00-00',1,1,1,30,0,0.00000,0),(31193,12,'5036',9,'',0.00000,0.00000,0.00000,0,0.00,0.00,0.00,'','0000-00-00','0000-00-00',1,1,1,30,0,0.00000,0),(31194,17,'5036',9,'',0.00000,0.00000,0.00000,0,0.00,0.00,0.00,'','0000-00-00','0000-00-00',1,1,1,30,0,0.00000,0),(31195,30,'5036',9,'',0.00000,0.00000,0.00000,0,0.00,0.00,0.00,'','0000-00-00','0000-00-00',1,1,1,30,0,0.00000,0),(31196,31,'5036',9,'',0.00000,0.00000,0.00000,0,0.00,0.00,0.00,'','0000-00-00','0000-00-00',1,1,1,4,0,0.00000,0),(31197,33,'5036',9,'',0.00000,0.00000,0.00000,0,0.00,0.00,0.00,'','0000-00-00','0000-00-00',1,1,1,1,0,0.00000,0),(31198,5,'5037',9,'',0.00000,0.00000,0.00000,0,0.00,0.00,0.00,'','0000-00-00','0000-00-00',1,1,1,27,0,0.00000,0),(31199,11,'5037',9,'',0.00000,0.00000,0.00000,0,0.00,0.00,0.00,'','0000-00-00','0000-00-00',1,1,1,30,0,0.00000,0),(31200,12,'5037',9,'',0.00000,0.00000,0.00000,0,0.00,0.00,0.00,'','0000-00-00','0000-00-00',1,1,1,30,0,0.00000,0),(31201,17,'5037',9,'',0.00000,0.00000,0.00000,0,0.00,0.00,0.00,'','0000-00-00','0000-00-00',1,1,1,30,0,0.00000,0),(31202,30,'5037',9,'',0.00000,0.00000,0.00000,0,0.00,0.00,0.00,'','0000-00-00','0000-00-00',1,1,1,30,0,0.00000,0),(31203,31,'5037',9,'',0.00000,0.00000,0.00000,0,0.00,0.00,0.00,'','0000-00-00','0000-00-00',1,1,1,4,0,0.00000,0),(31204,33,'5037',9,'',0.00000,0.00000,0.00000,0,0.00,0.00,0.00,'','0000-00-00','0000-00-00',1,1,1,1,0,0.00000,0),(31205,5,'5040',9,'',0.00000,0.00000,0.00000,0,0.00,0.00,0.00,'','0000-00-00','0000-00-00',1,1,1,27,0,0.00000,0),(31206,11,'5040',9,'',0.00000,0.00000,0.00000,0,0.00,0.00,0.00,'','0000-00-00','0000-00-00',1,1,1,30,0,0.00000,0),(31207,12,'5040',9,'',0.00000,0.00000,0.00000,0,0.00,0.00,0.00,'','0000-00-00','0000-00-00',1,1,1,30,0,0.00000,0),(31208,17,'5040',9,'',0.00000,0.00000,0.00000,0,0.00,0.00,0.00,'','0000-00-00','0000-00-00',1,1,1,30,0,0.00000,0),(31209,30,'5040',9,'',0.00000,0.00000,0.00000,0,0.00,0.00,0.00,'','0000-00-00','0000-00-00',1,1,1,30,0,0.00000,0),(31210,31,'5040',9,'',0.00000,0.00000,0.00000,0,0.00,0.00,0.00,'','0000-00-00','0000-00-00',1,1,1,4,0,0.00000,0),(31211,33,'5040',9,'',0.00000,0.00000,0.00000,0,0.00,0.00,0.00,'','0000-00-00','0000-00-00',1,1,1,1,0,0.00000,0),(31212,5,'5041',9,'',0.00000,0.00000,0.00000,0,0.00,0.00,0.00,'','0000-00-00','0000-00-00',1,1,1,27,0,0.00000,0),(31213,11,'5041',9,'',0.00000,0.00000,0.00000,0,0.00,0.00,0.00,'','0000-00-00','0000-00-00',1,1,1,30,0,0.00000,0),(31214,12,'5041',9,'',0.00000,0.00000,0.00000,0,0.00,0.00,0.00,'','0000-00-00','0000-00-00',1,1,1,30,0,0.00000,0),(31215,17,'5041',9,'',0.00000,0.00000,0.00000,0,0.00,0.00,0.00,'','0000-00-00','0000-00-00',1,1,1,30,0,0.00000,0),(31216,30,'5041',9,'',0.00000,0.00000,0.00000,0,0.00,0.00,0.00,'','0000-00-00','0000-00-00',1,1,1,30,0,0.00000,0),(31217,31,'5041',9,'',0.00000,0.00000,0.00000,0,0.00,0.00,0.00,'','0000-00-00','0000-00-00',1,1,1,4,0,0.00000,0),(31218,33,'5041',9,'',0.00000,0.00000,0.00000,0,0.00,0.00,0.00,'','0000-00-00','0000-00-00',1,1,1,1,0,0.00000,0),(31219,5,'5050',9,'',0.00000,0.00000,0.00000,0,0.00,0.00,0.00,'','0000-00-00','0000-00-00',1,1,1,27,0,0.00000,0),(31220,11,'5050',9,'',0.00000,0.00000,0.00000,0,0.00,0.00,0.00,'','0000-00-00','0000-00-00',1,1,1,30,0,0.00000,0),(31221,12,'5050',9,'',0.00000,0.00000,0.00000,0,0.00,0.00,0.00,'','0000-00-00','0000-00-00',1,1,1,30,0,0.00000,0),(31222,17,'5050',9,'',0.00000,0.00000,0.00000,0,0.00,0.00,0.00,'','0000-00-00','0000-00-00',1,1,1,30,0,0.00000,0),(31223,30,'5050',9,'',0.00000,0.00000,0.00000,0,0.00,0.00,0.00,'','0000-00-00','0000-00-00',1,1,1,30,0,0.00000,0),(31224,31,'5050',9,'',0.00000,0.00000,0.00000,0,0.00,0.00,0.00,'','0000-00-00','0000-00-00',1,1,1,4,0,0.00000,0),(31225,33,'5050',9,'',0.00000,0.00000,0.00000,0,0.00,0.00,0.00,'','0000-00-00','0000-00-00',1,1,1,1,0,0.00000,0),(31226,5,'5051',9,'',0.00000,0.00000,0.00000,0,0.00,0.00,0.00,'','0000-00-00','0000-00-00',1,1,1,27,0,0.00000,0),(31227,11,'5051',9,'',0.00000,0.00000,0.00000,0,0.00,0.00,0.00,'','0000-00-00','0000-00-00',1,1,1,30,0,0.00000,0),(31228,12,'5051',9,'',0.00000,0.00000,0.00000,0,0.00,0.00,0.00,'','0000-00-00','0000-00-00',1,1,1,30,0,0.00000,0),(31229,17,'5051',9,'',0.00000,0.00000,0.00000,0,0.00,0.00,0.00,'','0000-00-00','0000-00-00',1,1,1,30,0,0.00000,0),(31230,30,'5051',9,'',0.00000,0.00000,0.00000,0,0.00,0.00,0.00,'','0000-00-00','0000-00-00',1,1,1,30,0,0.00000,0),(31231,31,'5051',9,'',0.00000,0.00000,0.00000,0,0.00,0.00,0.00,'','0000-00-00','0000-00-00',1,1,1,4,0,0.00000,0),(31232,33,'5051',9,'',0.00000,0.00000,0.00000,0,0.00,0.00,0.00,'','0000-00-00','0000-00-00',1,1,1,1,0,0.00000,0),(31233,6,'1310',1,'',170.00000,0.00000,0.00000,0,0.00,0.00,0.00,'','0000-00-00','0000-00-00',1,1,1,0,0,0.00000,0);
/*!40000 ALTER TABLE `payroll_employee_account` ENABLE KEYS */;
UNLOCK TABLES;

--
-- Table structure for table `payroll_employee_career`
--

DROP TABLE IF EXISTS `payroll_employee_career`;
/*!40101 SET @saved_cs_client     = @@character_set_client */;
/*!40101 SET character_set_client = utf8 */;
CREATE TABLE `payroll_employee_career` (
  `id` int(11) NOT NULL AUTO_INCREMENT,
  `payroll_employee_ID` int(11) NOT NULL,
  `DateFrom` date NOT NULL,
  `CostCenter` varchar(20) CHARACTER SET latin1 NOT NULL,
  `Department` varchar(45) CHARACTER SET latin1 NOT NULL,
  `Position` varchar(45) CHARACTER SET latin1 NOT NULL,
  `Workplace` varchar(50) CHARACTER SET latin1 NOT NULL,
  PRIMARY KEY (`id`),
  KEY `fk_table3_payroll_employee1_idx` (`payroll_employee_ID`),
  CONSTRAINT `fk_table3_payroll_employee1` FOREIGN KEY (`payroll_employee_ID`) REFERENCES `payroll_employee` (`id`) ON DELETE CASCADE ON UPDATE NO ACTION
) ENGINE=InnoDB DEFAULT CHARSET=utf8;
/*!40101 SET character_set_client = @saved_cs_client */;

--
-- Dumping data for table `payroll_employee_career`
--

LOCK TABLES `payroll_employee_career` WRITE;
/*!40000 ALTER TABLE `payroll_employee_career` DISABLE KEYS */;
/*!40000 ALTER TABLE `payroll_employee_career` ENABLE KEYS */;
UNLOCK TABLES;

--
-- Table structure for table `payroll_employee_children`
--

DROP TABLE IF EXISTS `payroll_employee_children`;
/*!40101 SET @saved_cs_client     = @@character_set_client */;
/*!40101 SET character_set_client = utf8 */;
CREATE TABLE `payroll_employee_children` (
  `id` int(11) NOT NULL AUTO_INCREMENT,
  `payroll_employee_ID` int(11) NOT NULL,
  `Lastname` varchar(30) CHARACTER SET latin1 NOT NULL,
  `Firstname` varchar(30) CHARACTER SET latin1 NOT NULL,
  `Sex` varchar(1) CHARACTER SET latin1 NOT NULL,
  `DateOfBirth` date NOT NULL,
  `DateFrom` date NOT NULL,
  `DateTo` date NOT NULL,
  `Reason` varchar(60) CHARACTER SET latin1 NOT NULL,
  PRIMARY KEY (`id`),
  KEY `fk_payroll_employee_children_payroll_employee1_idx` (`payroll_employee_ID`),
  CONSTRAINT `fk_payroll_employee_children_payroll_employee1` FOREIGN KEY (`payroll_employee_ID`) REFERENCES `payroll_employee` (`id`) ON DELETE CASCADE ON UPDATE NO ACTION
) ENGINE=InnoDB AUTO_INCREMENT=4 DEFAULT CHARSET=utf8;
/*!40101 SET character_set_client = @saved_cs_client */;

--
-- Dumping data for table `payroll_employee_children`
--

LOCK TABLES `payroll_employee_children` WRITE;
/*!40000 ALTER TABLE `payroll_employee_children` DISABLE KEYS */;
INSERT INTO `payroll_employee_children` VALUES (1,21,'Kind','1','M','2012-01-01','2012-01-01','2028-12-31','Ende KiZu'),(2,21,'Kind','2','M','2000-01-01','2000-01-01','2015-12-31','Ende KiZu'),(3,11,'Kind','1','F','1996-01-01','1996-01-01','2020-12-31','Ende Ausbildung');
/*!40000 ALTER TABLE `payroll_employee_children` ENABLE KEYS */;
UNLOCK TABLES;

--
-- Table structure for table `payroll_employee_education`
--

DROP TABLE IF EXISTS `payroll_employee_education`;
/*!40101 SET @saved_cs_client     = @@character_set_client */;
/*!40101 SET character_set_client = utf8 */;
CREATE TABLE `payroll_employee_education` (
  `id` int(11) NOT NULL AUTO_INCREMENT,
  `payroll_employee_ID` int(11) NOT NULL,
  `DateFrom` date NOT NULL,
  `DateTo` date NOT NULL,
  `Education` varchar(40) CHARACTER SET latin1 NOT NULL,
  `Comment` varchar(160) CHARACTER SET latin1 NOT NULL,
  PRIMARY KEY (`id`),
  KEY `fk_payroll_employee_education_payroll_employee1_idx` (`payroll_employee_ID`),
  CONSTRAINT `fk_payroll_employee_education_payroll_employee1` FOREIGN KEY (`payroll_employee_ID`) REFERENCES `payroll_employee` (`id`) ON DELETE CASCADE ON UPDATE NO ACTION
) ENGINE=InnoDB DEFAULT CHARSET=utf8;
/*!40101 SET character_set_client = @saved_cs_client */;

--
-- Dumping data for table `payroll_employee_education`
--

LOCK TABLES `payroll_employee_education` WRITE;
/*!40000 ALTER TABLE `payroll_employee_education` DISABLE KEYS */;
/*!40000 ALTER TABLE `payroll_employee_education` ENABLE KEYS */;
UNLOCK TABLES;

--
-- Table structure for table `payroll_employee_field_def`
--

DROP TABLE IF EXISTS `payroll_employee_field_def`;
/*!40101 SET @saved_cs_client     = @@character_set_client */;
/*!40101 SET character_set_client = utf8 */;
CREATE TABLE `payroll_employee_field_def` (
  `fieldName` varchar(30) NOT NULL,
  `fieldType` tinyint(3) unsigned NOT NULL,
  `containerElement` tinyint(1) NOT NULL,
  `childOf` varchar(30) NOT NULL,
  `childOrder` tinyint(3) unsigned NOT NULL,
  `minLength` tinyint(3) unsigned NOT NULL,
  `maxLength` tinyint(3) unsigned NOT NULL,
  `system` tinyint(1) NOT NULL,
  `mandatory` tinyint(1) NOT NULL,
  `read-only` tinyint(1) NOT NULL,
  `regexPattern` varchar(255) NOT NULL,
  `minVal` decimal(12,5) NOT NULL,
  `maxVal` decimal(12,5) NOT NULL,
  `dataSource` varchar(30) NOT NULL,
  `dataSourceGroup` tinyint(4) unsigned NOT NULL,
  `dataSourceToken` tinyint(1) NOT NULL,
  `callback` tinyint(1) NOT NULL,
  `guiWidth` varchar(2) NOT NULL,
  PRIMARY KEY (`fieldName`)
) ENGINE=InnoDB DEFAULT CHARSET=latin1;
/*!40101 SET character_set_client = @saved_cs_client */;

--
-- Dumping data for table `payroll_employee_field_def`
--

LOCK TABLES `payroll_employee_field_def` WRITE;
/*!40000 ALTER TABLE `payroll_employee_field_def` DISABLE KEYS */;
INSERT INTO `payroll_employee_field_def` VALUES ('AdditionalAddrLine1',1,0,'',0,0,60,1,0,0,'',0.00000,0.00000,'',0,0,0,'XL'),('AdditionalAddrLine2',1,0,'',0,0,60,1,0,0,'',0.00000,0.00000,'',0,0,0,'XL'),('AdditionalAddrLine3',1,0,'',0,0,60,1,0,0,'',0.00000,0.00000,'',0,0,0,'XL'),('AdditionalAddrLine4',1,0,'',0,0,60,1,0,0,'',0.00000,0.00000,'',0,0,0,'XL'),('Age',3,0,'',0,0,3,1,0,1,'/^[0-9]{2,3}$/',15.00000,120.00000,'',0,0,0,'S'),('AgriculturalEmployee',2,0,'',0,0,0,1,0,0,'/^[01]{1,1}$/',0.00000,0.00000,'',0,0,0,'S'),('AHV-AVS-Number',1,0,'',0,0,15,1,0,0,'/^[1-9][0-9]{2}\\.[0-9]{2}\\.[1-8][0-9]{2}\\.[0-9]{3}$/',0.00000,0.00000,'',0,0,0,'L'),('AliensCategory',4,0,'',0,0,2,1,0,0,'',0.00000,0.00000,'payroll_empl_list',1,0,0,'L'),('AliensPermitNo',1,0,'',0,0,25,1,0,0,'',0.00000,0.00000,'',0,0,0,'L'),('Apprentice',2,0,'',0,0,0,1,0,0,'/^[01]{1,1}$/',0.00000,0.00000,'',0,0,0,'S'),('AttendedTimeCode',4,0,'',0,0,1,1,1,0,'',0.00000,0.00000,'payroll_empl_list',13,1,0,'L'),('AttendedTimeHours',3,0,'',0,0,6,1,0,0,'/^[0-9]{1,3}(\\.[0-9]{1,2})?$/',0.00000,999.99000,'',0,0,0,'M'),('BaseWage',3,0,'',0,0,10,1,1,0,'/^[0-9]{1,7}(\\.[0-9]{1,2})?$/',0.00000,9999999.00000,'',0,0,0,'M'),('CanteenLunchCheck',2,0,'',0,0,0,1,0,0,'/^[01]{1,1}$/',0.00000,0.00000,'',0,0,0,'S'),('City',1,0,'ZipCity',2,0,50,1,1,0,'',0.00000,0.00000,'',0,0,0,'L'),('CivilStatus',4,0,'',0,0,25,1,1,0,'/^[0-9]{1,9}$/',0.00000,0.00000,'payroll_empl_list',2,0,0,'XL'),('CodeAHV',4,0,'',0,0,1,1,1,0,'/^[1234568]{1,1}$/',0.00000,0.00000,'payroll_insurance_code',1,0,0,'L'),('CodeALV',4,0,'',0,0,1,1,1,0,'/^[12358]{1,1}$/',0.00000,0.00000,'payroll_insurance_code',2,0,0,'L'),('CodeBVG',4,0,'',0,0,2,1,1,0,'/^[0-9]{1,1}$/',0.00000,0.00000,'payroll_insurance_code',7,0,0,'L'),('CodeKTG',4,0,'',0,0,2,1,1,0,'/^[A-Z0-9]{2,2}$/',0.00000,0.00000,'payroll_insurance_code',6,0,0,'L'),('CodeUVG',4,0,'',0,0,2,1,1,0,'/^[A-Z]{1,1}[0-3]{1,1}$/',0.00000,0.00000,'payroll_insurance_code',4,0,0,'L'),('CodeUVGZ1',4,0,'',0,0,2,1,0,0,'/^([A-Z0-9]{2,2})?$/',0.00000,0.00000,'payroll_insurance_code',5,0,0,'L'),('CodeUVGZ2',4,0,'',0,0,2,1,0,0,'/^([A-Z0-9]{2,2})?$/',0.00000,0.00000,'payroll_insurance_code',5,0,0,'L'),('CostCenter',1,0,'',0,0,25,1,0,0,'',0.00000,0.00000,'',0,0,0,'M'),('CostUnit',1,0,'',0,0,2,1,0,0,'',0.00000,0.00000,'',0,0,0,'S'),('Country',4,0,'',0,0,25,1,1,0,'/^[A-Z]{2,2}$/',0.00000,0.00000,'payroll_empl_list',9,1,0,'L'),('DateOfBirth',5,0,'',0,0,10,1,1,0,'',0.00000,0.00000,'',0,0,1,'M'),('DedAtSrcCanton',4,0,'',0,0,2,1,0,0,'/^([A-Z]{2,2})?$/',0.00000,0.00000,'payroll_empl_list',3,1,0,'L'),('DedAtSrcCode',1,0,'',0,0,3,1,0,0,'',0.00000,0.00000,'',0,0,0,'S'),('DedAtSrcCompany',2,0,'',0,0,0,1,0,0,'/^[01]{1,1}$/',0.00000,0.00000,'',0,0,0,'S'),('DedAtSrcMode',4,0,'',0,0,1,1,1,0,'/^[1-5]{1,1}$/',0.00000,0.00000,'payroll_empl_list',11,1,0,'L'),('DedAtSrcMunicipality',1,0,'',0,0,14,1,0,0,'',0.00000,0.00000,'',0,0,0,'M'),('DedAtSrcPercentage',3,0,'',0,0,9,1,0,0,'/^[0-9]{1,6}(\\.[0-9]{1,2})?$/',0.00000,999999.99000,'',0,0,0,'M'),('Department',4,0,'',0,0,10,1,0,0,'',0.00000,0.00000,'payroll_empl_list',15,0,0,'L'),('Education',4,0,'',0,0,50,1,1,0,'/^[0-9]{1,9}$/',0.00000,0.00000,'payroll_empl_list',4,0,0,'XL'),('EmailCompany',1,0,'',0,0,75,1,0,0,'',0.00000,0.00000,'',0,0,0,'XL'),('EmailHome',1,0,'',0,0,75,1,0,0,'',0.00000,0.00000,'',0,0,0,'XL'),('EmployeeNumber',1,0,'',0,0,9,1,1,0,'/^[0-9]{1,9}$/',0.00000,0.00000,'',0,0,0,'M'),('EmploymentPercentage',3,0,'',0,0,6,1,0,0,'/^[0-9]{1,3}(\\.[0-9]{1,2})?$/',0.00000,999.00000,'',0,0,0,'M'),('EmploymentStatus',4,0,'',0,0,1,1,1,0,'',0.00000,0.00000,'payroll_empl_list',12,1,0,'L'),('Firstname',1,0,'',0,0,30,1,1,0,'',0.00000,0.00000,'',0,0,0,'L'),('FreeTransport',2,0,'',0,0,0,1,0,0,'/^[01]{1,1}$/',0.00000,0.00000,'',0,0,0,'S'),('FRFE05',1,0,'',0,0,1,0,0,0,'',0.00000,0.00000,'',0,0,0,'S'),('FRFE07',1,0,'',0,0,2,0,0,0,'',0.00000,0.00000,'',0,0,0,'S'),('FRFE10',1,0,'',0,0,2,0,0,0,'',0.00000,0.00000,'',0,0,0,'S'),('FRFE11',1,0,'',0,0,3,0,0,0,'',0.00000,0.00000,'',0,0,0,'S'),('FRFE12',1,0,'',0,0,3,0,0,0,'',0.00000,0.00000,'',0,0,0,'S'),('FRFE14',1,0,'',0,0,3,0,0,0,'',0.00000,0.00000,'',0,0,0,'S'),('FRFE15',1,0,'',0,0,3,0,0,0,'',0.00000,0.00000,'',0,0,0,'S'),('FRFE18',1,0,'',0,0,15,0,0,0,'',0.00000,0.00000,'',0,0,0,'M'),('FRFE22',3,0,'',0,0,3,0,0,0,'/^[0-9]{1,3}$/',-999.99000,999.99000,'',0,0,0,'S'),('FRFE24',3,0,'',0,0,3,0,0,0,'/^[0-9]{1,3}$/',-999.99000,999.99000,'',0,0,0,'S'),('FRFE27',3,0,'',0,0,3,0,0,0,'/^[0-9]{1,3}$/',-999.99000,999.99000,'',0,0,0,'S'),('id',3,0,'',0,0,0,1,0,0,'/^[0-9]{1,10}$/',0.00000,0.00000,'',0,0,0,'M'),('Language',4,0,'',0,0,2,1,1,0,'/^[a-z]{2,2}$/',0.00000,0.00000,'payroll_languages',0,1,0,'L'),('Lastname',1,0,'',0,0,30,1,1,0,'',0.00000,0.00000,'',0,0,0,'L'),('ManagementLevel',4,0,'',0,0,10,1,0,0,'/^[0-9]{1,9}$/',0.00000,0.00000,'payroll_empl_list',14,0,0,'L'),('MonthsOfService',3,0,'',0,0,2,1,0,1,'/^[0-9]{1,2}$/',0.00000,11.00000,'',0,0,0,'S'),('Nationality',4,0,'',0,0,50,1,0,0,'/^[A-Z]{2,2}$/',0.00000,0.00000,'core_intl_country_names',0,0,0,'L'),('payroll_company_ID',4,0,'',0,0,25,1,1,0,'/^[0-9]{1,10}$/',0.00000,0.00000,'payroll_company',0,0,0,'M'),('PensionerExemption',2,0,'',0,0,0,1,0,0,'/^[01]{1,1}$/',0.00000,0.00000,'',0,0,0,'S'),('PhoneNumber1',1,0,'',0,0,25,1,0,0,'',0.00000,0.00000,'',0,0,0,'L'),('PhoneNumber2',1,0,'',0,0,25,1,0,0,'',0.00000,0.00000,'',0,0,0,'L'),('PhoneNumber3',1,0,'',0,0,25,1,0,0,'',0.00000,0.00000,'',0,0,0,'L'),('PhoneNumber4',1,0,'',0,0,25,1,0,0,'',0.00000,0.00000,'',0,0,0,'L'),('PlaceOfOrigin',1,0,'',0,0,50,1,0,0,'',0.00000,0.00000,'',0,0,0,'L'),('Position',4,0,'',0,0,50,1,1,0,'/^[0-9]{1,9}$/',0.00000,0.00000,'payroll_empl_list',5,0,0,'L'),('ResidenceCanton',4,0,'',0,0,50,1,1,0,'/^[A-Z]{2,2}$/',0.00000,0.00000,'payroll_empl_list',3,1,0,'L'),('RetirementDate',5,0,'',0,0,10,1,0,1,'',0.00000,0.00000,'',0,0,0,'M'),('SeniorityJoining',5,0,'',0,0,10,1,0,0,'',0.00000,0.00000,'',0,0,1,'M'),('Sex',4,0,'',0,0,25,1,1,0,'/^[MF]{1}$/',0.00000,0.00000,'payroll_empl_list',7,1,1,'M'),('SingleParent',2,0,'',0,0,0,1,0,0,'/^[01]{1,1}$/',0.00000,0.00000,'',0,0,0,'S'),('Skill',4,0,'',0,0,50,1,1,0,'/^[0-9]{1,9}$/',0.00000,0.00000,'payroll_empl_list',6,0,0,'XL'),('Street',1,0,'',0,0,60,1,0,0,'',0.00000,0.00000,'',0,0,0,'XL'),('SV-AS-Number',1,0,'',0,0,17,1,0,0,'/^[0-9]{3}\\.[0-9]{4}\\.[0-9]{4}\\.[0-9]{1,2}$/',0.00000,0.00000,'',0,0,0,'L'),('tblchld',110,1,'',0,0,0,1,0,0,'',0.00000,0.00000,'payroll_employee_children',0,0,0,'XL'),('tblchld_DateFrom',5,0,'tblchld',5,0,10,1,1,0,'',0.00000,0.00000,'',0,0,0,'9'),('tblchld_DateOfBirth',5,0,'tblchld',4,0,10,1,1,0,'',0.00000,0.00000,'',0,0,0,'9'),('tblchld_DateTo',5,0,'tblchld',6,0,10,1,1,0,'',0.00000,0.00000,'',0,0,0,'9'),('tblchld_Firstname',1,0,'tblchld',2,0,30,1,1,0,'',0.00000,0.00000,'',0,0,0,'9'),('tblchld_Lastname',1,0,'tblchld',1,0,30,1,1,0,'',0.00000,0.00000,'',0,0,0,'9'),('tblchld_Reason',1,0,'tblchld',7,0,60,1,1,0,'',0.00000,0.00000,'',0,0,0,'9'),('tblchld_Sex',4,0,'tblchld',3,0,25,1,1,0,'/^[MF]{1}$/',0.00000,0.00000,'payroll_empl_list',7,1,0,'9'),('tblcrer',110,1,'',0,0,0,1,0,0,'',0.00000,0.00000,'payroll_employee_career',0,0,0,'XL'),('tblcrer_CostCenter',1,0,'tblcrer',2,0,20,1,0,0,'',0.00000,0.00000,'',0,0,0,'14'),('tblcrer_DateFrom',5,0,'tblcrer',1,0,10,1,1,0,'',0.00000,0.00000,'',0,0,0,'9'),('tblcrer_Department',1,0,'tblcrer',3,0,45,1,1,0,'',0.00000,0.00000,'',0,0,0,'14'),('tblcrer_Position',1,0,'tblcrer',4,0,45,1,1,0,'',0.00000,0.00000,'',0,0,0,'14'),('tblcrer_Workplace',1,0,'tblcrer',5,0,50,1,1,0,'',0.00000,0.00000,'',0,0,0,'12'),('tbledu',110,1,'',0,0,0,1,0,0,'',0.00000,0.00000,'payroll_employee_education',0,0,0,'XL'),('tbledu_Comment',1,0,'tbledu',4,0,160,1,0,0,'',0.00000,0.00000,'',0,0,0,'25'),('tbledu_DateFrom',5,0,'tbledu',1,0,10,1,1,0,'',0.00000,0.00000,'',0,0,0,'9'),('tbledu_DateTo',5,0,'tbledu',2,0,10,1,1,0,'',0.00000,0.00000,'',0,0,0,'9'),('tbledu_Education',1,0,'tbledu',3,0,40,1,1,0,'',0.00000,0.00000,'',0,0,0,'20'),('tblprd',110,1,'',0,0,0,1,0,0,'',0.00000,0.00000,'payroll_employment_period',0,0,0,'XL'),('tblprd_DateFrom',5,0,'tblprd',1,0,10,1,1,0,'',0.00000,0.00000,'',0,0,0,'9'),('tblprd_DateTo',5,0,'tblprd',2,0,10,1,0,0,'',0.00000,0.00000,'',0,0,0,'9'),('tblprd_Reason',4,0,'tblprd',3,0,50,1,0,0,'/^[0-9]{1,9}$/',0.00000,0.00000,'payroll_empl_list',8,0,0,'45'),('tblslry',110,1,'',0,0,0,1,0,0,'',0.00000,0.00000,'payroll_employee_salary',0,0,0,'XL'),('tblslry_BasicWage',3,0,'tblslry',3,0,10,1,1,0,'/^[0-9]{1,7}(\\.[0-9]{1,2})?$/',0.00000,9999999.00000,'',0,0,0,'9'),('tblslry_CostCenter',1,0,'tblslry',2,0,20,1,0,0,'',0.00000,0.00000,'',0,0,0,'30'),('tblslry_DateFrom',5,0,'tblslry',1,0,10,1,1,0,'',0.00000,0.00000,'',0,0,0,'9'),('tblslry_HourlyWage',3,0,'tblslry',4,0,7,1,1,0,'/^[0-9]{1,4}(\\.[0-9]{1,2})?$/',0.00000,9999.00000,'',0,0,0,'9'),('tblslry_Hours',3,0,'tblslry',5,0,6,1,1,0,'/^[0-9]{1,3}(\\.[0-9]{1,2})?$/',0.00000,999.00000,'',0,0,0,'6'),('WageCode',4,0,'',0,0,1,1,1,0,'/^[1-4]{1,1}$/',0.00000,0.00000,'payroll_empl_list',10,1,0,'L'),('WorkplaceCanton',4,0,'',0,0,25,1,1,0,'/^[A-Z]{2,2}$/',0.00000,0.00000,'payroll_empl_list',3,1,0,'L'),('WorkplaceCity',1,0,'',0,0,50,1,0,0,'',0.00000,0.00000,'',0,0,0,'L'),('YearsOfService',3,0,'',0,0,2,1,0,1,'/^[0-9]{1,2}$/',0.00000,99.00000,'',0,0,0,'S'),('ZIP-Code',1,0,'ZipCity',1,0,15,1,1,0,'',0.00000,0.00000,'',0,0,0,'S'),('ZipCity',100,1,'',0,0,0,1,0,0,'',0.00000,0.00000,'',0,0,0,'XL');
/*!40000 ALTER TABLE `payroll_employee_field_def` ENABLE KEYS */;
UNLOCK TABLES;

--
-- Table structure for table `payroll_employee_field_label`
--

DROP TABLE IF EXISTS `payroll_employee_field_label`;
/*!40101 SET @saved_cs_client     = @@character_set_client */;
/*!40101 SET character_set_client = utf8 */;
CREATE TABLE `payroll_employee_field_label` (
  `fieldName` varchar(30) NOT NULL,
  `language` varchar(2) NOT NULL,
  `label` varchar(50) NOT NULL,
  `helptext` text NOT NULL,
  PRIMARY KEY (`fieldName`),
  KEY `language` (`language`),
  CONSTRAINT `fk_payroll_employee_field_label_payroll_employee_field_def1` FOREIGN KEY (`fieldName`) REFERENCES `payroll_employee_field_def` (`fieldName`) ON DELETE CASCADE ON UPDATE NO ACTION
) ENGINE=InnoDB DEFAULT CHARSET=latin1;
/*!40101 SET character_set_client = @saved_cs_client */;

--
-- Dumping data for table `payroll_employee_field_label`
--

LOCK TABLES `payroll_employee_field_label` WRITE;
/*!40000 ALTER TABLE `payroll_employee_field_label` DISABLE KEYS */;
INSERT INTO `payroll_employee_field_label` VALUES ('AdditionalAddrLine1','de','Adresszeile 1',''),('AdditionalAddrLine2','de','Adresszeile 2',''),('AdditionalAddrLine3','de','Adresszeile 3',''),('AdditionalAddrLine4','de','Adresszeile 4',''),('Age','de','Alter',''),('AgriculturalEmployee','de','Landwirtschaftl. Angestellter',''),('AHV-AVS-Number','de','AHV-Nummer',''),('AliensCategory','de','Ausländerkategorie',''),('AliensPermitNo','de','Bewill-nr. Ausländer',''),('Apprentice','de','Lehrling/Praktikant',''),('AttendedTimeCode','de','Präsenzcode',''),('AttendedTimeHours','de','Präsenzstunden',''),('BaseWage','de','Basislohn',''),('CanteenLunchCheck','de','Kantinenverpfl./Lunch-Checks',''),('City','de','Ort',''),('CivilStatus','de','Zivilstand',''),('CodeAHV','de','AHV-Code',''),('CodeALV','de','ALV-Code',''),('CodeBVG','de','BVG-Code',''),('CodeKTG','de','KTG-Code',''),('CodeUVG','de','UVG-Code',''),('CodeUVGZ1','de','UVGZ1-Code',''),('CodeUVGZ2','de','UVGZ2-Code',''),('CostCenter','de','Stamm-Kostenstelle',''),('CostUnit','de','Kostenplatz',''),('Country','de','Land',''),('DateOfBirth','de','Geburtsdatum',''),('DedAtSrcCanton','de','QST Kanton',''),('DedAtSrcCode','de','QST Code',''),('DedAtSrcCompany','de','QST-Abz.d.AG',''),('DedAtSrcMode','de','QST Verarbeitung',''),('DedAtSrcMunicipality','de','QST pol. Gemeinde',''),('DedAtSrcPercentage','de','QST % oder CHF',''),('Department','de','Abteilung',''),('Education','de','Ausbildung',''),('EmailCompany','de','E-Mail Geschäft',''),('EmailHome','de','E-Mail privat',''),('EmployeeNumber','de','Personalnummer',''),('EmploymentPercentage','de','Prozentuale Arbeitszeit',''),('EmploymentStatus','de','Beschäftigungsstatus',''),('Firstname','de','Vorname',''),('FreeTransport','de','Unentgeltliche Beförderung',''),('FRFE05','de','Freies Feld 5',''),('FRFE07','de','Freies Feld 7',''),('FRFE10','de','Freies Feld 10',''),('FRFE11','de','Freies Feld 11',''),('FRFE12','de','Freies Feld 12',''),('FRFE14','de','Freies Feld 14',''),('FRFE15','de','Freies Feld 15',''),('FRFE18','de','Freies Feld 18',''),('FRFE22','de','Freies Feld 22',''),('FRFE24','de','Freies Feld 24',''),('FRFE27','de','Freies Feld 27',''),('id','de','Record ID',''),('Language','de','Sprache',''),('Lastname','de','Nachname',''),('ManagementLevel','de','Kaderstufe',''),('MonthsOfService','de','Dienstalter Monate',''),('Nationality','de','Nationalität',''),('payroll_company_ID','de','Firma ID',''),('PensionerExemption','de','Rentnerfreibetrag deaktiviert',''),('PhoneNumber1','de','Telefon 1',''),('PhoneNumber2','de','Telefon 2',''),('PhoneNumber3','de','Telefon 3',''),('PhoneNumber4','de','Telefon 4',''),('PlaceOfOrigin','de','Heimatort',''),('Position','de','Berufliche Stellung',''),('ResidenceCanton','de','Wohnkanton',''),('RetirementDate','de','Pensionsdatum',''),('SeniorityJoining','de','Dienstalter Eintritt',''),('Sex','de','Geschlecht',''),('SingleParent','de','Alleinerziehend',''),('Skill','de','Anforderungsniveau',''),('Street','de','Strasse',''),('SV-AS-Number','de','Versicherungsnummer',''),('tblchld','de','Kinderdaten',''),('tblchld_DateFrom','de','Datum von',''),('tblchld_DateOfBirth','de','Geb.Datum',''),('tblchld_DateTo','de','Datum bis',''),('tblchld_Firstname','de','Vorname',''),('tblchld_Lastname','de','Nachname',''),('tblchld_Reason','de','Grund',''),('tblchld_Sex','de','Geschlecht',''),('tblcrer','de','Beschäftigungsdaten',''),('tblcrer_CostCenter','de','Kostenstelle',''),('tblcrer_DateFrom','de','Datum von',''),('tblcrer_Department','de','Abteilung',''),('tblcrer_Position','de','Stellung',''),('tblcrer_Workplace','de','Arbeitsort',''),('tbledu','de','Ausbildungsdaten',''),('tbledu_Comment','de','Bemerkung',''),('tbledu_DateFrom','de','Datum von',''),('tbledu_DateTo','de','Datum bis',''),('tbledu_Education','de','Ausbildung',''),('tblprd','de','Beschäftigungsperioden',''),('tblprd_DateFrom','de','Datum von',''),('tblprd_DateTo','de','Datum bis',''),('tblprd_Reason','de','Kündigungsgrund',''),('tblslry','de','Lohnentwicklung',''),('tblslry_BasicWage','de','Basislohn',''),('tblslry_CostCenter','de','Kostenstelle',''),('tblslry_DateFrom','de','Datum von',''),('tblslry_HourlyWage','de','Stundenlohn',''),('tblslry_Hours','de','Anz.Std.',''),('WageCode','de','Lohn-Code',''),('WorkplaceCanton','de','Arbeitsplatzkanton',''),('WorkplaceCity','de','Arbeitsort',''),('YearsOfService','de','Dienstalter Jahre',''),('ZIP-Code','de','PLZ',''),('ZipCity','de','PLZ/Ort','');
/*!40000 ALTER TABLE `payroll_employee_field_label` ENABLE KEYS */;
UNLOCK TABLES;

--
-- Table structure for table `payroll_employee_salary`
--

DROP TABLE IF EXISTS `payroll_employee_salary`;
/*!40101 SET @saved_cs_client     = @@character_set_client */;
/*!40101 SET character_set_client = utf8 */;
CREATE TABLE `payroll_employee_salary` (
  `id` int(11) NOT NULL AUTO_INCREMENT,
  `payroll_employee_ID` int(11) NOT NULL,
  `DateFrom` date NOT NULL,
  `CostCenter` varchar(20) CHARACTER SET latin1 NOT NULL,
  `BasicWage` decimal(9,2) NOT NULL,
  `HourlyWage` decimal(6,2) NOT NULL,
  `Hours` decimal(5,2) NOT NULL,
  PRIMARY KEY (`id`),
  KEY `fk_table3_payroll_employee2_idx` (`payroll_employee_ID`),
  CONSTRAINT `fk_table3_payroll_employee2` FOREIGN KEY (`payroll_employee_ID`) REFERENCES `payroll_employee` (`id`) ON DELETE CASCADE ON UPDATE NO ACTION
) ENGINE=InnoDB DEFAULT CHARSET=utf8;
/*!40101 SET character_set_client = @saved_cs_client */;

--
-- Dumping data for table `payroll_employee_salary`
--

LOCK TABLES `payroll_employee_salary` WRITE;
/*!40000 ALTER TABLE `payroll_employee_salary` DISABLE KEYS */;
/*!40000 ALTER TABLE `payroll_employee_salary` ENABLE KEYS */;
UNLOCK TABLES;

--
-- Table structure for table `payroll_employment_period`
--

DROP TABLE IF EXISTS `payroll_employment_period`;
/*!40101 SET @saved_cs_client     = @@character_set_client */;
/*!40101 SET character_set_client = utf8 */;
CREATE TABLE `payroll_employment_period` (
  `id` int(11) NOT NULL AUTO_INCREMENT,
  `payroll_employee_ID` int(11) NOT NULL,
  `DateFrom` date NOT NULL,
  `DateTo` date NOT NULL,
  `Reason` int(11) NOT NULL,
  PRIMARY KEY (`id`),
  KEY `fk_payroll_employment_period_payroll_employee1_idx` (`payroll_employee_ID`),
  CONSTRAINT `fk_payroll_employment_period_payroll_employee1` FOREIGN KEY (`payroll_employee_ID`) REFERENCES `payroll_employee` (`id`) ON DELETE CASCADE ON UPDATE NO ACTION
) ENGINE=InnoDB AUTO_INCREMENT=43 DEFAULT CHARSET=utf8;
/*!40101 SET character_set_client = @saved_cs_client */;

--
-- Dumping data for table `payroll_employment_period`
--

LOCK TABLES `payroll_employment_period` WRITE;
/*!40000 ALTER TABLE `payroll_employment_period` DISABLE KEYS */;
INSERT INTO `payroll_employment_period` VALUES (9,5,'2010-06-01','2012-02-27',106),(10,6,'2009-06-01','0000-00-00',0),(11,7,'2011-01-01','0000-00-00',0),(12,8,'2011-01-01','0000-00-00',0),(13,9,'2011-09-01','0000-00-00',0),(14,10,'2012-01-01','2012-12-31',0),(15,11,'2010-08-01','2012-02-28',0),(16,12,'2012-02-01','2012-10-31',122),(17,13,'2011-08-01','0000-00-00',0),(18,14,'2012-03-01','0000-00-00',0),(19,15,'2011-10-01','2012-03-31',94),(20,16,'2011-10-01','2012-10-31',104),(21,17,'2009-01-01','2012-02-28',128),(22,18,'2011-11-01','2012-03-31',0),(23,19,'2011-12-01','0000-00-00',0),(24,20,'2010-06-01','0000-00-00',0),(25,21,'2009-07-01','2012-12-31',116),(26,22,'1976-08-01','2011-12-31',137),(27,23,'2004-07-01','2011-10-31',127),(28,24,'2011-03-15','2011-12-31',123),(29,25,'1976-09-02','2011-10-31',120),(30,26,'1971-03-01','2011-12-31',95),(31,27,'1991-02-01','2011-12-31',91),(32,28,'1966-04-01','2011-12-31',130),(33,29,'2009-10-01','2011-10-31',108),(34,30,'2012-02-01','2012-03-27',0),(35,31,'2012-02-27','0000-00-00',0),(36,32,'2011-05-01','2012-10-31',0),(37,33,'2012-02-28','2012-03-01',0),(38,34,'2012-02-20','2012-03-15',134),(40,11,'2012-10-31','0000-00-00',0),(41,15,'2012-10-01','2012-10-31',101),(42,15,'2012-12-01','0000-00-00',0);
/*!40000 ALTER TABLE `payroll_employment_period` ENABLE KEYS */;
UNLOCK TABLES;

--
-- Table structure for table `payroll_fin_acc_assign`
--

DROP TABLE IF EXISTS `payroll_fin_acc_assign`;
/*!40101 SET @saved_cs_client     = @@character_set_client */;
/*!40101 SET character_set_client = utf8 */;
CREATE TABLE `payroll_fin_acc_assign` (
  `id` int(11) NOT NULL AUTO_INCREMENT,
  `payroll_account_ID` int(11) NOT NULL,
  `payroll_employee_ID` int(11) NOT NULL,
  `payroll_company_ID` int(11) NOT NULL,
  `account_no` varchar(15) NOT NULL,
  `counter_account_no` varchar(15) NOT NULL,
  `cost_center` varchar(15) NOT NULL,
  `debitcredit` tinyint(1) NOT NULL,
  `entry_text` varchar(50) NOT NULL,
  `invert_value` tinyint(1) NOT NULL,
  `processing_order` tinyint(4) NOT NULL,
  PRIMARY KEY (`id`),
  KEY `idx_fin_acc_prcord` (`processing_order`)
) ENGINE=InnoDB AUTO_INCREMENT=110 DEFAULT CHARSET=latin1;
/*!40101 SET character_set_client = @saved_cs_client */;

--
-- Dumping data for table `payroll_fin_acc_assign`
--

LOCK TABLES `payroll_fin_acc_assign` WRITE;
/*!40000 ALTER TABLE `payroll_fin_acc_assign` DISABLE KEYS */;
INSERT INTO `payroll_fin_acc_assign` VALUES (1,1000,0,0,'5000','','',0,'Bruttolohn',0,9),(5,1005,0,0,'5000','','',0,'Bruttolohn',0,9),(6,1007,0,0,'5000','','',0,'Bruttolohn',0,9),(7,1010,0,0,'5000','','',0,'Bruttolohn',0,9),(8,1015,0,0,'5000','','',0,'Bruttolohn',0,9),(9,1016,0,0,'5000','','',0,'Bruttolohn',0,9),(10,1017,0,0,'5000','','',0,'Bruttolohn',0,9),(11,1018,0,0,'5000','','',0,'Bruttolohn',0,9),(13,1021,0,0,'5600','','',0,'Löhne Verwaltung',0,9),(14,1030,0,0,'5001','','',0,'Zulagen',0,9),(15,1031,0,0,'5001','','',0,'Zulagen',0,9),(16,1032,0,0,'5001','','',0,'Zulagen',0,9),(18,1050,0,0,'5001','','',0,'Zulagen',0,9),(19,1055,0,0,'5001','','',0,'Zulagen',0,9),(20,1061,0,0,'5002','','',0,'Zulagen',0,9),(21,1065,0,0,'5002','','',0,'Zulagen',0,9),(22,1071,0,0,'5001','','',0,'Zulagen',0,9),(23,1072,0,0,'5001','','',0,'Pikettentschädigung',0,9),(24,1073,0,0,'5001','','',0,'Zulagen',0,9),(25,1074,0,0,'5001','','',0,'Zulage',0,9),(26,1075,0,0,'5001','','',0,'Zulage',0,9),(27,1076,0,0,'5001','','',0,'Zulage',0,9),(28,1101,0,0,'5001','','',0,'Zulage',0,9),(29,1102,0,0,'5001','','',0,'Zulage',0,9),(30,1112,0,0,'5001','','',0,'Zulage',0,9),(31,1160,0,0,'5004','','',0,'Ferien',0,9),(32,1161,0,0,'5004','','',0,'Feiertage',0,9),(33,1162,0,0,'5004','','',0,'Ferien',0,9),(34,1200,0,0,'5005','','',0,'13. ML',0,9),(35,1201,0,0,'5006','','',0,'Grati',0,9),(36,1202,0,0,'5006','','',0,'Grati',0,9),(37,1210,0,0,'5007','','',0,'Boni',0,9),(38,1211,0,0,'5007','','',0,'Boni',0,9),(39,1212,0,0,'5007','','',0,'Boni',0,9),(40,1213,0,0,'5007','','',0,'Boni',0,9),(41,1214,0,0,'5003','','',0,'Prämien',0,9),(42,1215,0,0,'5003','','',0,'Prämien',0,9),(43,1216,0,0,'5003','','',0,'Prämien',0,9),(44,1217,0,0,'5007','','',0,'Boni',0,9),(45,1218,0,0,'5007','','',0,'Provision',0,9),(46,1219,0,0,'5003','','',0,'Prämien',0,9),(47,1230,0,0,'5009','','',0,'Dienstaltersgesch.',0,9),(48,1231,0,0,'5009','','',0,'Jubiläum',0,9),(49,1232,0,0,'5009','','',0,'Treueprämie',0,9),(50,1250,0,0,'5003','','',0,'Prämien',0,9),(51,1410,0,0,'5035','','',0,'Abfindung',0,9),(52,1500,0,0,'5601','','',0,'VR-Entschädigung',0,9),(53,1501,0,0,'5601','','',0,'VR-Entschädigung',0,9),(54,1503,0,0,'5601','','',0,'VR-Entschädigung',0,9),(55,1902,0,0,'5030','','',0,'Geldwerte Leistungen',0,9),(56,1910,0,0,'5030','','',0,'Geldwerte Leistungen',0,9),(57,1950,0,0,'5030','','',0,'Geldwerte Leistungen',0,9),(58,1961,0,0,'5032','','',0,'MA-Beteiligung',0,9),(59,1962,0,0,'5032','','',0,'MA-Beteiligung',0,9),(60,1971,0,0,'5740','','',0,'KTG',0,9),(61,1972,0,0,'5720','','',0,'BVG',0,9),(62,1973,0,0,'5721','','',0,'Einkauf BVG',0,9),(63,1975,0,0,'5731','','',0,'UVGZ',0,9),(64,1976,0,0,'5722','','',0,'3. Säule',0,9),(65,1977,0,0,'5722','','',0,'3. Säule',0,9),(66,1980,0,0,'5034','','',0,'Weiterbildung LA',0,9),(67,2000,0,0,'5010','','',0,'Taggelder',0,9),(68,2005,0,0,'5010','','',0,'Taggelder',0,9),(69,2010,0,0,'5010','','',0,'Taggelder',0,9),(70,1015,0,0,'5010','','',0,'Taggelder',0,9),(71,2020,0,0,'5010','','',0,'Taggelder',0,9),(72,2025,0,0,'5010','','',0,'Taggelder',0,9),(73,2030,0,0,'5010','','',0,'Taggelder',0,9),(74,2050,0,0,'5010','','',1,'Korr. Taggelder',0,9),(75,2060,0,0,'5000','','',1,'Bruttlohn',0,9),(76,2070,0,0,'5010','','',0,'Taggelder',0,9),(77,2075,0,0,'5000','','',0,'Bruttolohn',0,9),(78,3000,0,0,'5040','','',0,'Fam.Zulagen',0,9),(79,3030,0,0,'5040','','',0,'Fam.Zulagen',0,9),(80,3031,0,0,'5040','','',0,'Fam.Zulagen',0,9),(81,3032,0,0,'5040','','',0,'Fam.Zulagen',0,9),(82,3034,0,0,'5040','','',0,'Fam.Zulagen',0,9),(83,5010,0,0,'5700','','',1,'AHV',0,9),(84,5020,0,0,'5701','','',1,'ALV',0,9),(85,5030,0,0,'5701','','',1,'ALVZ',0,9),(86,5040,0,0,'5730','','',1,'UVG',0,9),(87,5041,0,0,'5731','','',1,'UVGZ',0,9),(88,5050,0,0,'5740','','',1,'KTG',0,9),(89,5051,0,0,'5740','','',1,'KTG',0,9),(90,5060,0,0,'5720','','',1,'BVG',0,9),(91,5065,0,0,'5720','','',1,'BVG',0,9),(92,5070,0,0,'5790','','',1,'QST',0,9),(93,5100,0,0,'5039','','',1,'Ausgl. geldw. Leistung',0,9),(94,5110,0,0,'5039','','',1,'Ausgl. geldw. Leistung',0,9),(95,5111,0,0,'5039','','',1,'Ausgl. geldw. Leistung',0,9),(96,5112,0,0,'5039','','',1,'Ausgl. geldw. Leistung',0,9),(97,6000,0,0,'5820','','',0,'Spesen',0,9),(98,6001,0,0,'5820','','',0,'Spesen',0,9),(99,6002,0,0,'5821','','',0,'Spesen',0,9),(100,6010,0,0,'5822','','',0,'Spesen',0,9),(101,6020,0,0,'5320','','',0,'Spesen',0,9),(102,6030,0,0,'5820','','',0,'Spesen',0,9),(103,6040,0,0,'5830','','',0,'Spesen',0,9),(104,6050,0,0,'5831','','',1,'Spesen',0,9),(105,6060,0,0,'5331','','',0,'Spesen',0,9),(106,6070,0,0,'5832','','',0,'Spesen',0,9),(107,6510,0,0,'1990','','',1,'Auszahlung',0,9),(108,8000,0,0,'1990','','',1,'Auszahlung',0,9),(109,1001,0,0,'5000','','',0,'Bruttolohn',0,9);
/*!40000 ALTER TABLE `payroll_fin_acc_assign` ENABLE KEYS */;
UNLOCK TABLES;

--
-- Table structure for table `payroll_fin_acc_entry`
--

DROP TABLE IF EXISTS `payroll_fin_acc_entry`;
/*!40101 SET @saved_cs_client     = @@character_set_client */;
/*!40101 SET character_set_client = utf8 */;
CREATE TABLE `payroll_fin_acc_entry` (
  `payroll_period_ID` int(11) NOT NULL,
  `payroll_employee_ID` int(11) NOT NULL,
  `payroll_account_ID` varchar(5) NOT NULL,
  `account_no` varchar(15) NOT NULL,
  `counter_account_no` varchar(15) NOT NULL,
  `cost_center` varchar(15) NOT NULL,
  `amount_local` decimal(11,2) NOT NULL,
  `debitcredit` tinyint(1) NOT NULL,
  `entry_text` varchar(50) NOT NULL,
  `amount_quantity` tinyint(1) NOT NULL,
  KEY `idx_fin_acc_ent_prd` (`payroll_period_ID`),
  KEY `idx_fin_acc_ent_emp` (`payroll_employee_ID`),
  KEY `idx_fin_acc_ent_acc` (`payroll_account_ID`)
) ENGINE=InnoDB DEFAULT CHARSET=utf8;
/*!40101 SET character_set_client = @saved_cs_client */;

--
-- Dumping data for table `payroll_fin_acc_entry`
--

LOCK TABLES `payroll_fin_acc_entry` WRITE;
/*!40000 ALTER TABLE `payroll_fin_acc_entry` DISABLE KEYS */;
INSERT INTO `payroll_fin_acc_entry` VALUES (11,23,'1000','5000','','',80000.00,0,'Bruttolohn',0),(11,23,'1061','5002','','',0.00,0,'Zulagen',0),(11,23,'5010','5700','','',-4040.00,1,'AHV',0),(11,23,'5020','5701','','',-800.00,1,'ALV',0),(11,23,'5030','5701','','',-1168.00,1,'ALVZ',0),(11,23,'5040','5730','','',-160.80,1,'UVG',0),(11,23,'5050','5740','','',-488.00,1,'KTG',0),(11,23,'5060','5720','','',-6400.00,1,'BVG',0),(11,23,'5070','5790','','',0.00,1,'QST',0),(11,23,'8000','1990','','',66943.20,1,'Auszahlung',0),(11,25,'1000','5000','','',84000.00,0,'Bruttolohn',0),(11,25,'1061','5002','','',0.00,0,'Zulagen',0),(11,25,'5010','5700','','',-4242.00,1,'AHV',0),(11,25,'5020','5701','','',-840.00,1,'ALV',0),(11,25,'5030','5701','','',-1226.40,1,'ALVZ',0),(11,25,'5040','5730','','',-168.85,1,'UVG',0),(11,25,'5050','5740','','',-512.40,1,'KTG',0),(11,25,'5060','5720','','',-6700.00,1,'BVG',0),(11,25,'5070','5790','','',0.00,1,'QST',0),(11,25,'8000','1990','','',70310.35,1,'Auszahlung',0),(11,29,'1000','5000','','',95000.00,0,'Bruttolohn',0),(11,29,'1061','5002','','',0.00,0,'Zulagen',0),(11,29,'5010','5700','','',-4797.50,1,'AHV',0),(11,29,'5020','5701','','',-890.00,1,'ALV',0),(11,29,'5030','5701','','',-1299.40,1,'ALVZ',0),(11,29,'5040','5730','','',-178.90,1,'UVG',0),(11,29,'5050','5740','','',-579.50,1,'KTG',0),(11,29,'5060','5720','','',-7600.00,1,'BVG',0),(11,29,'5070','5790','','',0.00,1,'QST',0),(11,29,'8000','1990','','',79624.70,1,'Auszahlung',0),(13,22,'1001','5000','','',280000.00,0,'Bruttolohn',0),(13,22,'1061','5002','','',0.00,0,'Zulagen',0),(13,22,'5010','5700','','',-14140.00,1,'AHV',0),(13,22,'5020','5701','','',-1068.00,1,'ALV',0),(13,22,'5030','5701','','',-1559.30,1,'ALVZ',0),(13,22,'5041','5731','','',-1098.10,1,'UVGZ',0),(13,22,'5051','5740','','',-1898.40,1,'KTG',0),(13,22,'5060','5720','','',-16000.00,1,'BVG',0),(13,22,'5070','5790','','',0.00,1,'QST',0),(13,22,'8000','1990','','',243435.20,1,'Auszahlung',0),(13,24,'1005','5000','','',0.00,0,'Bruttolohn',0),(13,24,'1005','5000','','',62496.00,0,'Bruttolohn',0),(13,24,'1061','5002','','',0.00,0,'Zulagen',0),(13,24,'1160','5004','','',5205.90,0,'Ferien',0),(13,24,'1161','5004','','',1999.85,0,'Feiertage',0),(13,24,'5010','5700','','',-3519.95,1,'AHV',0),(13,24,'5020','5701','','',-697.00,1,'ALV',0),(13,24,'5040','5730','','',-140.10,1,'UVG',0),(13,24,'5050','5740','','',-378.50,1,'KTG',0),(13,24,'5060','5720','','',-5600.00,1,'BVG',0),(13,24,'5070','5790','','',0.00,1,'QST',0),(13,24,'8000','1990','','',58237.05,1,'Auszahlung',0),(13,26,'1018','5000','','',14000.00,0,'Bruttolohn',0),(13,26,'1061','5002','','',0.00,0,'Zulagen',0),(13,26,'5010','5700','','',0.00,1,'AHV',0),(13,26,'5040','5730','','',-28.15,1,'UVG',0),(13,26,'5050','5740','','',-76.00,1,'KTG',0),(13,26,'5070','5790','','',0.00,1,'QST',0),(13,26,'8000','1990','','',13895.85,1,'Auszahlung',0),(13,27,'1000','5000','','',110000.00,0,'Bruttolohn',0),(13,27,'1061','5002','','',0.00,0,'Zulagen',0),(13,27,'5010','5700','','',-5555.00,1,'AHV',0),(13,27,'5020','5701','','',-1068.00,1,'ALV',0),(13,27,'5040','5730','','',-214.65,1,'UVG',0),(13,27,'5050','5740','','',-671.00,1,'KTG',0),(13,27,'5060','5720','','',-9000.00,1,'BVG',0),(13,27,'5070','5790','','',0.00,1,'QST',0),(13,27,'8000','1990','','',92204.45,1,'Auszahlung',0),(13,28,'1000','5000','','',20000.00,0,'Bruttolohn',0),(13,28,'1061','5002','','',0.00,0,'Zulagen',0),(13,28,'5010','5700','','',-161.60,1,'AHV',0),(13,28,'5030','5701','','',-292.00,1,'ALVZ',0),(13,28,'5040','5730','','',-40.20,1,'UVG',0),(13,28,'5050','5740','','',-122.00,1,'KTG',0),(13,28,'5070','5790','','',0.00,1,'QST',0),(13,28,'8000','1990','','',19384.20,1,'Auszahlung',0);
/*!40000 ALTER TABLE `payroll_fin_acc_entry` ENABLE KEYS */;
UNLOCK TABLES;

--
-- Table structure for table `payroll_formula`
--

DROP TABLE IF EXISTS `payroll_formula`;
/*!40101 SET @saved_cs_client     = @@character_set_client */;
/*!40101 SET character_set_client = utf8 */;
CREATE TABLE `payroll_formula` (
  `id` smallint(6) NOT NULL AUTO_INCREMENT,
  `formula` varchar(128) NOT NULL,
  PRIMARY KEY (`id`)
) ENGINE=InnoDB AUTO_INCREMENT=14 DEFAULT CHARSET=utf8;
/*!40101 SET character_set_client = @saved_cs_client */;

--
-- Dumping data for table `payroll_formula`
--

LOCK TABLES `payroll_formula` WRITE;
/*!40000 ALTER TABLE `payroll_formula` DISABLE KEYS */;
INSERT INTO `payroll_formula` VALUES (1,'(amount/rate+surcharge)*factor'),(2,'(amount*rate+surcharge)*factor'),(3,'(quantity*rate+surcharge)*factor'),(4,'quantity*(rate*factor+surcharge)'),(5,'(amount*rate/100+surcharge)*factor'),(6,'amount*rate/100*factor+surcharge'),(7,'(quantity/rate+surcharge)*factor'),(8,'quantity*rate'),(9,'amount*rate'),(13,'quantity*rate/100');
/*!40000 ALTER TABLE `payroll_formula` ENABLE KEYS */;
UNLOCK TABLES;

--
-- Table structure for table `payroll_insurance`
--

DROP TABLE IF EXISTS `payroll_insurance`;
/*!40101 SET @saved_cs_client     = @@character_set_client */;
/*!40101 SET character_set_client = utf8 */;
CREATE TABLE `payroll_insurance` (
  `id` int(11) NOT NULL AUTO_INCREMENT,
  `CompanyName` varchar(45) CHARACTER SET latin1 NOT NULL,
  `InsuranceID` varchar(15) CHARACTER SET latin1 NOT NULL,
  `IsSUVA` tinyint(1) NOT NULL DEFAULT '0',
  `SubNumber` varchar(4) CHARACTER SET latin1 NOT NULL,
  PRIMARY KEY (`id`)
) ENGINE=InnoDB AUTO_INCREMENT=8 DEFAULT CHARSET=utf8;
/*!40101 SET character_set_client = @saved_cs_client */;

--
-- Dumping data for table `payroll_insurance`
--

LOCK TABLES `payroll_insurance` WRITE;
/*!40000 ALTER TABLE `payroll_insurance` DISABLE KEYS */;
INSERT INTO `payroll_insurance` VALUES (1,'Ausgleichskasse Luzern','003.000',0,''),(2,'Ausgleichskasse Kanton Bern','002',0,''),(3,'Caisse de compensation du Canton du Valais','023',0,''),(4,'Pensionskasse Oldsoft Luzern','2600.88.1',0,''),(5,'Suva Wetzikon','',1,'01'),(6,'Backwork Versicherungen','2345.88 1',0,'');
/*!40000 ALTER TABLE `payroll_insurance` ENABLE KEYS */;
UNLOCK TABLES;

--
-- Table structure for table `payroll_insurance_cd_label`
--

DROP TABLE IF EXISTS `payroll_insurance_cd_label`;
/*!40101 SET @saved_cs_client     = @@character_set_client */;
/*!40101 SET character_set_client = utf8 */;
CREATE TABLE `payroll_insurance_cd_label` (
  `payroll_insurance_code_ID` int(11) NOT NULL,
  `language` varchar(2) NOT NULL,
  `label` varchar(45) NOT NULL,
  PRIMARY KEY (`language`,`payroll_insurance_code_ID`),
  KEY `idxInsCdLang` (`payroll_insurance_code_ID`,`language`),
  KEY `fkInsCode_idx` (`payroll_insurance_code_ID`),
  CONSTRAINT `fkInsCode` FOREIGN KEY (`payroll_insurance_code_ID`) REFERENCES `payroll_insurance_code` (`id`) ON DELETE CASCADE ON UPDATE NO ACTION
) ENGINE=InnoDB DEFAULT CHARSET=utf8;
/*!40101 SET character_set_client = @saved_cs_client */;

--
-- Dumping data for table `payroll_insurance_cd_label`
--

LOCK TABLES `payroll_insurance_cd_label` WRITE;
/*!40000 ALTER TABLE `payroll_insurance_cd_label` DISABLE KEYS */;
INSERT INTO `payroll_insurance_cd_label` VALUES (1,'de','Ausländer'),(2,'de','Ausländer'),(5,'de','BE KiZu bis 12J.'),(6,'de','LU KiZu bis 12J.'),(7,'de','VS KiZu bis 16J.'),(8,'de','Nicht UVG-versichert'),(9,'de','Nicht UVG-versichert'),(10,'de','Nicht UVG-versichert'),(11,'de','UVGZ Kat. 1'),(12,'de','UVGZ Kat. 2'),(13,'de','nicht KTG versichert'),(14,'de','bis HL 200\'000'),(15,'de','bis HL 500\'000'),(20,'de','Jugendliche, Sonderfälle'),(21,'de','AHV-pflichtig'),(22,'de','Rentner, pflichtig m. Freibetrag'),(23,'de','ALV-pflichtig'),(24,'de','BUV- und NBUV-versichert, mit NBUV-Abzug'),(25,'de','BUV- und NBUV-versichert, mit NBUV-Abzug'),(26,'de','BUV- und NBUV-versichert, mit NBUV-Abzug'),(27,'de','BUV- und NBUV-versichert, ohne NBUV-Abzug'),(28,'de','BUV- und NBUV-versichert, ohne NBUV-Abzug'),(29,'de','BUV- und NBUV-versichert, ohne NBUV-Abzug'),(30,'de','Nur BUV-versichert, deshalb kein NBUV-Abzug'),(31,'de','Nur BUV-versichert, deshalb kein NBUV-Abzug'),(32,'de','Nur BUV-versichert, deshalb kein NBUV-Abzug'),(33,'de','ALV-pflichtig, ohne Abzug'),(34,'de','Rentner, nicht pflichtig'),(35,'de','Rentner, pflichtig m. Freibetrag, ohne Abzug'),(36,'de','Jugendliche, Sonderfälle'),(37,'de','ALV-pflichtig, ohne Abzug'),(38,'de','Rentner, nicht pflichtig'),(40,'de','BE KiZu 12-16J.'),(41,'de','LU KiZu 12-16J.'),(42,'de','LU KiZu 16-25J.'),(43,'de','VS KiZu 16-25J.'),(44,'de','Nicht UVGZ versichert');
/*!40000 ALTER TABLE `payroll_insurance_cd_label` ENABLE KEYS */;
UNLOCK TABLES;

--
-- Table structure for table `payroll_insurance_code`
--

DROP TABLE IF EXISTS `payroll_insurance_code`;
/*!40101 SET @saved_cs_client     = @@character_set_client */;
/*!40101 SET character_set_client = utf8 */;
CREATE TABLE `payroll_insurance_code` (
  `id` int(11) NOT NULL AUTO_INCREMENT,
  `payroll_insurance_ID` int(11) NOT NULL,
  `payroll_insurance_type_ID` int(11) NOT NULL,
  `payroll_company_ID` int(11) NOT NULL,
  `InsuranceCode` varchar(10) NOT NULL,
  `CustomerIdentity` varchar(15) NOT NULL,
  `ContractIdentity` varchar(15) NOT NULL,
  PRIMARY KEY (`id`),
  KEY `idxCompany` (`payroll_company_ID`),
  KEY `fkInsuranceTp_idx` (`payroll_insurance_type_ID`),
  CONSTRAINT `fkCompany` FOREIGN KEY (`payroll_company_ID`) REFERENCES `payroll_company` (`id`) ON DELETE CASCADE ON UPDATE NO ACTION,
  CONSTRAINT `fkInsuranceTp` FOREIGN KEY (`payroll_insurance_type_ID`) REFERENCES `payroll_insurance_type` (`id`) ON DELETE CASCADE ON UPDATE NO ACTION
) ENGINE=InnoDB AUTO_INCREMENT=45 DEFAULT CHARSET=utf8;
/*!40101 SET character_set_client = @saved_cs_client */;

--
-- Dumping data for table `payroll_insurance_code`
--

LOCK TABLES `payroll_insurance_code` WRITE;
/*!40000 ALTER TABLE `payroll_insurance_code` DISABLE KEYS */;
INSERT INTO `payroll_insurance_code` VALUES (1,1,1,1,'8','100-9976.9',''),(2,1,2,1,'8','100-9976.9',''),(5,2,3,1,'BE1','100-2136.90',''),(6,1,3,1,'LU1','100-9976.70',''),(7,3,3,1,'VS1','100-5467.80',''),(8,5,4,1,'A0','1501-12577.6',''),(9,5,4,1,'B0','1501-12577.6',''),(10,5,4,1,'Z0','1501-12577.6',''),(11,6,5,1,'11','7651-873.1','4566-4'),(12,6,5,1,'12','7651-873.1','4566-4'),(13,6,6,1,'10','7651-873.1','4567-4'),(14,6,6,1,'11','7651-873.1','4567-4'),(15,6,6,1,'12','7651-873.1','4567-4'),(16,4,7,1,'0','1099-8777.1','4500-0'),(17,4,7,1,'1','1099-8777.1','4500-0'),(18,4,7,1,'2','1099-8777.1','4500-0'),(20,1,1,1,'2','100-9976.9',''),(21,1,1,1,'1','100-9976.9',''),(22,1,1,1,'4','100-9976.9',''),(23,1,2,1,'1','100-9976.9',''),(24,5,4,1,'A1','1501-12577.6',''),(25,5,4,1,'B1','1501-12577.6',''),(26,5,4,1,'Z1','1501-12577.6',''),(27,5,4,1,'A2','1501-12577.6',''),(28,5,4,1,'B2','1501-12577.6',''),(29,5,4,1,'Z2','1501-12577.6',''),(30,5,4,1,'A3','1501-12577.6',''),(31,5,4,1,'B3','1501-12577.6',''),(32,5,4,1,'Z3','1501-12577.6',''),(33,1,1,1,'3','100-9976.9',''),(34,1,1,1,'5','100-9976.9',''),(35,1,1,1,'6','100-9976.9',''),(36,1,2,1,'2','100-9976.9',''),(37,1,2,1,'3','100-9976.9',''),(38,1,2,1,'5','100-9976.9',''),(40,2,3,1,'BE2','100-2136.90',''),(41,1,3,1,'LU2','100-9976.70',''),(42,1,3,1,'LU3','100-9976.70',''),(43,1,3,1,'VS3','100-5467.80',''),(44,6,5,1,'10','7651-873.1','4566-4');
/*!40000 ALTER TABLE `payroll_insurance_code` ENABLE KEYS */;
UNLOCK TABLES;

--
-- Table structure for table `payroll_insurance_rate`
--

DROP TABLE IF EXISTS `payroll_insurance_rate`;
/*!40101 SET @saved_cs_client     = @@character_set_client */;
/*!40101 SET character_set_client = utf8 */;
CREATE TABLE `payroll_insurance_rate` (
  `id` int(11) NOT NULL AUTO_INCREMENT,
  `payroll_insurance_code_ID` int(11) NOT NULL,
  `payroll_account_ID` varchar(5) NOT NULL,
  `Description` varchar(15) NOT NULL,
  `rate` decimal(12,5) NOT NULL,
  `Sex` varchar(1) NOT NULL,
  `AgeFrom` tinyint(4) NOT NULL DEFAULT '0',
  `AgeTo` tinyint(4) NOT NULL DEFAULT '120',
  `CodeFrom` tinyint(4) NOT NULL,
  `CodeTo` tinyint(4) NOT NULL,
  `CodeAlph` varchar(5) NOT NULL,
  PRIMARY KEY (`id`),
  KEY `fkInsuranceCd_idx` (`payroll_insurance_code_ID`),
  CONSTRAINT `fkInsuranceCd` FOREIGN KEY (`payroll_insurance_code_ID`) REFERENCES `payroll_insurance_code` (`id`) ON DELETE CASCADE ON UPDATE NO ACTION
) ENGINE=InnoDB AUTO_INCREMENT=78 DEFAULT CHARSET=utf8;
/*!40101 SET character_set_client = @saved_cs_client */;

--
-- Dumping data for table `payroll_insurance_rate`
--

LOCK TABLES `payroll_insurance_rate` WRITE;
/*!40000 ALTER TABLE `payroll_insurance_rate` DISABLE KEYS */;
INSERT INTO `payroll_insurance_rate` VALUES (1,21,'5010','AHV',5.05000,'F',18,64,0,0,''),(2,21,'5010','AHV',5.05000,'M',18,65,0,0,''),(3,23,'5020','ALV',1.00000,'F',18,64,0,0,''),(4,23,'5020','ALVZ',1.00000,'M',18,65,0,0,''),(5,23,'5025','ALVZ',0.50000,'F',18,64,0,0,''),(6,23,'5025','ALVZ',0.50000,'M',18,65,0,0,''),(23,24,'5030','NBU',1.46000,'',0,120,1,2,''),(24,25,'5031','NBU',1.62000,'',0,120,1,2,''),(25,26,'5032','NBU',1.19000,'',0,120,1,2,''),(26,24,'5035','BU',0.60900,'',0,120,1,3,''),(27,25,'5036','BU',0.94000,'',0,120,1,3,''),(28,26,'5037','BU',0.53000,'',0,120,1,3,''),(29,27,'5039','NBU AG',0.00000,'',0,120,0,0,''),(30,28,'5039','NBU AG',0.00000,'',0,120,0,0,''),(31,29,'5039','NBU AG',0.00000,'',0,120,0,0,''),(35,24,'5039','NBU AG',1.00000,'',0,120,0,0,''),(36,25,'5039','NBU AG',1.00000,'',0,120,0,0,''),(37,26,'5039','NBU AG',1.00000,'',0,120,0,0,''),(38,11,'5040','UVGZ1',0.20100,'F',0,120,0,0,''),(39,11,'5040','UVGZ1',0.20100,'M',0,120,0,0,''),(40,12,'5041','UVGZ2',0.63400,'F',0,120,0,0,''),(41,12,'5041','UVGZ2',0.63400,'M',0,120,0,0,''),(42,14,'5050','KTG1',0.61000,'F',0,120,0,0,''),(43,14,'5050','KTG1',0.54300,'M',0,120,0,0,''),(44,15,'5051','KTG2',0.72000,'F',0,120,0,0,''),(45,15,'5051','KTG2',0.67800,'M',0,120,0,0,''),(46,22,'5010','AHV',5.05000,'F',64,120,0,0,''),(47,22,'5010','AHV',5.05000,'M',65,120,0,0,''),(48,27,'5030','NBU',1.46000,'',0,120,0,0,''),(49,28,'5031','NBU',1.62000,'',0,120,0,0,''),(50,29,'5032','NBU',1.19000,'',0,120,0,0,''),(51,27,'5035','BU',0.60900,'',0,120,0,0,''),(52,28,'5036','BU',0.94000,'',0,120,0,0,''),(53,29,'5037','BU',0.53000,'',0,120,0,0,''),(54,30,'5035','BU',0.60900,'',0,120,0,0,''),(55,31,'5036','BU',0.94000,'',0,120,0,0,''),(56,32,'5037','BU',0.53000,'',0,120,0,0,''),(57,21,'5013','AHV AG',0.00000,'F',18,64,0,0,''),(58,21,'5013','AHV AG',0.00000,'M',18,65,0,0,''),(59,23,'5023','ALV AG',0.00000,'F',18,64,0,0,''),(60,23,'5023','ALV AG',0.00000,'M',18,65,0,0,''),(61,22,'5013','AHV AG',0.00000,'F',64,120,0,0,''),(62,22,'5013','AHV AG',0.00000,'M',65,120,0,0,''),(66,5,'3000','BE1',160.00000,'',0,12,0,0,''),(67,40,'3000','BE2',190.00000,'',12,16,0,0,''),(68,6,'3000','LU1',180.00000,'',0,12,0,0,''),(69,41,'3000','LU2',200.00000,'',12,16,0,0,''),(70,42,'3000','LU3',230.00000,'',16,25,0,0,''),(71,7,'3000','VS1',260.00000,'',0,16,0,0,''),(72,43,'3000','VS3',360.00000,'',16,25,0,0,''),(73,44,'5040','kein UVGZ',0.00000,'',0,120,0,0,''),(74,13,'5050','kein KTG',0.00000,'',0,120,0,0,''),(75,16,'5060','kein BVG',0.00000,'',0,120,0,0,''),(76,17,'5060','BVG Gruppe1',0.00000,'',0,120,0,0,''),(77,18,'506','BVG Gruppe2',0.00000,'',0,12,0,0,'');
/*!40000 ALTER TABLE `payroll_insurance_rate` ENABLE KEYS */;
UNLOCK TABLES;

--
-- Table structure for table `payroll_insurance_type`
--

DROP TABLE IF EXISTS `payroll_insurance_type`;
/*!40101 SET @saved_cs_client     = @@character_set_client */;
/*!40101 SET character_set_client = utf8 */;
CREATE TABLE `payroll_insurance_type` (
  `id` int(11) NOT NULL AUTO_INCREMENT,
  `Description` varchar(15) NOT NULL,
  `SelectRateByAge` tinyint(1) NOT NULL,
  `SelectRateBySex` tinyint(1) NOT NULL,
  `SelectRateByNumCode` tinyint(1) NOT NULL,
  `SelectRateByAlphCode` tinyint(1) NOT NULL,
  `CodeField` varchar(15) NOT NULL,
  `InsCodeRegex` varchar(45) NOT NULL,
  `DeletePermission` tinyint(1) NOT NULL,
  `AppendPermission` tinyint(1) NOT NULL,
  PRIMARY KEY (`id`)
) ENGINE=InnoDB AUTO_INCREMENT=8 DEFAULT CHARSET=utf8;
/*!40101 SET character_set_client = @saved_cs_client */;

--
-- Dumping data for table `payroll_insurance_type`
--

LOCK TABLES `payroll_insurance_type` WRITE;
/*!40000 ALTER TABLE `payroll_insurance_type` DISABLE KEYS */;
INSERT INTO `payroll_insurance_type` VALUES (1,'AHV',1,1,1,0,'CodeAHV','',0,0),(2,'ALV',1,1,1,0,'CodeALV','',0,0),(3,'FAK',0,0,0,1,'ResidenceCanton','',1,1),(4,'UVG',0,0,0,0,'','',1,1),(5,'UVGZ',0,1,0,0,'','',1,1),(6,'KTG',0,1,0,0,'','',1,1),(7,'BVG',1,1,0,0,'','',1,1);
/*!40000 ALTER TABLE `payroll_insurance_type` ENABLE KEYS */;
UNLOCK TABLES;

--
-- Table structure for table `payroll_languages`
--

DROP TABLE IF EXISTS `payroll_languages`;
/*!40101 SET @saved_cs_client     = @@character_set_client */;
/*!40101 SET character_set_client = utf8 */;
CREATE TABLE `payroll_languages` (
  `core_intl_language_ID` varchar(2) NOT NULL,
  `DefaultLanguage` tinyint(1) NOT NULL,
  `UseForAccounts` tinyint(1) NOT NULL,
  `UseForEmployees` tinyint(1) NOT NULL,
  PRIMARY KEY (`core_intl_language_ID`)
) ENGINE=InnoDB DEFAULT CHARSET=utf8;
/*!40101 SET character_set_client = @saved_cs_client */;

--
-- Dumping data for table `payroll_languages`
--

LOCK TABLES `payroll_languages` WRITE;
/*!40000 ALTER TABLE `payroll_languages` DISABLE KEYS */;
INSERT INTO `payroll_languages` VALUES ('de',1,1,1),('fr',0,0,1),('it',0,0,1);
/*!40000 ALTER TABLE `payroll_languages` ENABLE KEYS */;
UNLOCK TABLES;

--
-- Table structure for table `payroll_mgmt_acc_assign`
--

DROP TABLE IF EXISTS `payroll_mgmt_acc_assign`;
/*!40101 SET @saved_cs_client     = @@character_set_client */;
/*!40101 SET character_set_client = utf8 */;
CREATE TABLE `payroll_mgmt_acc_assign` (
  `id` int(11) NOT NULL AUTO_INCREMENT,
  `payroll_account_ID` int(11) NOT NULL,
  `payroll_employee_ID` int(11) NOT NULL,
  `payroll_company_ID` int(11) NOT NULL,
  `account_no` varchar(15) NOT NULL,
  `counter_account_no` varchar(15) NOT NULL,
  `cost_center` varchar(15) NOT NULL,
  `debitcredit` tinyint(1) NOT NULL,
  `entry_text` varchar(50) NOT NULL,
  `invert_value` tinyint(1) NOT NULL,
  `processing_order` tinyint(4) NOT NULL,
  PRIMARY KEY (`id`),
  KEY `idx_fin_acc_prcord` (`processing_order`)
) ENGINE=InnoDB AUTO_INCREMENT=7 DEFAULT CHARSET=utf8;
/*!40101 SET character_set_client = @saved_cs_client */;

--
-- Dumping data for table `payroll_mgmt_acc_assign`
--

LOCK TABLES `payroll_mgmt_acc_assign` WRITE;
/*!40000 ALTER TABLE `payroll_mgmt_acc_assign` DISABLE KEYS */;
INSERT INTO `payroll_mgmt_acc_assign` VALUES (1,1000,0,0,'5122','','',0,'Text eins',0,9),(2,1000,8,0,'5133','','',0,'Text zwei',0,1),(3,5010,0,0,'5144','','',1,'Text drei',0,9);
/*!40000 ALTER TABLE `payroll_mgmt_acc_assign` ENABLE KEYS */;
UNLOCK TABLES;

--
-- Table structure for table `payroll_mgmt_acc_entry`
--

DROP TABLE IF EXISTS `payroll_mgmt_acc_entry`;
/*!40101 SET @saved_cs_client     = @@character_set_client */;
/*!40101 SET character_set_client = utf8 */;
CREATE TABLE `payroll_mgmt_acc_entry` (
  `payroll_period_ID` int(11) NOT NULL,
  `payroll_employee_ID` int(11) NOT NULL,
  `payroll_account_ID` varchar(5) NOT NULL,
  `account_no` varchar(15) NOT NULL,
  `counter_account_no` varchar(15) NOT NULL,
  `cost_center` varchar(15) NOT NULL,
  `amount_local` decimal(11,2) NOT NULL,
  `debitcredit` tinyint(1) NOT NULL,
  `entry_text` varchar(50) NOT NULL,
  `amount_quantity` tinyint(1) NOT NULL,
  KEY `idx_fin_acc_ent_prd` (`payroll_period_ID`),
  KEY `idx_fin_acc_ent_emp` (`payroll_employee_ID`),
  KEY `idx_fin_acc_ent_acc` (`payroll_account_ID`)
) ENGINE=InnoDB DEFAULT CHARSET=utf8;
/*!40101 SET character_set_client = @saved_cs_client */;

--
-- Dumping data for table `payroll_mgmt_acc_entry`
--

LOCK TABLES `payroll_mgmt_acc_entry` WRITE;
/*!40000 ALTER TABLE `payroll_mgmt_acc_entry` DISABLE KEYS */;
/*!40000 ALTER TABLE `payroll_mgmt_acc_entry` ENABLE KEYS */;
UNLOCK TABLES;

--
-- Table structure for table `payroll_mgmt_acc_split`
--

DROP TABLE IF EXISTS `payroll_mgmt_acc_split`;
/*!40101 SET @saved_cs_client     = @@character_set_client */;
/*!40101 SET character_set_client = utf8 */;
CREATE TABLE `payroll_mgmt_acc_split` (
  `id` int(11) NOT NULL AUTO_INCREMENT,
  `payroll_company_ID` int(11) NOT NULL,
  `payroll_employee_ID` int(11) NOT NULL,
  `payroll_account_ID` varchar(5) NOT NULL,
  `cost_center` varchar(15) NOT NULL,
  `amount` decimal(5,2) NOT NULL,
  `invert_value` tinyint(1) NOT NULL,
  `remainder` tinyint(1) NOT NULL,
  `processing_order` tinyint(4) NOT NULL,
  PRIMARY KEY (`id`)
) ENGINE=InnoDB AUTO_INCREMENT=6 DEFAULT CHARSET=latin1;
/*!40101 SET character_set_client = @saved_cs_client */;

--
-- Dumping data for table `payroll_mgmt_acc_split`
--

LOCK TABLES `payroll_mgmt_acc_split` WRITE;
/*!40000 ALTER TABLE `payroll_mgmt_acc_split` DISABLE KEYS */;
INSERT INTO `payroll_mgmt_acc_split` VALUES (1,0,0,'1000','94100',100.00,0,1,9),(2,0,0,'5010','92123',100.00,1,1,9),(3,0,8,'1000','94100',50.00,0,1,1),(4,0,8,'1000','91400',25.00,0,1,1);
/*!40000 ALTER TABLE `payroll_mgmt_acc_split` ENABLE KEYS */;
UNLOCK TABLES;

--
-- Table structure for table `payroll_payment_current`
--

DROP TABLE IF EXISTS `payroll_payment_current`;
/*!40101 SET @saved_cs_client     = @@character_set_client */;
/*!40101 SET character_set_client = utf8 */;
CREATE TABLE `payroll_payment_current` (
  `payroll_period_ID` int(11) NOT NULL,
  `payroll_employee_ID` int(11) NOT NULL,
  `payroll_payment_split_ID` int(11) NOT NULL,
  `amount_initial` decimal(10,2) NOT NULL,
  `amount_available` decimal(10,2) NOT NULL,
  `amount` decimal(10,2) NOT NULL,
  `processing_order` tinyint(4) NOT NULL,
  `split_mode` tinyint(4) NOT NULL,
  `payroll_account_ID` varchar(5) NOT NULL,
  `having_rounding` tinyint(1) NOT NULL,
  `round_param` decimal(7,2) NOT NULL,
  KEY `prl_pmnt_cur_main` (`payroll_period_ID`,`payroll_employee_ID`,`payroll_account_ID`),
  KEY `prl_pmnt_cur_order` (`processing_order`)
) ENGINE=MEMORY DEFAULT CHARSET=latin1;
/*!40101 SET character_set_client = @saved_cs_client */;

--
-- Dumping data for table `payroll_payment_current`
--

LOCK TABLES `payroll_payment_current` WRITE;
/*!40000 ALTER TABLE `payroll_payment_current` DISABLE KEYS */;
INSERT INTO `payroll_payment_current` VALUES (2,34,64,23017.75,22913.75,22913.75,2,2,'8000',0,0.00),(2,34,63,23017.75,23017.75,104.00,1,3,'8000',1,0.05),(2,33,62,21434.85,13289.60,13289.60,2,2,'8000',0,0.00),(2,33,61,21434.85,21434.85,8145.25,1,2,'8000',1,0.05),(2,32,60,20760.85,20398.85,20398.85,2,2,'8000',0,0.00),(2,32,59,20760.85,20760.85,362.00,1,3,'8000',1,0.05),(2,31,65,131.25,0.00,131.25,3,1,'9999',0,0.00),(2,31,58,19360.90,14907.90,14907.90,2,2,'8000',0,0.00),(2,31,57,19360.90,19360.90,4453.00,1,2,'8000',1,0.05),(2,27,50,15616.55,8589.10,8589.10,2,2,'8000',0,0.00),(2,27,49,15616.55,15616.55,7027.45,1,2,'8000',1,0.05),(2,26,48,14927.20,14688.20,14688.20,2,2,'8000',0,0.00),(2,26,47,14927.20,14927.20,239.00,1,3,'8000',1,0.05),(2,25,46,14235.65,8826.10,8826.10,2,2,'8000',0,0.00),(2,25,45,14235.65,14235.65,5409.55,1,2,'8000',1,0.05),(2,24,44,12800.40,12455.40,12455.40,2,2,'8000',0,0.00),(2,24,43,12800.40,12800.40,345.00,1,3,'8000',1,0.05),(2,23,42,12208.35,8545.85,8545.85,2,2,'8000',0,0.00),(2,23,41,12208.35,12208.35,3662.50,1,2,'8000',1,0.05),(2,22,40,10938.55,10674.55,10674.55,2,2,'8000',0,0.00),(2,22,39,10938.55,10938.55,264.00,1,3,'8000',1,0.05),(2,21,38,0.00,0.00,0.00,2,2,'8000',0,0.00),(2,21,37,0.00,0.00,0.00,1,2,'8000',1,0.05),(2,20,36,946.80,528.80,528.80,2,2,'8000',0,0.00),(2,20,35,946.80,946.80,418.00,1,3,'8000',1,0.05),(2,19,34,1435.35,818.15,818.15,2,2,'8000',0,0.00),(2,19,33,1435.35,1435.35,617.20,1,2,'8000',1,0.05),(2,18,32,8187.30,7939.30,7939.30,2,2,'8000',0,0.00),(2,18,31,8187.30,8187.30,248.00,1,3,'8000',1,0.05),(2,17,30,7736.35,3868.15,3868.15,2,2,'8000',0,0.00),(2,17,29,7736.35,7736.35,3868.20,1,2,'8000',1,0.05),(2,16,28,7259.65,7080.65,7080.65,2,2,'8000',0,0.00),(2,16,27,7259.65,7259.65,179.00,1,3,'8000',1,0.05),(2,15,26,7012.40,4277.55,4277.55,2,2,'8000',0,0.00),(2,15,25,7012.40,7012.40,2734.85,1,2,'8000',1,0.05),(2,14,24,6441.15,6237.15,6237.15,2,2,'8000',0,0.00),(2,14,23,6441.15,6441.15,204.00,1,3,'8000',1,0.05),(2,13,22,6124.90,5267.40,5267.40,2,2,'8000',0,0.00),(2,13,21,6124.90,6124.90,857.50,1,2,'8000',1,0.05),(2,12,20,5444.75,4982.75,4982.75,2,2,'8000',0,0.00),(2,12,19,5444.75,5444.75,462.00,1,3,'8000',1,0.05),(2,11,18,5013.25,2957.80,2957.80,2,2,'8000',0,0.00),(2,11,17,5013.25,5013.25,2055.45,1,2,'8000',1,0.05),(2,10,16,4663.60,4230.60,4230.60,2,2,'8000',0,0.00),(2,10,15,4663.60,4663.60,433.00,1,3,'8000',1,0.05),(2,9,14,4083.55,2531.80,2531.80,2,2,'8000',0,0.00),(2,9,13,4083.55,4083.55,1551.75,1,2,'8000',1,0.05),(2,8,12,3788.00,3551.00,3551.00,2,2,'8000',0,0.00),(2,8,11,3788.00,3788.00,237.00,1,3,'8000',1,0.05),(2,7,10,3259.15,3031.00,3031.00,2,2,'8000',0,0.00),(2,7,9,3259.15,3259.15,228.15,1,2,'8000',1,0.05),(2,6,8,2909.95,2674.95,2674.95,2,2,'8000',0,0.00),(2,6,7,2909.95,2909.95,235.00,1,3,'8000',1,0.05),(2,5,6,2305.75,902.85,902.85,6,2,'8000',0,0.00),(2,5,5,2305.75,2305.75,250.00,1,3,'8000',0,0.00),(2,5,2,2305.75,2055.75,1152.90,3,2,'8000',1,0.05),(6,11,18,5013.25,2957.80,2957.80,2,2,'8000',0,0.00),(6,5,6,2305.75,902.85,902.85,6,2,'8000',0,0.00),(6,5,2,2305.75,2055.75,1152.90,3,2,'8000',1,0.05),(6,28,52,16802.90,16557.90,16557.90,2,2,'8000',0,0.00),(6,7,10,3259.15,3031.00,3031.00,2,2,'8000',0,0.00),(6,7,9,3259.15,3259.15,228.15,1,2,'8000',1,0.05),(6,10,15,4734.30,4734.30,433.00,1,3,'8000',1,0.05),(6,5,5,2305.75,2305.75,250.00,1,3,'8000',0,0.00),(6,33,62,21434.85,13289.60,13289.60,2,2,'8000',0,0.00),(6,17,29,7736.35,7736.35,3868.20,1,2,'8000',1,0.05),(6,13,21,6124.90,6124.90,857.50,1,2,'8000',1,0.05),(6,10,16,4734.30,4301.30,4301.30,2,2,'8000',0,0.00),(6,8,12,3788.00,3551.00,3551.00,2,2,'8000',0,0.00),(6,6,7,2909.95,2909.95,235.00,1,3,'8000',1,0.05),(6,17,30,7736.35,3868.15,3868.15,2,2,'8000',0,0.00),(6,13,22,6124.90,5267.40,5267.40,2,2,'8000',0,0.00),(6,11,17,5013.25,5013.25,2055.45,1,2,'8000',1,0.05),(6,9,13,4083.55,4083.55,1551.75,1,2,'8000',1,0.05),(6,6,8,2909.95,2674.95,2674.95,2,2,'8000',0,0.00),(6,28,51,16802.90,16802.90,245.00,1,3,'8000',1,0.05),(6,14,23,6441.15,6441.15,204.00,1,3,'8000',1,0.05),(6,12,19,5444.75,5444.75,462.00,1,3,'8000',1,0.05),(6,9,14,4083.55,2531.80,2531.80,2,2,'8000',0,0.00),(6,8,11,3788.00,3788.00,237.00,1,3,'8000',1,0.05),(6,33,61,21434.85,21434.85,8145.25,1,2,'8000',1,0.05),(6,14,24,6441.15,6237.15,6237.15,2,2,'8000',0,0.00),(6,12,20,5444.75,4982.75,4982.75,2,2,'8000',0,0.00),(7,5,2,0.00,0.00,0.00,3,2,'8000',1,0.05),(7,5,5,0.00,0.00,0.00,1,3,'8000',0,0.00),(7,5,6,0.00,0.00,0.00,6,2,'8000',0,0.00),(7,6,7,0.00,0.00,0.00,1,3,'8000',1,0.05),(7,6,8,0.00,0.00,0.00,2,2,'8000',0,0.00),(7,7,9,0.00,0.00,0.00,1,2,'8000',1,0.05),(7,7,10,0.00,0.00,0.00,2,2,'8000',0,0.00),(7,8,11,0.00,0.00,0.00,1,3,'8000',1,0.05),(7,8,12,0.00,0.00,0.00,2,2,'8000',0,0.00),(7,9,13,0.00,0.00,0.00,1,2,'8000',1,0.05),(7,9,14,0.00,0.00,0.00,2,2,'8000',0,0.00),(7,34,64,23017.75,22913.75,22913.75,2,2,'8000',0,0.00),(7,34,63,23017.75,23017.75,104.00,1,3,'8000',1,0.05),(7,33,62,21434.85,13289.60,13289.60,2,2,'8000',0,0.00),(7,33,61,21434.85,21434.85,8145.25,1,2,'8000',1,0.05),(7,32,60,20760.85,20398.85,20398.85,2,2,'8000',0,0.00),(7,32,59,20760.85,20760.85,362.00,1,3,'8000',1,0.05),(7,31,65,131.25,0.00,131.25,3,1,'9999',0,0.00),(7,31,58,19360.90,14907.90,14907.90,2,2,'8000',0,0.00),(7,31,57,19360.90,19360.90,4453.00,1,2,'8000',1,0.05),(7,30,56,15292.15,14979.15,14979.15,2,2,'8000',0,0.00),(7,30,55,15292.15,15292.15,313.00,1,3,'8000',1,0.05),(7,29,54,17946.00,10947.05,10947.05,2,2,'8000',0,0.00),(7,29,53,17946.00,17946.00,6998.95,1,2,'8000',1,0.05),(7,28,52,15964.60,15719.60,15719.60,2,2,'8000',0,0.00),(7,28,51,15964.60,15964.60,245.00,1,3,'8000',1,0.05),(7,27,50,15616.55,8589.10,8589.10,2,2,'8000',0,0.00),(7,27,49,15616.55,15616.55,7027.45,1,2,'8000',1,0.05),(7,26,48,14331.30,14092.30,14092.30,2,2,'8000',0,0.00),(7,26,47,14331.30,14331.30,239.00,1,3,'8000',1,0.05),(7,25,46,14235.65,8826.10,8826.10,2,2,'8000',0,0.00),(7,25,45,14235.65,14235.65,5409.55,1,2,'8000',1,0.05),(7,24,44,12800.40,12455.40,12455.40,2,2,'8000',0,0.00),(7,24,43,12800.40,12800.40,345.00,1,3,'8000',1,0.05),(7,23,42,12208.35,8545.85,8545.85,2,2,'8000',0,0.00),(7,23,41,12208.35,12208.35,3662.50,1,2,'8000',1,0.05),(7,22,40,10938.55,10674.55,10674.55,2,2,'8000',0,0.00),(7,22,39,10938.55,10938.55,264.00,1,3,'8000',1,0.05),(7,21,38,10160.40,7112.30,7112.30,2,2,'8000',0,0.00),(7,21,37,10160.40,10160.40,3048.10,1,2,'8000',1,0.05),(7,20,36,946.80,528.80,528.80,2,2,'8000',0,0.00),(7,20,35,946.80,946.80,418.00,1,3,'8000',1,0.05),(7,19,34,1472.85,839.50,839.50,2,2,'8000',0,0.00),(7,19,33,1472.85,1472.85,633.35,1,2,'8000',1,0.05),(7,18,32,8187.30,7939.30,7939.30,2,2,'8000',0,0.00),(7,18,31,8187.30,8187.30,248.00,1,3,'8000',1,0.05),(7,17,30,7736.35,3868.15,3868.15,2,2,'8000',0,0.00),(7,17,29,7736.35,7736.35,3868.20,1,2,'8000',1,0.05),(7,16,28,7259.65,7080.65,7080.65,2,2,'8000',0,0.00),(7,16,27,7259.65,7259.65,179.00,1,3,'8000',1,0.05),(7,15,26,7012.40,4277.55,4277.55,2,2,'8000',0,0.00),(7,15,25,7012.40,7012.40,2734.85,1,2,'8000',1,0.05),(7,14,24,6441.15,6237.15,6237.15,2,2,'8000',0,0.00),(7,14,23,6441.15,6441.15,204.00,1,3,'8000',1,0.05),(7,13,22,6124.90,5267.40,5267.40,2,2,'8000',0,0.00),(7,13,21,6124.90,6124.90,857.50,1,2,'8000',1,0.05),(7,12,20,5444.75,4982.75,4982.75,2,2,'8000',0,0.00),(7,12,19,5444.75,5444.75,462.00,1,3,'8000',1,0.05),(7,11,18,5013.25,2957.80,2957.80,2,2,'8000',0,0.00),(7,11,17,5013.25,5013.25,2055.45,1,2,'8000',1,0.05),(7,10,16,4552.50,4119.50,4119.50,2,2,'8000',0,0.00),(7,10,15,4552.50,4552.50,433.00,1,3,'8000',1,0.05),(8,34,64,23017.75,22913.75,22913.75,2,2,'8000',0,0.00),(8,34,63,23017.75,23017.75,104.00,1,3,'8000',1,0.05),(8,33,62,21434.85,13289.60,13289.60,2,2,'8000',0,0.00),(8,33,61,21434.85,21434.85,8145.25,1,2,'8000',1,0.05),(8,32,60,20760.85,20398.85,20398.85,2,2,'8000',0,0.00),(8,32,59,20760.85,20760.85,362.00,1,3,'8000',1,0.05),(8,31,65,131.25,0.00,131.25,3,1,'9999',0,0.00),(8,31,58,19360.90,14907.90,14907.90,2,2,'8000',0,0.00),(8,31,57,19360.90,19360.90,4453.00,1,2,'8000',1,0.05),(8,30,56,15292.15,14979.15,14979.15,2,2,'8000',0,0.00),(8,30,55,15292.15,15292.15,313.00,1,3,'8000',1,0.05),(8,29,54,17946.00,10947.05,10947.05,2,2,'8000',0,0.00),(8,29,53,17946.00,17946.00,6998.95,1,2,'8000',1,0.05),(8,28,52,15126.30,14881.30,14881.30,2,2,'8000',0,0.00),(8,28,51,15126.30,15126.30,245.00,1,3,'8000',1,0.05),(8,27,50,15616.55,8589.10,8589.10,2,2,'8000',0,0.00),(8,27,49,15616.55,15616.55,7027.45,1,2,'8000',1,0.05),(8,26,48,13594.00,13355.00,13355.00,2,2,'8000',0,0.00),(8,26,47,13594.00,13594.00,239.00,1,3,'8000',1,0.05),(8,25,46,14235.65,8826.10,8826.10,2,2,'8000',0,0.00),(8,25,45,14235.65,14235.65,5409.55,1,2,'8000',1,0.05),(8,24,44,12800.40,12455.40,12455.40,2,2,'8000',0,0.00),(8,24,43,12800.40,12800.40,345.00,1,3,'8000',1,0.05),(8,23,42,12208.35,8545.85,8545.85,2,2,'8000',0,0.00),(8,23,41,12208.35,12208.35,3662.50,1,2,'8000',1,0.05),(8,22,40,10938.55,10674.55,10674.55,2,2,'8000',0,0.00),(8,22,39,10938.55,10938.55,264.00,1,3,'8000',1,0.05),(8,21,38,10160.40,7112.30,7112.30,2,2,'8000',0,0.00),(8,21,37,10160.40,10160.40,3048.10,1,2,'8000',1,0.05),(8,20,36,946.80,528.80,528.80,2,2,'8000',0,0.00),(8,20,35,946.80,946.80,418.00,1,3,'8000',1,0.05),(8,19,34,1472.85,839.50,839.50,2,2,'8000',0,0.00),(8,19,33,1472.85,1472.85,633.35,1,2,'8000',1,0.05),(8,18,32,8187.30,7939.30,7939.30,2,2,'8000',0,0.00),(8,18,31,8187.30,8187.30,248.00,1,3,'8000',1,0.05),(8,17,30,7736.35,3868.15,3868.15,2,2,'8000',0,0.00),(8,17,29,7736.35,7736.35,3868.20,1,2,'8000',1,0.05),(8,16,28,7259.65,7080.65,7080.65,2,2,'8000',0,0.00),(8,16,27,7259.65,7259.65,179.00,1,3,'8000',1,0.05),(8,15,26,7012.40,4277.55,4277.55,2,2,'8000',0,0.00),(8,15,25,7012.40,7012.40,2734.85,1,2,'8000',1,0.05),(8,14,24,6441.15,6237.15,6237.15,2,2,'8000',0,0.00),(8,14,23,6441.15,6441.15,204.00,1,3,'8000',1,0.05),(8,13,22,6124.90,5267.40,5267.40,2,2,'8000',0,0.00),(8,13,21,6124.90,6124.90,857.50,1,2,'8000',1,0.05),(8,12,20,5444.75,4982.75,4982.75,2,2,'8000',0,0.00),(8,12,19,5444.75,5444.75,462.00,1,3,'8000',1,0.05),(8,11,18,5013.25,2957.80,2957.80,2,2,'8000',0,0.00),(8,11,17,5013.25,5013.25,2055.45,1,2,'8000',1,0.05),(8,10,16,4370.70,3937.70,3937.70,2,2,'8000',0,0.00),(8,10,15,4370.70,4370.70,433.00,1,3,'8000',1,0.05),(8,9,14,4083.55,2531.80,2531.80,2,2,'8000',0,0.00),(8,9,13,4083.55,4083.55,1551.75,1,2,'8000',1,0.05),(8,8,12,3788.00,3551.00,3551.00,2,2,'8000',0,0.00),(8,8,11,3788.00,3788.00,237.00,1,3,'8000',1,0.05),(8,7,10,3259.15,3031.00,3031.00,2,2,'8000',0,0.00),(8,7,9,3259.15,3259.15,228.15,1,2,'8000',1,0.05),(8,6,8,2909.95,2674.95,2674.95,2,2,'8000',0,0.00),(8,6,7,2909.95,2909.95,235.00,1,3,'8000',1,0.05),(8,5,6,2305.75,902.85,902.85,6,2,'8000',0,0.00),(8,5,5,2305.75,2305.75,250.00,1,3,'8000',0,0.00),(8,5,2,2305.75,2055.75,1152.90,3,2,'8000',1,0.05),(11,23,41,66943.20,66943.20,20082.95,1,2,'8000',1,0.05),(11,29,54,79624.70,48571.05,48571.05,2,2,'8000',0,0.00),(11,29,53,79624.70,79624.70,31053.65,1,2,'8000',1,0.05),(11,25,46,75392.35,46743.25,46743.25,2,2,'8000',0,0.00),(11,25,45,75392.35,75392.35,28649.10,1,2,'8000',1,0.05),(11,23,42,66943.20,46860.25,46860.25,2,2,'8000',0,0.00),(13,22,39,243435.20,243435.20,264.00,1,3,'8000',1,0.05),(13,28,51,19384.20,19384.20,245.00,1,3,'8000',1,0.05),(13,27,49,101204.45,101204.45,45542.00,1,2,'8000',1,0.05),(13,26,47,13895.85,13895.85,239.00,1,3,'8000',1,0.05),(13,24,43,58237.05,58237.05,345.00,1,3,'8000',1,0.05),(13,22,40,243435.20,243171.20,243171.20,2,2,'8000',0,0.00),(13,28,52,19384.20,19139.20,19139.20,2,2,'8000',0,0.00),(13,27,50,101204.45,55662.45,55662.45,2,2,'8000',0,0.00),(13,26,48,13895.85,13656.85,13656.85,2,2,'8000',0,0.00),(13,24,44,58237.05,57892.05,57892.05,2,2,'8000',0,0.00),(15,33,62,0.00,0.00,0.00,2,2,'8000',0,0.00),(15,33,61,0.00,0.00,0.00,1,2,'8000',1,0.05),(15,32,60,30289.30,29927.30,29927.30,2,2,'8000',0,0.00),(15,32,59,30289.30,30289.30,362.00,1,3,'8000',1,0.05),(15,31,65,18.75,0.00,18.75,3,1,'9999',0,0.00),(15,31,58,4450.60,3426.95,3426.95,2,2,'8000',0,0.00),(15,31,57,4450.60,4450.60,1023.65,1,2,'8000',1,0.05),(15,24,44,0.00,0.00,0.00,2,2,'8000',0,0.00),(15,24,43,0.00,0.00,0.00,1,3,'8000',1,0.05),(15,30,56,12587.70,12274.70,12274.70,2,2,'8000',0,0.00),(15,30,55,12587.70,12587.70,313.00,1,3,'8000',1,0.05),(15,21,38,71058.50,49740.95,49740.95,2,2,'8000',0,0.00),(15,21,37,71058.50,71058.50,21317.55,1,2,'8000',1,0.05),(15,20,36,3500.00,3082.00,3082.00,2,2,'8000',0,0.00),(15,20,35,3500.00,3500.00,418.00,1,3,'8000',1,0.05),(15,19,34,5030.45,2867.35,2867.35,2,2,'8000',0,0.00),(15,19,33,5030.45,5030.45,2163.10,1,2,'8000',1,0.05),(15,18,32,7665.25,7417.25,7417.25,2,2,'8000',0,0.00),(15,18,31,7665.25,7665.25,248.00,1,3,'8000',1,0.05),(15,17,30,5140.95,2570.45,2570.45,2,2,'8000',0,0.00),(15,17,29,5140.95,5140.95,2570.50,1,2,'8000',1,0.05),(15,16,28,11980.90,11801.90,11801.90,2,2,'8000',0,0.00),(15,16,27,11980.90,11980.90,179.00,1,3,'8000',1,0.05),(15,15,26,6887.00,4201.05,4201.05,2,2,'8000',0,0.00),(15,15,25,6887.00,6887.00,2685.95,1,2,'8000',1,0.05),(15,13,22,3427.15,2947.35,2947.35,2,2,'8000',0,0.00),(15,13,21,3427.15,3427.15,479.80,1,2,'8000',1,0.05),(15,12,20,4962.65,4500.65,4500.65,2,2,'8000',0,0.00),(15,12,19,4962.65,4962.65,462.00,1,3,'8000',1,0.05),(15,11,18,17892.85,10556.80,10556.80,2,2,'8000',0,0.00),(15,11,17,17892.85,17892.85,7336.05,1,2,'8000',1,0.05),(15,10,16,12396.75,11963.75,11963.75,2,2,'8000',0,0.00),(15,10,15,12396.75,12396.75,433.00,1,3,'8000',1,0.05),(15,9,14,5371.75,3330.50,3330.50,2,2,'8000',0,0.00),(15,9,13,5371.75,5371.75,2041.25,1,2,'8000',1,0.05),(15,8,12,23845.75,23608.75,23608.75,2,2,'8000',0,0.00),(15,8,11,23845.75,23845.75,237.00,1,3,'8000',1,0.05),(15,7,10,3851.05,3581.50,3581.50,2,2,'8000',0,0.00),(15,7,9,3851.05,3851.05,269.55,1,2,'8000',1,0.05),(15,6,8,-400.00,0.00,-400.00,2,2,'8000',0,0.00),(15,6,7,-400.00,-400.00,-400.00,1,3,'8000',1,0.05),(15,5,6,18556.90,9028.45,9028.45,6,2,'8000',0,0.00),(15,5,5,18556.90,18556.90,250.00,1,3,'8000',0,0.00),(15,5,2,18556.90,18306.90,9278.45,3,2,'8000',1,0.05);
/*!40000 ALTER TABLE `payroll_payment_current` ENABLE KEYS */;
UNLOCK TABLES;

--
-- Table structure for table `payroll_payment_entry`
--

DROP TABLE IF EXISTS `payroll_payment_entry`;
/*!40101 SET @saved_cs_client     = @@character_set_client */;
/*!40101 SET character_set_client = utf8 */;
CREATE TABLE `payroll_payment_entry` (
  `payroll_period_ID` int(11) NOT NULL,
  `payroll_employee_ID` int(11) NOT NULL,
  `payroll_payment_split_ID` int(11) NOT NULL,
  `amount` decimal(10,2) NOT NULL,
  KEY `idx_paymetry_prdemp` (`payroll_period_ID`,`payroll_employee_ID`)
) ENGINE=InnoDB DEFAULT CHARSET=latin1;
/*!40101 SET character_set_client = @saved_cs_client */;

--
-- Dumping data for table `payroll_payment_entry`
--

LOCK TABLES `payroll_payment_entry` WRITE;
/*!40000 ALTER TABLE `payroll_payment_entry` DISABLE KEYS */;
INSERT INTO `payroll_payment_entry` VALUES (11,23,41,20082.95),(11,29,54,48571.05),(11,29,53,31053.65),(11,25,46,46743.25),(11,25,45,28649.10),(11,23,42,46860.25),(13,22,39,264.00),(13,28,51,245.00),(13,27,49,45542.00),(13,26,47,239.00),(13,24,43,345.00),(13,22,40,243171.20),(13,28,52,19139.20),(13,27,50,55662.45),(13,26,48,13656.85),(13,24,44,57892.05);
/*!40000 ALTER TABLE `payroll_payment_entry` ENABLE KEYS */;
UNLOCK TABLES;

--
-- Table structure for table `payroll_payment_split`
--

DROP TABLE IF EXISTS `payroll_payment_split`;
/*!40101 SET @saved_cs_client     = @@character_set_client */;
/*!40101 SET character_set_client = utf8 */;
CREATE TABLE `payroll_payment_split` (
  `id` int(11) NOT NULL AUTO_INCREMENT,
  `payroll_employee_ID` int(11) NOT NULL,
  `payroll_bank_source_ID` int(11) NOT NULL,
  `payroll_bank_destination_ID` int(11) NOT NULL,
  `processing_order` tinyint(4) NOT NULL,
  `split_mode` tinyint(4) NOT NULL,
  `payroll_account_ID` varchar(5) NOT NULL,
  `amount` decimal(10,2) NOT NULL,
  `major_period` tinyint(1) NOT NULL,
  `minor_period` tinyint(1) NOT NULL,
  `major_period_bonus` tinyint(1) NOT NULL,
  `major_period_num` tinyint(4) NOT NULL,
  `minor_period_num` tinyint(4) NOT NULL,
  `major_period_bonus_num` tinyint(4) NOT NULL,
  `having_rounding` tinyint(1) NOT NULL,
  `round_param` decimal(7,2) NOT NULL,
  PRIMARY KEY (`id`),
  KEY `idx_main` (`payroll_employee_ID`,`payroll_bank_destination_ID`,`processing_order`)
) ENGINE=InnoDB AUTO_INCREMENT=66 DEFAULT CHARSET=latin1;
/*!40101 SET character_set_client = @saved_cs_client */;

--
-- Dumping data for table `payroll_payment_split`
--

LOCK TABLES `payroll_payment_split` WRITE;
/*!40000 ALTER TABLE `payroll_payment_split` DISABLE KEYS */;
INSERT INTO `payroll_payment_split` VALUES (1,5,1,1,2,2,'',40.00,1,0,0,12,0,0,1,0.05),(2,5,1,1,3,2,'',50.00,1,0,0,0,0,0,1,0.05),(3,5,1,1,4,2,'',100.00,0,0,1,0,0,0,1,0.05),(4,5,1,1,5,2,'',25.00,0,1,0,0,0,0,1,0.05),(5,5,1,2,1,3,'',250.00,1,1,0,0,0,0,0,0.00),(6,5,1,3,6,2,'',100.00,1,1,1,0,0,0,0,0.00),(7,6,1,4,1,3,'',235.00,1,1,1,0,0,0,1,0.05),(8,6,1,5,2,2,'',100.00,1,1,1,0,0,0,0,0.00),(9,7,1,6,1,2,'',7.00,1,1,1,0,0,0,1,0.05),(10,7,1,7,2,2,'',100.00,1,1,1,0,0,0,0,0.00),(11,8,1,8,1,3,'',237.00,1,1,1,0,0,0,1,0.05),(12,8,1,9,2,2,'',100.00,1,1,1,0,0,0,0,0.00),(13,9,1,10,1,2,'',38.00,1,1,1,0,0,0,1,0.05),(14,9,1,11,2,2,'',100.00,1,1,1,0,0,0,0,0.00),(15,10,1,12,1,3,'',433.00,1,1,1,0,0,0,1,0.05),(16,10,1,13,2,2,'',100.00,1,1,1,0,0,0,0,0.00),(17,11,1,14,1,2,'',41.00,1,1,1,0,0,0,1,0.05),(18,11,1,15,2,2,'',100.00,1,1,1,0,0,0,0,0.00),(19,12,1,16,1,3,'',462.00,1,1,1,0,0,0,1,0.05),(20,12,1,17,2,2,'',100.00,1,1,1,0,0,0,0,0.00),(21,13,1,18,1,2,'',14.00,1,1,1,0,0,0,1,0.05),(22,13,1,19,2,2,'',100.00,1,1,1,0,0,0,0,0.00),(23,14,1,20,1,3,'',204.00,1,1,1,0,0,0,1,0.05),(24,14,1,21,2,2,'',100.00,1,1,1,0,0,0,0,0.00),(25,15,1,22,1,2,'',39.00,1,1,1,0,0,0,1,0.05),(26,15,1,23,2,2,'',100.00,1,1,1,0,0,0,0,0.00),(27,16,1,24,1,3,'',179.00,1,1,1,0,0,0,1,0.05),(28,16,1,25,2,2,'',100.00,1,1,1,0,0,0,0,0.00),(29,17,1,26,1,2,'',50.00,1,1,1,0,0,0,1,0.05),(30,17,1,27,2,2,'',100.00,1,1,1,0,0,0,0,0.00),(31,18,1,28,1,3,'',248.00,1,1,1,0,0,0,1,0.05),(32,18,1,29,2,2,'',100.00,1,1,1,0,0,0,0,0.00),(33,19,1,30,1,2,'',43.00,1,1,1,0,0,0,1,0.05),(34,19,1,31,2,2,'',100.00,1,1,1,0,0,0,0,0.00),(35,20,1,32,1,3,'',418.00,1,1,1,0,0,0,1,0.05),(36,20,1,33,2,2,'',100.00,1,1,1,0,0,0,0,0.00),(37,21,1,34,1,2,'',30.00,1,1,1,0,0,0,1,0.05),(38,21,1,35,2,2,'',100.00,1,1,1,0,0,0,0,0.00),(39,22,1,36,1,3,'',264.00,1,1,1,0,0,0,1,0.05),(40,22,1,37,2,2,'',100.00,1,1,1,0,0,0,0,0.00),(41,23,1,38,1,2,'',30.00,1,1,1,0,0,0,1,0.05),(42,23,1,39,2,2,'',100.00,1,1,1,0,0,0,0,0.00),(43,24,1,40,1,3,'',345.00,1,1,1,0,0,0,1,0.05),(44,24,1,41,2,2,'',100.00,1,1,1,0,0,0,0,0.00),(45,25,1,42,1,2,'',38.00,1,1,1,0,0,0,1,0.05),(46,25,1,43,2,2,'',100.00,1,1,1,0,0,0,0,0.00),(47,26,1,44,1,3,'',239.00,1,1,1,0,0,0,1,0.05),(48,26,1,45,2,2,'',100.00,1,1,1,0,0,0,0,0.00),(49,27,1,46,1,2,'',45.00,1,1,1,0,0,0,1,0.05),(50,27,1,47,2,2,'',100.00,1,1,1,0,0,0,0,0.00),(51,28,1,48,1,3,'',245.00,1,1,1,0,0,0,1,0.05),(52,28,1,49,2,2,'',100.00,1,1,1,0,0,0,0,0.00),(53,29,1,50,1,2,'',39.00,1,1,1,0,0,0,1,0.05),(54,29,1,51,2,2,'',100.00,1,1,1,0,0,0,0,0.00),(55,30,1,52,1,3,'',313.00,1,1,1,0,0,0,1,0.05),(56,30,1,53,2,2,'',100.00,1,1,1,0,0,0,0,0.00),(57,31,1,54,1,2,'',23.00,1,1,1,0,0,0,1,0.05),(58,31,1,55,2,2,'',100.00,1,1,1,0,0,0,0,0.00),(59,32,1,56,1,3,'',362.00,1,1,1,0,0,0,1,0.05),(60,32,1,57,2,2,'',100.00,1,1,1,0,0,0,0,0.00),(61,33,1,58,1,2,'',38.00,1,1,1,0,0,0,1,0.05),(62,33,1,59,2,2,'',100.00,1,1,1,0,0,0,0,0.00),(63,34,1,60,1,3,'',104.00,1,1,1,0,0,0,1,0.05),(64,34,1,61,2,2,'',100.00,1,1,1,0,0,0,0,0.00),(65,31,1,62,3,1,'9999',0.00,1,1,1,0,0,0,0,0.00);
/*!40000 ALTER TABLE `payroll_payment_split` ENABLE KEYS */;
UNLOCK TABLES;

--
-- Table structure for table `payroll_period`
--

DROP TABLE IF EXISTS `payroll_period`;
/*!40101 SET @saved_cs_client     = @@character_set_client */;
/*!40101 SET character_set_client = utf8 */;
CREATE TABLE `payroll_period` (
  `id` int(11) NOT NULL AUTO_INCREMENT,
  `payroll_year_ID` smallint(6) NOT NULL,
  `major_period` smallint(5) unsigned NOT NULL,
  `minor_period` smallint(5) unsigned NOT NULL,
  `StatementDate` date NOT NULL,
  `Wage_DateFrom` date NOT NULL,
  `Wage_DateTo` date NOT NULL,
  `Salary_DateFrom` date NOT NULL,
  `Salary_DateTo` date NOT NULL,
  `HourlyWage_DateFrom` date NOT NULL,
  `HourlyWage_DateTo` date NOT NULL,
  `datetime_created` datetime NOT NULL,
  `core_user_ID_created` int(11) NOT NULL,
  `locked` tinyint(1) NOT NULL DEFAULT '0',
  `datetime_locked` datetime NOT NULL,
  `core_user_ID_locked` int(11) NOT NULL,
  `finalized` tinyint(1) NOT NULL DEFAULT '0',
  `datetime_finalized` datetime NOT NULL,
  `core_user_ID_finalized` int(11) NOT NULL,
  PRIMARY KEY (`id`),
  KEY `fk_payroll_period_payroll_year1_idx` (`payroll_year_ID`),
  CONSTRAINT `fk_payroll_period_payroll_year1` FOREIGN KEY (`payroll_year_ID`) REFERENCES `payroll_year` (`id`) ON DELETE CASCADE ON UPDATE NO ACTION
) ENGINE=InnoDB AUTO_INCREMENT=16 DEFAULT CHARSET=latin1;
/*!40101 SET character_set_client = @saved_cs_client */;

--
-- Dumping data for table `payroll_period`
--

LOCK TABLES `payroll_period` WRITE;
/*!40000 ALTER TABLE `payroll_period` DISABLE KEYS */;
INSERT INTO `payroll_period` VALUES (2,2011,1,0,'0000-00-00','2011-01-01','2011-01-31','2011-01-01','2011-01-31','2011-01-01','2011-01-31','0000-00-00 00:00:00',0,1,'2013-08-05 09:31:53',4,1,'2013-08-05 09:31:53',4),(3,2011,2,0,'0000-00-00','2011-02-01','2011-02-28','2011-02-01','2011-02-28','2011-02-01','2011-02-28','2013-08-05 09:31:53',4,1,'2013-08-05 09:36:43',4,1,'2013-08-05 09:36:43',4),(4,2011,3,0,'0000-00-00','2011-03-01','2011-03-31','2011-03-01','2011-03-31','2011-03-01','2011-03-31','2013-08-05 09:36:43',4,1,'2013-08-05 09:37:21',4,1,'2013-08-05 09:37:21',4),(5,2011,4,0,'0000-00-00','2011-04-01','2011-04-30','2011-04-01','2011-04-30','2011-04-01','2011-04-30','2013-08-05 09:37:21',4,1,'2013-08-05 09:37:59',4,1,'2013-08-05 09:37:59',4),(6,2011,5,0,'0000-00-00','2011-05-01','2011-05-31','2011-05-01','2011-05-31','2011-05-01','2011-05-31','2013-08-05 09:37:59',4,1,'2013-08-05 09:38:26',4,1,'2013-08-05 09:38:26',4),(7,2011,6,0,'0000-00-00','2011-06-01','2011-06-30','2011-06-01','2011-06-30','2011-06-01','2011-06-30','2013-08-05 09:38:26',4,1,'2013-08-05 09:39:14',4,1,'2013-08-05 09:39:14',4),(8,2011,7,0,'0000-00-00','2011-07-01','2011-07-31','2011-07-01','2011-07-31','2011-07-01','2011-07-31','2013-08-05 09:39:14',4,1,'2013-08-05 09:39:40',4,1,'2013-08-05 09:39:40',4),(9,2011,8,0,'0000-00-00','2011-08-01','2011-08-31','2011-08-01','2011-08-31','2011-08-01','2011-08-31','2013-08-05 09:39:40',4,1,'2013-08-05 09:40:29',4,1,'2013-08-05 09:40:29',4),(10,2011,9,0,'0000-00-00','2011-09-01','2011-09-30','2011-09-01','2011-09-30','2011-09-01','2011-09-30','2013-08-05 09:40:29',4,1,'2013-08-05 09:44:46',4,1,'2013-08-05 09:44:46',4),(11,2011,10,0,'0000-00-00','2011-10-01','2011-10-31','2011-10-01','2011-10-31','2011-10-01','2011-10-31','2013-08-05 09:44:46',4,1,'2013-08-05 11:06:11',4,1,'2013-08-05 11:06:11',4),(12,2011,11,0,'0000-00-00','2011-11-01','2011-11-30','2011-11-01','2011-11-30','2011-11-01','2011-11-30','2013-08-05 11:06:11',4,1,'2013-08-05 11:07:06',4,1,'2013-08-05 11:07:06',4),(13,2011,12,0,'0000-00-00','2011-12-01','2011-12-31','2011-12-01','2011-12-31','2011-12-01','2011-12-31','2013-08-05 11:07:06',4,1,'2013-08-05 14:48:56',4,1,'2013-08-05 14:48:56',4),(14,2012,1,0,'0000-00-00','2012-01-01','2012-01-31','2012-01-01','2012-01-31','2012-01-01','2012-01-31','2013-08-05 14:48:56',4,1,'2013-08-05 14:58:43',4,1,'2013-08-05 14:58:43',4),(15,2012,2,0,'0000-00-00','2012-02-01','2012-02-29','2012-02-01','2012-02-29','2012-02-01','2012-02-29','2013-08-05 14:58:43',4,0,'0000-00-00 00:00:00',0,0,'0000-00-00 00:00:00',0);
/*!40000 ALTER TABLE `payroll_period` ENABLE KEYS */;
UNLOCK TABLES;

--
-- Table structure for table `payroll_period_employee`
--

DROP TABLE IF EXISTS `payroll_period_employee`;
/*!40101 SET @saved_cs_client     = @@character_set_client */;
/*!40101 SET character_set_client = utf8 */;
CREATE TABLE `payroll_period_employee` (
  `payroll_period_ID` int(11) NOT NULL,
  `payroll_employee_ID` int(11) NOT NULL,
  `processing` tinyint(4) NOT NULL,
  `calc_datetime` datetime NOT NULL,
  `core_user_ID_calc` int(11) NOT NULL,
  `payment_date` date NOT NULL,
  `interest_date` date NOT NULL,
  `core_user_ID_payment` int(11) NOT NULL,
  `fin_acc_date` date NOT NULL,
  `core_user_ID_fin_acc` int(11) NOT NULL,
  `mgmt_acc_date` date NOT NULL,
  `core_user_ID_mgmt_acc` int(11) NOT NULL,
  PRIMARY KEY (`payroll_period_ID`,`payroll_employee_ID`)
) ENGINE=InnoDB DEFAULT CHARSET=latin1;
/*!40101 SET character_set_client = @saved_cs_client */;

--
-- Dumping data for table `payroll_period_employee`
--

LOCK TABLES `payroll_period_employee` WRITE;
/*!40000 ALTER TABLE `payroll_period_employee` DISABLE KEYS */;
INSERT INTO `payroll_period_employee` VALUES (2,5,0,'0000-00-00 00:00:00',0,'0000-00-00','0000-00-00',0,'0000-00-00',0,'0000-00-00',0),(2,6,0,'0000-00-00 00:00:00',0,'0000-00-00','0000-00-00',0,'0000-00-00',0,'0000-00-00',0),(2,7,0,'0000-00-00 00:00:00',0,'0000-00-00','0000-00-00',0,'0000-00-00',0,'0000-00-00',0),(2,8,0,'0000-00-00 00:00:00',0,'0000-00-00','0000-00-00',0,'0000-00-00',0,'0000-00-00',0),(2,9,0,'0000-00-00 00:00:00',0,'0000-00-00','0000-00-00',0,'0000-00-00',0,'0000-00-00',0),(2,10,0,'0000-00-00 00:00:00',0,'0000-00-00','0000-00-00',0,'0000-00-00',0,'0000-00-00',0),(2,11,0,'0000-00-00 00:00:00',0,'0000-00-00','0000-00-00',0,'0000-00-00',0,'0000-00-00',0),(2,12,0,'0000-00-00 00:00:00',0,'0000-00-00','0000-00-00',0,'0000-00-00',0,'0000-00-00',0),(2,13,0,'0000-00-00 00:00:00',0,'0000-00-00','0000-00-00',0,'0000-00-00',0,'0000-00-00',0),(2,14,0,'0000-00-00 00:00:00',0,'0000-00-00','0000-00-00',0,'0000-00-00',0,'0000-00-00',0),(2,15,0,'0000-00-00 00:00:00',0,'0000-00-00','0000-00-00',0,'0000-00-00',0,'0000-00-00',0),(2,16,0,'0000-00-00 00:00:00',0,'0000-00-00','0000-00-00',0,'0000-00-00',0,'0000-00-00',0),(2,17,0,'0000-00-00 00:00:00',0,'0000-00-00','0000-00-00',0,'0000-00-00',0,'0000-00-00',0),(2,18,0,'0000-00-00 00:00:00',0,'0000-00-00','0000-00-00',0,'0000-00-00',0,'0000-00-00',0),(2,19,0,'0000-00-00 00:00:00',0,'0000-00-00','0000-00-00',0,'0000-00-00',0,'0000-00-00',0),(2,20,0,'0000-00-00 00:00:00',0,'0000-00-00','0000-00-00',0,'0000-00-00',0,'0000-00-00',0),(2,21,0,'0000-00-00 00:00:00',0,'0000-00-00','0000-00-00',0,'0000-00-00',0,'0000-00-00',0),(2,22,0,'0000-00-00 00:00:00',0,'0000-00-00','0000-00-00',0,'0000-00-00',0,'0000-00-00',0),(2,23,0,'0000-00-00 00:00:00',0,'0000-00-00','0000-00-00',0,'0000-00-00',0,'0000-00-00',0),(2,24,0,'0000-00-00 00:00:00',0,'0000-00-00','0000-00-00',0,'0000-00-00',0,'0000-00-00',0),(2,25,0,'0000-00-00 00:00:00',0,'0000-00-00','0000-00-00',0,'0000-00-00',0,'0000-00-00',0),(2,26,0,'0000-00-00 00:00:00',0,'0000-00-00','0000-00-00',0,'0000-00-00',0,'0000-00-00',0),(2,27,0,'0000-00-00 00:00:00',0,'0000-00-00','0000-00-00',0,'0000-00-00',0,'0000-00-00',0),(2,28,0,'0000-00-00 00:00:00',0,'0000-00-00','0000-00-00',0,'0000-00-00',0,'0000-00-00',0),(2,29,0,'0000-00-00 00:00:00',0,'0000-00-00','0000-00-00',0,'0000-00-00',0,'0000-00-00',0),(2,30,0,'0000-00-00 00:00:00',0,'0000-00-00','0000-00-00',0,'0000-00-00',0,'0000-00-00',0),(2,31,0,'0000-00-00 00:00:00',0,'0000-00-00','0000-00-00',0,'0000-00-00',0,'0000-00-00',0),(2,32,0,'0000-00-00 00:00:00',0,'0000-00-00','0000-00-00',0,'0000-00-00',0,'0000-00-00',0),(2,33,0,'0000-00-00 00:00:00',0,'0000-00-00','0000-00-00',0,'0000-00-00',0,'0000-00-00',0),(2,34,0,'0000-00-00 00:00:00',0,'0000-00-00','0000-00-00',0,'0000-00-00',0,'0000-00-00',0),(2,35,2,'2013-08-05 09:31:31',4,'2011-01-31','2011-01-31',4,'0000-00-00',0,'0000-00-00',0),(3,5,0,'0000-00-00 00:00:00',0,'0000-00-00','0000-00-00',0,'0000-00-00',0,'0000-00-00',0),(3,6,0,'0000-00-00 00:00:00',0,'0000-00-00','0000-00-00',0,'0000-00-00',0,'0000-00-00',0),(3,7,0,'0000-00-00 00:00:00',0,'0000-00-00','0000-00-00',0,'0000-00-00',0,'0000-00-00',0),(3,8,0,'0000-00-00 00:00:00',0,'0000-00-00','0000-00-00',0,'0000-00-00',0,'0000-00-00',0),(3,9,0,'0000-00-00 00:00:00',0,'0000-00-00','0000-00-00',0,'0000-00-00',0,'0000-00-00',0),(3,10,0,'0000-00-00 00:00:00',0,'0000-00-00','0000-00-00',0,'0000-00-00',0,'0000-00-00',0),(3,11,0,'0000-00-00 00:00:00',0,'0000-00-00','0000-00-00',0,'0000-00-00',0,'0000-00-00',0),(3,12,0,'0000-00-00 00:00:00',0,'0000-00-00','0000-00-00',0,'0000-00-00',0,'0000-00-00',0),(3,13,0,'0000-00-00 00:00:00',0,'0000-00-00','0000-00-00',0,'0000-00-00',0,'0000-00-00',0),(3,14,0,'0000-00-00 00:00:00',0,'0000-00-00','0000-00-00',0,'0000-00-00',0,'0000-00-00',0),(3,15,0,'0000-00-00 00:00:00',0,'0000-00-00','0000-00-00',0,'0000-00-00',0,'0000-00-00',0),(3,16,0,'0000-00-00 00:00:00',0,'0000-00-00','0000-00-00',0,'0000-00-00',0,'0000-00-00',0),(3,17,0,'0000-00-00 00:00:00',0,'0000-00-00','0000-00-00',0,'0000-00-00',0,'0000-00-00',0),(3,18,0,'0000-00-00 00:00:00',0,'0000-00-00','0000-00-00',0,'0000-00-00',0,'0000-00-00',0),(3,19,0,'0000-00-00 00:00:00',0,'0000-00-00','0000-00-00',0,'0000-00-00',0,'0000-00-00',0),(3,20,0,'0000-00-00 00:00:00',0,'0000-00-00','0000-00-00',0,'0000-00-00',0,'0000-00-00',0),(3,21,0,'0000-00-00 00:00:00',0,'0000-00-00','0000-00-00',0,'0000-00-00',0,'0000-00-00',0),(3,22,0,'0000-00-00 00:00:00',0,'0000-00-00','0000-00-00',0,'0000-00-00',0,'0000-00-00',0),(3,23,0,'0000-00-00 00:00:00',0,'0000-00-00','0000-00-00',0,'0000-00-00',0,'0000-00-00',0),(3,24,0,'0000-00-00 00:00:00',0,'0000-00-00','0000-00-00',0,'0000-00-00',0,'0000-00-00',0),(3,25,0,'0000-00-00 00:00:00',0,'0000-00-00','0000-00-00',0,'0000-00-00',0,'0000-00-00',0),(3,26,0,'0000-00-00 00:00:00',0,'0000-00-00','0000-00-00',0,'0000-00-00',0,'0000-00-00',0),(3,27,0,'0000-00-00 00:00:00',0,'0000-00-00','0000-00-00',0,'0000-00-00',0,'0000-00-00',0),(3,28,0,'0000-00-00 00:00:00',0,'0000-00-00','0000-00-00',0,'0000-00-00',0,'0000-00-00',0),(3,29,0,'0000-00-00 00:00:00',0,'0000-00-00','0000-00-00',0,'0000-00-00',0,'0000-00-00',0),(3,30,0,'0000-00-00 00:00:00',0,'0000-00-00','0000-00-00',0,'0000-00-00',0,'0000-00-00',0),(3,31,0,'0000-00-00 00:00:00',0,'0000-00-00','0000-00-00',0,'0000-00-00',0,'0000-00-00',0),(3,32,0,'0000-00-00 00:00:00',0,'0000-00-00','0000-00-00',0,'0000-00-00',0,'0000-00-00',0),(3,33,0,'0000-00-00 00:00:00',0,'0000-00-00','0000-00-00',0,'0000-00-00',0,'0000-00-00',0),(3,34,0,'0000-00-00 00:00:00',0,'0000-00-00','0000-00-00',0,'0000-00-00',0,'0000-00-00',0),(3,35,2,'2013-08-05 09:32:04',4,'2011-02-28','2011-02-28',4,'0000-00-00',0,'0000-00-00',0),(4,5,0,'0000-00-00 00:00:00',0,'0000-00-00','0000-00-00',0,'0000-00-00',0,'0000-00-00',0),(4,6,0,'0000-00-00 00:00:00',0,'0000-00-00','0000-00-00',0,'0000-00-00',0,'0000-00-00',0),(4,7,0,'0000-00-00 00:00:00',0,'0000-00-00','0000-00-00',0,'0000-00-00',0,'0000-00-00',0),(4,8,0,'0000-00-00 00:00:00',0,'0000-00-00','0000-00-00',0,'0000-00-00',0,'0000-00-00',0),(4,9,0,'0000-00-00 00:00:00',0,'0000-00-00','0000-00-00',0,'0000-00-00',0,'0000-00-00',0),(4,10,0,'0000-00-00 00:00:00',0,'0000-00-00','0000-00-00',0,'0000-00-00',0,'0000-00-00',0),(4,11,0,'0000-00-00 00:00:00',0,'0000-00-00','0000-00-00',0,'0000-00-00',0,'0000-00-00',0),(4,12,0,'0000-00-00 00:00:00',0,'0000-00-00','0000-00-00',0,'0000-00-00',0,'0000-00-00',0),(4,13,0,'0000-00-00 00:00:00',0,'0000-00-00','0000-00-00',0,'0000-00-00',0,'0000-00-00',0),(4,14,0,'0000-00-00 00:00:00',0,'0000-00-00','0000-00-00',0,'0000-00-00',0,'0000-00-00',0),(4,15,0,'0000-00-00 00:00:00',0,'0000-00-00','0000-00-00',0,'0000-00-00',0,'0000-00-00',0),(4,16,0,'0000-00-00 00:00:00',0,'0000-00-00','0000-00-00',0,'0000-00-00',0,'0000-00-00',0),(4,17,0,'0000-00-00 00:00:00',0,'0000-00-00','0000-00-00',0,'0000-00-00',0,'0000-00-00',0),(4,18,0,'0000-00-00 00:00:00',0,'0000-00-00','0000-00-00',0,'0000-00-00',0,'0000-00-00',0),(4,19,0,'0000-00-00 00:00:00',0,'0000-00-00','0000-00-00',0,'0000-00-00',0,'0000-00-00',0),(4,20,0,'0000-00-00 00:00:00',0,'0000-00-00','0000-00-00',0,'0000-00-00',0,'0000-00-00',0),(4,21,0,'0000-00-00 00:00:00',0,'0000-00-00','0000-00-00',0,'0000-00-00',0,'0000-00-00',0),(4,22,0,'0000-00-00 00:00:00',0,'0000-00-00','0000-00-00',0,'0000-00-00',0,'0000-00-00',0),(4,23,0,'0000-00-00 00:00:00',0,'0000-00-00','0000-00-00',0,'0000-00-00',0,'0000-00-00',0),(4,24,0,'0000-00-00 00:00:00',0,'0000-00-00','0000-00-00',0,'0000-00-00',0,'0000-00-00',0),(4,25,0,'0000-00-00 00:00:00',0,'0000-00-00','0000-00-00',0,'0000-00-00',0,'0000-00-00',0),(4,26,0,'0000-00-00 00:00:00',0,'0000-00-00','0000-00-00',0,'0000-00-00',0,'0000-00-00',0),(4,27,0,'0000-00-00 00:00:00',0,'0000-00-00','0000-00-00',0,'0000-00-00',0,'0000-00-00',0),(4,28,0,'0000-00-00 00:00:00',0,'0000-00-00','0000-00-00',0,'0000-00-00',0,'0000-00-00',0),(4,29,0,'0000-00-00 00:00:00',0,'0000-00-00','0000-00-00',0,'0000-00-00',0,'0000-00-00',0),(4,30,0,'0000-00-00 00:00:00',0,'0000-00-00','0000-00-00',0,'0000-00-00',0,'0000-00-00',0),(4,31,0,'0000-00-00 00:00:00',0,'0000-00-00','0000-00-00',0,'0000-00-00',0,'0000-00-00',0),(4,32,0,'0000-00-00 00:00:00',0,'0000-00-00','0000-00-00',0,'0000-00-00',0,'0000-00-00',0),(4,33,0,'0000-00-00 00:00:00',0,'0000-00-00','0000-00-00',0,'0000-00-00',0,'0000-00-00',0),(4,34,0,'0000-00-00 00:00:00',0,'0000-00-00','0000-00-00',0,'0000-00-00',0,'0000-00-00',0),(4,35,2,'2013-08-05 09:36:56',4,'2011-03-31','2011-03-31',4,'0000-00-00',0,'0000-00-00',0),(5,5,0,'0000-00-00 00:00:00',0,'0000-00-00','0000-00-00',0,'0000-00-00',0,'0000-00-00',0),(5,6,0,'0000-00-00 00:00:00',0,'0000-00-00','0000-00-00',0,'0000-00-00',0,'0000-00-00',0),(5,7,0,'0000-00-00 00:00:00',0,'0000-00-00','0000-00-00',0,'0000-00-00',0,'0000-00-00',0),(5,8,0,'0000-00-00 00:00:00',0,'0000-00-00','0000-00-00',0,'0000-00-00',0,'0000-00-00',0),(5,9,0,'0000-00-00 00:00:00',0,'0000-00-00','0000-00-00',0,'0000-00-00',0,'0000-00-00',0),(5,10,0,'0000-00-00 00:00:00',0,'0000-00-00','0000-00-00',0,'0000-00-00',0,'0000-00-00',0),(5,11,0,'0000-00-00 00:00:00',0,'0000-00-00','0000-00-00',0,'0000-00-00',0,'0000-00-00',0),(5,12,0,'0000-00-00 00:00:00',0,'0000-00-00','0000-00-00',0,'0000-00-00',0,'0000-00-00',0),(5,13,0,'0000-00-00 00:00:00',0,'0000-00-00','0000-00-00',0,'0000-00-00',0,'0000-00-00',0),(5,14,0,'0000-00-00 00:00:00',0,'0000-00-00','0000-00-00',0,'0000-00-00',0,'0000-00-00',0),(5,15,0,'0000-00-00 00:00:00',0,'0000-00-00','0000-00-00',0,'0000-00-00',0,'0000-00-00',0),(5,16,0,'0000-00-00 00:00:00',0,'0000-00-00','0000-00-00',0,'0000-00-00',0,'0000-00-00',0),(5,17,0,'0000-00-00 00:00:00',0,'0000-00-00','0000-00-00',0,'0000-00-00',0,'0000-00-00',0),(5,18,0,'0000-00-00 00:00:00',0,'0000-00-00','0000-00-00',0,'0000-00-00',0,'0000-00-00',0),(5,19,0,'0000-00-00 00:00:00',0,'0000-00-00','0000-00-00',0,'0000-00-00',0,'0000-00-00',0),(5,20,0,'0000-00-00 00:00:00',0,'0000-00-00','0000-00-00',0,'0000-00-00',0,'0000-00-00',0),(5,21,0,'0000-00-00 00:00:00',0,'0000-00-00','0000-00-00',0,'0000-00-00',0,'0000-00-00',0),(5,22,0,'0000-00-00 00:00:00',0,'0000-00-00','0000-00-00',0,'0000-00-00',0,'0000-00-00',0),(5,23,0,'0000-00-00 00:00:00',0,'0000-00-00','0000-00-00',0,'0000-00-00',0,'0000-00-00',0),(5,24,0,'0000-00-00 00:00:00',0,'0000-00-00','0000-00-00',0,'0000-00-00',0,'0000-00-00',0),(5,25,0,'0000-00-00 00:00:00',0,'0000-00-00','0000-00-00',0,'0000-00-00',0,'0000-00-00',0),(5,26,0,'0000-00-00 00:00:00',0,'0000-00-00','0000-00-00',0,'0000-00-00',0,'0000-00-00',0),(5,27,0,'0000-00-00 00:00:00',0,'0000-00-00','0000-00-00',0,'0000-00-00',0,'0000-00-00',0),(5,28,0,'0000-00-00 00:00:00',0,'0000-00-00','0000-00-00',0,'0000-00-00',0,'0000-00-00',0),(5,29,0,'0000-00-00 00:00:00',0,'0000-00-00','0000-00-00',0,'0000-00-00',0,'0000-00-00',0),(5,30,0,'0000-00-00 00:00:00',0,'0000-00-00','0000-00-00',0,'0000-00-00',0,'0000-00-00',0),(5,31,0,'0000-00-00 00:00:00',0,'0000-00-00','0000-00-00',0,'0000-00-00',0,'0000-00-00',0),(5,32,0,'0000-00-00 00:00:00',0,'0000-00-00','0000-00-00',0,'0000-00-00',0,'0000-00-00',0),(5,33,0,'0000-00-00 00:00:00',0,'0000-00-00','0000-00-00',0,'0000-00-00',0,'0000-00-00',0),(5,34,0,'0000-00-00 00:00:00',0,'0000-00-00','0000-00-00',0,'0000-00-00',0,'0000-00-00',0),(5,35,2,'2013-08-05 09:37:37',4,'2011-04-30','2011-04-30',4,'0000-00-00',0,'0000-00-00',0),(6,5,0,'0000-00-00 00:00:00',0,'0000-00-00','0000-00-00',0,'0000-00-00',0,'0000-00-00',0),(6,6,0,'0000-00-00 00:00:00',0,'0000-00-00','0000-00-00',0,'0000-00-00',0,'0000-00-00',0),(6,7,0,'0000-00-00 00:00:00',0,'0000-00-00','0000-00-00',0,'0000-00-00',0,'0000-00-00',0),(6,8,0,'0000-00-00 00:00:00',0,'0000-00-00','0000-00-00',0,'0000-00-00',0,'0000-00-00',0),(6,9,0,'0000-00-00 00:00:00',0,'0000-00-00','0000-00-00',0,'0000-00-00',0,'0000-00-00',0),(6,10,0,'0000-00-00 00:00:00',0,'0000-00-00','0000-00-00',0,'0000-00-00',0,'0000-00-00',0),(6,11,0,'0000-00-00 00:00:00',0,'0000-00-00','0000-00-00',0,'0000-00-00',0,'0000-00-00',0),(6,12,0,'0000-00-00 00:00:00',0,'0000-00-00','0000-00-00',0,'0000-00-00',0,'0000-00-00',0),(6,13,0,'0000-00-00 00:00:00',0,'0000-00-00','0000-00-00',0,'0000-00-00',0,'0000-00-00',0),(6,14,0,'0000-00-00 00:00:00',0,'0000-00-00','0000-00-00',0,'0000-00-00',0,'0000-00-00',0),(6,15,0,'0000-00-00 00:00:00',0,'0000-00-00','0000-00-00',0,'0000-00-00',0,'0000-00-00',0),(6,16,0,'0000-00-00 00:00:00',0,'0000-00-00','0000-00-00',0,'0000-00-00',0,'0000-00-00',0),(6,17,0,'0000-00-00 00:00:00',0,'0000-00-00','0000-00-00',0,'0000-00-00',0,'0000-00-00',0),(6,18,0,'0000-00-00 00:00:00',0,'0000-00-00','0000-00-00',0,'0000-00-00',0,'0000-00-00',0),(6,19,0,'0000-00-00 00:00:00',0,'0000-00-00','0000-00-00',0,'0000-00-00',0,'0000-00-00',0),(6,20,0,'0000-00-00 00:00:00',0,'0000-00-00','0000-00-00',0,'0000-00-00',0,'0000-00-00',0),(6,21,0,'0000-00-00 00:00:00',0,'0000-00-00','0000-00-00',0,'0000-00-00',0,'0000-00-00',0),(6,22,0,'0000-00-00 00:00:00',0,'0000-00-00','0000-00-00',0,'0000-00-00',0,'0000-00-00',0),(6,23,0,'0000-00-00 00:00:00',0,'0000-00-00','0000-00-00',0,'0000-00-00',0,'0000-00-00',0),(6,24,0,'0000-00-00 00:00:00',0,'0000-00-00','0000-00-00',0,'0000-00-00',0,'0000-00-00',0),(6,25,0,'0000-00-00 00:00:00',0,'0000-00-00','0000-00-00',0,'0000-00-00',0,'0000-00-00',0),(6,26,0,'0000-00-00 00:00:00',0,'0000-00-00','0000-00-00',0,'0000-00-00',0,'0000-00-00',0),(6,27,0,'0000-00-00 00:00:00',0,'0000-00-00','0000-00-00',0,'0000-00-00',0,'0000-00-00',0),(6,28,0,'0000-00-00 00:00:00',0,'0000-00-00','0000-00-00',0,'0000-00-00',0,'0000-00-00',0),(6,29,0,'0000-00-00 00:00:00',0,'0000-00-00','0000-00-00',0,'0000-00-00',0,'0000-00-00',0),(6,30,0,'0000-00-00 00:00:00',0,'0000-00-00','0000-00-00',0,'0000-00-00',0,'0000-00-00',0),(6,31,0,'0000-00-00 00:00:00',0,'0000-00-00','0000-00-00',0,'0000-00-00',0,'0000-00-00',0),(6,32,0,'0000-00-00 00:00:00',0,'0000-00-00','0000-00-00',0,'0000-00-00',0,'0000-00-00',0),(6,33,0,'0000-00-00 00:00:00',0,'0000-00-00','0000-00-00',0,'0000-00-00',0,'0000-00-00',0),(6,34,0,'0000-00-00 00:00:00',0,'0000-00-00','0000-00-00',0,'0000-00-00',0,'0000-00-00',0),(6,35,2,'2013-08-05 09:38:10',4,'2011-05-30','2011-05-30',4,'0000-00-00',0,'0000-00-00',0),(7,5,0,'0000-00-00 00:00:00',0,'0000-00-00','0000-00-00',0,'0000-00-00',0,'0000-00-00',0),(7,6,0,'0000-00-00 00:00:00',0,'0000-00-00','0000-00-00',0,'0000-00-00',0,'0000-00-00',0),(7,7,0,'0000-00-00 00:00:00',0,'0000-00-00','0000-00-00',0,'0000-00-00',0,'0000-00-00',0),(7,8,0,'0000-00-00 00:00:00',0,'0000-00-00','0000-00-00',0,'0000-00-00',0,'0000-00-00',0),(7,9,0,'0000-00-00 00:00:00',0,'0000-00-00','0000-00-00',0,'0000-00-00',0,'0000-00-00',0),(7,10,0,'0000-00-00 00:00:00',0,'0000-00-00','0000-00-00',0,'0000-00-00',0,'0000-00-00',0),(7,11,0,'0000-00-00 00:00:00',0,'0000-00-00','0000-00-00',0,'0000-00-00',0,'0000-00-00',0),(7,12,0,'0000-00-00 00:00:00',0,'0000-00-00','0000-00-00',0,'0000-00-00',0,'0000-00-00',0),(7,13,0,'0000-00-00 00:00:00',0,'0000-00-00','0000-00-00',0,'0000-00-00',0,'0000-00-00',0),(7,14,0,'0000-00-00 00:00:00',0,'0000-00-00','0000-00-00',0,'0000-00-00',0,'0000-00-00',0),(7,15,0,'0000-00-00 00:00:00',0,'0000-00-00','0000-00-00',0,'0000-00-00',0,'0000-00-00',0),(7,16,0,'0000-00-00 00:00:00',0,'0000-00-00','0000-00-00',0,'0000-00-00',0,'0000-00-00',0),(7,17,0,'0000-00-00 00:00:00',0,'0000-00-00','0000-00-00',0,'0000-00-00',0,'0000-00-00',0),(7,18,0,'0000-00-00 00:00:00',0,'0000-00-00','0000-00-00',0,'0000-00-00',0,'0000-00-00',0),(7,19,0,'0000-00-00 00:00:00',0,'0000-00-00','0000-00-00',0,'0000-00-00',0,'0000-00-00',0),(7,20,0,'0000-00-00 00:00:00',0,'0000-00-00','0000-00-00',0,'0000-00-00',0,'0000-00-00',0),(7,21,0,'0000-00-00 00:00:00',0,'0000-00-00','0000-00-00',0,'0000-00-00',0,'0000-00-00',0),(7,22,0,'0000-00-00 00:00:00',0,'0000-00-00','0000-00-00',0,'0000-00-00',0,'0000-00-00',0),(7,23,0,'0000-00-00 00:00:00',0,'0000-00-00','0000-00-00',0,'0000-00-00',0,'0000-00-00',0),(7,24,0,'0000-00-00 00:00:00',0,'0000-00-00','0000-00-00',0,'0000-00-00',0,'0000-00-00',0),(7,25,0,'0000-00-00 00:00:00',0,'0000-00-00','0000-00-00',0,'0000-00-00',0,'0000-00-00',0),(7,26,0,'0000-00-00 00:00:00',0,'0000-00-00','0000-00-00',0,'0000-00-00',0,'0000-00-00',0),(7,27,0,'0000-00-00 00:00:00',0,'0000-00-00','0000-00-00',0,'0000-00-00',0,'0000-00-00',0),(7,28,0,'0000-00-00 00:00:00',0,'0000-00-00','0000-00-00',0,'0000-00-00',0,'0000-00-00',0),(7,29,0,'0000-00-00 00:00:00',0,'0000-00-00','0000-00-00',0,'0000-00-00',0,'0000-00-00',0),(7,30,0,'0000-00-00 00:00:00',0,'0000-00-00','0000-00-00',0,'0000-00-00',0,'0000-00-00',0),(7,31,0,'0000-00-00 00:00:00',0,'0000-00-00','0000-00-00',0,'0000-00-00',0,'0000-00-00',0),(7,32,0,'0000-00-00 00:00:00',0,'0000-00-00','0000-00-00',0,'0000-00-00',0,'0000-00-00',0),(7,33,0,'0000-00-00 00:00:00',0,'0000-00-00','0000-00-00',0,'0000-00-00',0,'0000-00-00',0),(7,34,0,'0000-00-00 00:00:00',0,'0000-00-00','0000-00-00',0,'0000-00-00',0,'0000-00-00',0),(7,35,2,'2013-08-05 09:38:53',4,'2011-06-30','2011-06-30',4,'0000-00-00',0,'0000-00-00',0),(8,5,0,'0000-00-00 00:00:00',0,'0000-00-00','0000-00-00',0,'0000-00-00',0,'0000-00-00',0),(8,6,0,'0000-00-00 00:00:00',0,'0000-00-00','0000-00-00',0,'0000-00-00',0,'0000-00-00',0),(8,7,0,'0000-00-00 00:00:00',0,'0000-00-00','0000-00-00',0,'0000-00-00',0,'0000-00-00',0),(8,8,0,'0000-00-00 00:00:00',0,'0000-00-00','0000-00-00',0,'0000-00-00',0,'0000-00-00',0),(8,9,0,'0000-00-00 00:00:00',0,'0000-00-00','0000-00-00',0,'0000-00-00',0,'0000-00-00',0),(8,10,0,'0000-00-00 00:00:00',0,'0000-00-00','0000-00-00',0,'0000-00-00',0,'0000-00-00',0),(8,11,0,'0000-00-00 00:00:00',0,'0000-00-00','0000-00-00',0,'0000-00-00',0,'0000-00-00',0),(8,12,0,'0000-00-00 00:00:00',0,'0000-00-00','0000-00-00',0,'0000-00-00',0,'0000-00-00',0),(8,13,0,'0000-00-00 00:00:00',0,'0000-00-00','0000-00-00',0,'0000-00-00',0,'0000-00-00',0),(8,14,0,'0000-00-00 00:00:00',0,'0000-00-00','0000-00-00',0,'0000-00-00',0,'0000-00-00',0),(8,15,0,'0000-00-00 00:00:00',0,'0000-00-00','0000-00-00',0,'0000-00-00',0,'0000-00-00',0),(8,16,0,'0000-00-00 00:00:00',0,'0000-00-00','0000-00-00',0,'0000-00-00',0,'0000-00-00',0),(8,17,0,'0000-00-00 00:00:00',0,'0000-00-00','0000-00-00',0,'0000-00-00',0,'0000-00-00',0),(8,18,0,'0000-00-00 00:00:00',0,'0000-00-00','0000-00-00',0,'0000-00-00',0,'0000-00-00',0),(8,19,0,'0000-00-00 00:00:00',0,'0000-00-00','0000-00-00',0,'0000-00-00',0,'0000-00-00',0),(8,20,0,'0000-00-00 00:00:00',0,'0000-00-00','0000-00-00',0,'0000-00-00',0,'0000-00-00',0),(8,21,0,'0000-00-00 00:00:00',0,'0000-00-00','0000-00-00',0,'0000-00-00',0,'0000-00-00',0),(8,22,0,'0000-00-00 00:00:00',0,'0000-00-00','0000-00-00',0,'0000-00-00',0,'0000-00-00',0),(8,23,0,'0000-00-00 00:00:00',0,'0000-00-00','0000-00-00',0,'0000-00-00',0,'0000-00-00',0),(8,24,0,'0000-00-00 00:00:00',0,'0000-00-00','0000-00-00',0,'0000-00-00',0,'0000-00-00',0),(8,25,0,'0000-00-00 00:00:00',0,'0000-00-00','0000-00-00',0,'0000-00-00',0,'0000-00-00',0),(8,26,0,'0000-00-00 00:00:00',0,'0000-00-00','0000-00-00',0,'0000-00-00',0,'0000-00-00',0),(8,27,0,'0000-00-00 00:00:00',0,'0000-00-00','0000-00-00',0,'0000-00-00',0,'0000-00-00',0),(8,28,0,'0000-00-00 00:00:00',0,'0000-00-00','0000-00-00',0,'0000-00-00',0,'0000-00-00',0),(8,29,0,'0000-00-00 00:00:00',0,'0000-00-00','0000-00-00',0,'0000-00-00',0,'0000-00-00',0),(8,30,0,'0000-00-00 00:00:00',0,'0000-00-00','0000-00-00',0,'0000-00-00',0,'0000-00-00',0),(8,31,0,'0000-00-00 00:00:00',0,'0000-00-00','0000-00-00',0,'0000-00-00',0,'0000-00-00',0),(8,32,0,'0000-00-00 00:00:00',0,'0000-00-00','0000-00-00',0,'0000-00-00',0,'0000-00-00',0),(8,33,0,'0000-00-00 00:00:00',0,'0000-00-00','0000-00-00',0,'0000-00-00',0,'0000-00-00',0),(8,34,0,'0000-00-00 00:00:00',0,'0000-00-00','0000-00-00',0,'0000-00-00',0,'0000-00-00',0),(8,35,2,'2013-08-05 09:39:23',4,'2011-07-31','2011-07-31',4,'0000-00-00',0,'0000-00-00',0),(9,5,0,'0000-00-00 00:00:00',0,'0000-00-00','0000-00-00',0,'0000-00-00',0,'0000-00-00',0),(9,6,0,'0000-00-00 00:00:00',0,'0000-00-00','0000-00-00',0,'0000-00-00',0,'0000-00-00',0),(9,7,0,'0000-00-00 00:00:00',0,'0000-00-00','0000-00-00',0,'0000-00-00',0,'0000-00-00',0),(9,8,0,'0000-00-00 00:00:00',0,'0000-00-00','0000-00-00',0,'0000-00-00',0,'0000-00-00',0),(9,9,0,'0000-00-00 00:00:00',0,'0000-00-00','0000-00-00',0,'0000-00-00',0,'0000-00-00',0),(9,10,0,'0000-00-00 00:00:00',0,'0000-00-00','0000-00-00',0,'0000-00-00',0,'0000-00-00',0),(9,11,0,'0000-00-00 00:00:00',0,'0000-00-00','0000-00-00',0,'0000-00-00',0,'0000-00-00',0),(9,12,0,'0000-00-00 00:00:00',0,'0000-00-00','0000-00-00',0,'0000-00-00',0,'0000-00-00',0),(9,13,0,'0000-00-00 00:00:00',0,'0000-00-00','0000-00-00',0,'0000-00-00',0,'0000-00-00',0),(9,14,0,'0000-00-00 00:00:00',0,'0000-00-00','0000-00-00',0,'0000-00-00',0,'0000-00-00',0),(9,15,0,'0000-00-00 00:00:00',0,'0000-00-00','0000-00-00',0,'0000-00-00',0,'0000-00-00',0),(9,16,0,'0000-00-00 00:00:00',0,'0000-00-00','0000-00-00',0,'0000-00-00',0,'0000-00-00',0),(9,17,0,'0000-00-00 00:00:00',0,'0000-00-00','0000-00-00',0,'0000-00-00',0,'0000-00-00',0),(9,18,0,'0000-00-00 00:00:00',0,'0000-00-00','0000-00-00',0,'0000-00-00',0,'0000-00-00',0),(9,19,0,'0000-00-00 00:00:00',0,'0000-00-00','0000-00-00',0,'0000-00-00',0,'0000-00-00',0),(9,20,0,'0000-00-00 00:00:00',0,'0000-00-00','0000-00-00',0,'0000-00-00',0,'0000-00-00',0),(9,21,0,'0000-00-00 00:00:00',0,'0000-00-00','0000-00-00',0,'0000-00-00',0,'0000-00-00',0),(9,22,0,'0000-00-00 00:00:00',0,'0000-00-00','0000-00-00',0,'0000-00-00',0,'0000-00-00',0),(9,23,0,'0000-00-00 00:00:00',0,'0000-00-00','0000-00-00',0,'0000-00-00',0,'0000-00-00',0),(9,24,0,'0000-00-00 00:00:00',0,'0000-00-00','0000-00-00',0,'0000-00-00',0,'0000-00-00',0),(9,25,0,'0000-00-00 00:00:00',0,'0000-00-00','0000-00-00',0,'0000-00-00',0,'0000-00-00',0),(9,26,0,'0000-00-00 00:00:00',0,'0000-00-00','0000-00-00',0,'0000-00-00',0,'0000-00-00',0),(9,27,0,'0000-00-00 00:00:00',0,'0000-00-00','0000-00-00',0,'0000-00-00',0,'0000-00-00',0),(9,28,0,'0000-00-00 00:00:00',0,'0000-00-00','0000-00-00',0,'0000-00-00',0,'0000-00-00',0),(9,29,0,'0000-00-00 00:00:00',0,'0000-00-00','0000-00-00',0,'0000-00-00',0,'0000-00-00',0),(9,30,0,'0000-00-00 00:00:00',0,'0000-00-00','0000-00-00',0,'0000-00-00',0,'0000-00-00',0),(9,31,0,'0000-00-00 00:00:00',0,'0000-00-00','0000-00-00',0,'0000-00-00',0,'0000-00-00',0),(9,32,0,'0000-00-00 00:00:00',0,'0000-00-00','0000-00-00',0,'0000-00-00',0,'0000-00-00',0),(9,33,0,'0000-00-00 00:00:00',0,'0000-00-00','0000-00-00',0,'0000-00-00',0,'0000-00-00',0),(9,34,0,'0000-00-00 00:00:00',0,'0000-00-00','0000-00-00',0,'0000-00-00',0,'0000-00-00',0),(9,35,2,'2013-08-05 09:39:55',4,'2011-08-31','2011-08-31',4,'0000-00-00',0,'0000-00-00',0),(10,5,0,'0000-00-00 00:00:00',0,'0000-00-00','0000-00-00',0,'0000-00-00',0,'0000-00-00',0),(10,6,0,'0000-00-00 00:00:00',0,'0000-00-00','0000-00-00',0,'0000-00-00',0,'0000-00-00',0),(10,7,0,'0000-00-00 00:00:00',0,'0000-00-00','0000-00-00',0,'0000-00-00',0,'0000-00-00',0),(10,8,0,'0000-00-00 00:00:00',0,'0000-00-00','0000-00-00',0,'0000-00-00',0,'0000-00-00',0),(10,9,0,'0000-00-00 00:00:00',0,'0000-00-00','0000-00-00',0,'0000-00-00',0,'0000-00-00',0),(10,10,0,'0000-00-00 00:00:00',0,'0000-00-00','0000-00-00',0,'0000-00-00',0,'0000-00-00',0),(10,11,0,'0000-00-00 00:00:00',0,'0000-00-00','0000-00-00',0,'0000-00-00',0,'0000-00-00',0),(10,12,0,'0000-00-00 00:00:00',0,'0000-00-00','0000-00-00',0,'0000-00-00',0,'0000-00-00',0),(10,13,0,'0000-00-00 00:00:00',0,'0000-00-00','0000-00-00',0,'0000-00-00',0,'0000-00-00',0),(10,14,0,'0000-00-00 00:00:00',0,'0000-00-00','0000-00-00',0,'0000-00-00',0,'0000-00-00',0),(10,15,0,'0000-00-00 00:00:00',0,'0000-00-00','0000-00-00',0,'0000-00-00',0,'0000-00-00',0),(10,16,0,'0000-00-00 00:00:00',0,'0000-00-00','0000-00-00',0,'0000-00-00',0,'0000-00-00',0),(10,17,0,'0000-00-00 00:00:00',0,'0000-00-00','0000-00-00',0,'0000-00-00',0,'0000-00-00',0),(10,18,0,'0000-00-00 00:00:00',0,'0000-00-00','0000-00-00',0,'0000-00-00',0,'0000-00-00',0),(10,19,0,'0000-00-00 00:00:00',0,'0000-00-00','0000-00-00',0,'0000-00-00',0,'0000-00-00',0),(10,20,0,'0000-00-00 00:00:00',0,'0000-00-00','0000-00-00',0,'0000-00-00',0,'0000-00-00',0),(10,21,0,'0000-00-00 00:00:00',0,'0000-00-00','0000-00-00',0,'0000-00-00',0,'0000-00-00',0),(10,22,0,'0000-00-00 00:00:00',0,'0000-00-00','0000-00-00',0,'0000-00-00',0,'0000-00-00',0),(10,23,0,'0000-00-00 00:00:00',0,'0000-00-00','0000-00-00',0,'0000-00-00',0,'0000-00-00',0),(10,24,0,'0000-00-00 00:00:00',0,'0000-00-00','0000-00-00',0,'0000-00-00',0,'0000-00-00',0),(10,25,0,'0000-00-00 00:00:00',0,'0000-00-00','0000-00-00',0,'0000-00-00',0,'0000-00-00',0),(10,26,0,'0000-00-00 00:00:00',0,'0000-00-00','0000-00-00',0,'0000-00-00',0,'0000-00-00',0),(10,27,0,'0000-00-00 00:00:00',0,'0000-00-00','0000-00-00',0,'0000-00-00',0,'0000-00-00',0),(10,28,0,'0000-00-00 00:00:00',0,'0000-00-00','0000-00-00',0,'0000-00-00',0,'0000-00-00',0),(10,29,0,'0000-00-00 00:00:00',0,'0000-00-00','0000-00-00',0,'0000-00-00',0,'0000-00-00',0),(10,30,0,'0000-00-00 00:00:00',0,'0000-00-00','0000-00-00',0,'0000-00-00',0,'0000-00-00',0),(10,31,0,'0000-00-00 00:00:00',0,'0000-00-00','0000-00-00',0,'0000-00-00',0,'0000-00-00',0),(10,32,0,'0000-00-00 00:00:00',0,'0000-00-00','0000-00-00',0,'0000-00-00',0,'0000-00-00',0),(10,33,0,'0000-00-00 00:00:00',0,'0000-00-00','0000-00-00',0,'0000-00-00',0,'0000-00-00',0),(10,34,0,'0000-00-00 00:00:00',0,'0000-00-00','0000-00-00',0,'0000-00-00',0,'0000-00-00',0),(10,35,2,'2013-08-05 09:44:27',4,'2011-09-30','2011-09-30',4,'0000-00-00',0,'0000-00-00',0),(11,5,0,'0000-00-00 00:00:00',0,'0000-00-00','0000-00-00',0,'0000-00-00',0,'0000-00-00',0),(11,6,0,'0000-00-00 00:00:00',0,'0000-00-00','0000-00-00',0,'0000-00-00',0,'0000-00-00',0),(11,7,0,'0000-00-00 00:00:00',0,'0000-00-00','0000-00-00',0,'0000-00-00',0,'0000-00-00',0),(11,8,0,'0000-00-00 00:00:00',0,'0000-00-00','0000-00-00',0,'0000-00-00',0,'0000-00-00',0),(11,9,0,'0000-00-00 00:00:00',0,'0000-00-00','0000-00-00',0,'0000-00-00',0,'0000-00-00',0),(11,10,0,'0000-00-00 00:00:00',0,'0000-00-00','0000-00-00',0,'0000-00-00',0,'0000-00-00',0),(11,11,0,'0000-00-00 00:00:00',0,'0000-00-00','0000-00-00',0,'0000-00-00',0,'0000-00-00',0),(11,12,0,'0000-00-00 00:00:00',0,'0000-00-00','0000-00-00',0,'0000-00-00',0,'0000-00-00',0),(11,13,0,'0000-00-00 00:00:00',0,'0000-00-00','0000-00-00',0,'0000-00-00',0,'0000-00-00',0),(11,14,0,'0000-00-00 00:00:00',0,'0000-00-00','0000-00-00',0,'0000-00-00',0,'0000-00-00',0),(11,15,0,'0000-00-00 00:00:00',0,'0000-00-00','0000-00-00',0,'0000-00-00',0,'0000-00-00',0),(11,16,0,'0000-00-00 00:00:00',0,'0000-00-00','0000-00-00',0,'0000-00-00',0,'0000-00-00',0),(11,17,0,'0000-00-00 00:00:00',0,'0000-00-00','0000-00-00',0,'0000-00-00',0,'0000-00-00',0),(11,18,0,'0000-00-00 00:00:00',0,'0000-00-00','0000-00-00',0,'0000-00-00',0,'0000-00-00',0),(11,19,0,'0000-00-00 00:00:00',0,'0000-00-00','0000-00-00',0,'0000-00-00',0,'0000-00-00',0),(11,20,0,'0000-00-00 00:00:00',0,'0000-00-00','0000-00-00',0,'0000-00-00',0,'0000-00-00',0),(11,21,0,'0000-00-00 00:00:00',0,'0000-00-00','0000-00-00',0,'0000-00-00',0,'0000-00-00',0),(11,22,0,'0000-00-00 00:00:00',0,'0000-00-00','0000-00-00',0,'0000-00-00',0,'0000-00-00',0),(11,23,3,'2013-08-05 10:44:41',1,'2011-10-31','2011-10-31',4,'2011-10-31',4,'0000-00-00',0),(11,24,0,'0000-00-00 00:00:00',0,'0000-00-00','0000-00-00',0,'0000-00-00',0,'0000-00-00',0),(11,25,3,'2013-08-05 10:44:41',1,'2011-10-31','2011-10-31',4,'2011-10-31',4,'0000-00-00',0),(11,26,0,'0000-00-00 00:00:00',0,'0000-00-00','0000-00-00',0,'0000-00-00',0,'0000-00-00',0),(11,27,0,'0000-00-00 00:00:00',0,'0000-00-00','0000-00-00',0,'0000-00-00',0,'0000-00-00',0),(11,28,0,'0000-00-00 00:00:00',0,'0000-00-00','0000-00-00',0,'0000-00-00',0,'0000-00-00',0),(11,29,3,'2013-08-05 10:44:41',1,'2011-10-31','2011-10-31',4,'2011-10-31',4,'0000-00-00',0),(11,30,0,'0000-00-00 00:00:00',0,'0000-00-00','0000-00-00',0,'0000-00-00',0,'0000-00-00',0),(11,31,0,'0000-00-00 00:00:00',0,'0000-00-00','0000-00-00',0,'0000-00-00',0,'0000-00-00',0),(11,32,0,'0000-00-00 00:00:00',0,'0000-00-00','0000-00-00',0,'0000-00-00',0,'0000-00-00',0),(11,33,0,'0000-00-00 00:00:00',0,'0000-00-00','0000-00-00',0,'0000-00-00',0,'0000-00-00',0),(11,34,0,'0000-00-00 00:00:00',0,'0000-00-00','0000-00-00',0,'0000-00-00',0,'0000-00-00',0),(12,5,0,'0000-00-00 00:00:00',0,'0000-00-00','0000-00-00',0,'0000-00-00',0,'0000-00-00',0),(12,6,0,'0000-00-00 00:00:00',0,'0000-00-00','0000-00-00',0,'0000-00-00',0,'0000-00-00',0),(12,7,0,'0000-00-00 00:00:00',0,'0000-00-00','0000-00-00',0,'0000-00-00',0,'0000-00-00',0),(12,8,0,'0000-00-00 00:00:00',0,'0000-00-00','0000-00-00',0,'0000-00-00',0,'0000-00-00',0),(12,9,0,'0000-00-00 00:00:00',0,'0000-00-00','0000-00-00',0,'0000-00-00',0,'0000-00-00',0),(12,10,0,'0000-00-00 00:00:00',0,'0000-00-00','0000-00-00',0,'0000-00-00',0,'0000-00-00',0),(12,11,0,'0000-00-00 00:00:00',0,'0000-00-00','0000-00-00',0,'0000-00-00',0,'0000-00-00',0),(12,12,0,'0000-00-00 00:00:00',0,'0000-00-00','0000-00-00',0,'0000-00-00',0,'0000-00-00',0),(12,13,0,'0000-00-00 00:00:00',0,'0000-00-00','0000-00-00',0,'0000-00-00',0,'0000-00-00',0),(12,14,0,'0000-00-00 00:00:00',0,'0000-00-00','0000-00-00',0,'0000-00-00',0,'0000-00-00',0),(12,15,0,'0000-00-00 00:00:00',0,'0000-00-00','0000-00-00',0,'0000-00-00',0,'0000-00-00',0),(12,16,0,'0000-00-00 00:00:00',0,'0000-00-00','0000-00-00',0,'0000-00-00',0,'0000-00-00',0),(12,17,0,'0000-00-00 00:00:00',0,'0000-00-00','0000-00-00',0,'0000-00-00',0,'0000-00-00',0),(12,18,0,'0000-00-00 00:00:00',0,'0000-00-00','0000-00-00',0,'0000-00-00',0,'0000-00-00',0),(12,19,0,'0000-00-00 00:00:00',0,'0000-00-00','0000-00-00',0,'0000-00-00',0,'0000-00-00',0),(12,20,0,'0000-00-00 00:00:00',0,'0000-00-00','0000-00-00',0,'0000-00-00',0,'0000-00-00',0),(12,21,0,'0000-00-00 00:00:00',0,'0000-00-00','0000-00-00',0,'0000-00-00',0,'0000-00-00',0),(12,22,0,'0000-00-00 00:00:00',0,'0000-00-00','0000-00-00',0,'0000-00-00',0,'0000-00-00',0),(12,23,0,'0000-00-00 00:00:00',0,'0000-00-00','0000-00-00',0,'0000-00-00',0,'0000-00-00',0),(12,24,0,'0000-00-00 00:00:00',0,'0000-00-00','0000-00-00',0,'0000-00-00',0,'0000-00-00',0),(12,25,0,'0000-00-00 00:00:00',0,'0000-00-00','0000-00-00',0,'0000-00-00',0,'0000-00-00',0),(12,26,0,'0000-00-00 00:00:00',0,'0000-00-00','0000-00-00',0,'0000-00-00',0,'0000-00-00',0),(12,27,0,'0000-00-00 00:00:00',0,'0000-00-00','0000-00-00',0,'0000-00-00',0,'0000-00-00',0),(12,28,0,'0000-00-00 00:00:00',0,'0000-00-00','0000-00-00',0,'0000-00-00',0,'0000-00-00',0),(12,29,0,'0000-00-00 00:00:00',0,'0000-00-00','0000-00-00',0,'0000-00-00',0,'0000-00-00',0),(12,30,0,'0000-00-00 00:00:00',0,'0000-00-00','0000-00-00',0,'0000-00-00',0,'0000-00-00',0),(12,31,0,'0000-00-00 00:00:00',0,'0000-00-00','0000-00-00',0,'0000-00-00',0,'0000-00-00',0),(12,32,0,'0000-00-00 00:00:00',0,'0000-00-00','0000-00-00',0,'0000-00-00',0,'0000-00-00',0),(12,33,0,'0000-00-00 00:00:00',0,'0000-00-00','0000-00-00',0,'0000-00-00',0,'0000-00-00',0),(12,34,0,'0000-00-00 00:00:00',0,'0000-00-00','0000-00-00',0,'0000-00-00',0,'0000-00-00',0),(12,35,2,'2013-08-05 11:06:25',4,'2011-11-30','2011-11-30',4,'0000-00-00',0,'0000-00-00',0),(13,5,0,'0000-00-00 00:00:00',0,'0000-00-00','0000-00-00',0,'0000-00-00',0,'0000-00-00',0),(13,6,0,'0000-00-00 00:00:00',0,'0000-00-00','0000-00-00',0,'0000-00-00',0,'0000-00-00',0),(13,7,0,'0000-00-00 00:00:00',0,'0000-00-00','0000-00-00',0,'0000-00-00',0,'0000-00-00',0),(13,8,0,'0000-00-00 00:00:00',0,'0000-00-00','0000-00-00',0,'0000-00-00',0,'0000-00-00',0),(13,9,0,'0000-00-00 00:00:00',0,'0000-00-00','0000-00-00',0,'0000-00-00',0,'0000-00-00',0),(13,10,0,'0000-00-00 00:00:00',0,'0000-00-00','0000-00-00',0,'0000-00-00',0,'0000-00-00',0),(13,11,0,'0000-00-00 00:00:00',0,'0000-00-00','0000-00-00',0,'0000-00-00',0,'0000-00-00',0),(13,12,0,'0000-00-00 00:00:00',0,'0000-00-00','0000-00-00',0,'0000-00-00',0,'0000-00-00',0),(13,13,0,'0000-00-00 00:00:00',0,'0000-00-00','0000-00-00',0,'0000-00-00',0,'0000-00-00',0),(13,14,0,'0000-00-00 00:00:00',0,'0000-00-00','0000-00-00',0,'0000-00-00',0,'0000-00-00',0),(13,15,0,'0000-00-00 00:00:00',0,'0000-00-00','0000-00-00',0,'0000-00-00',0,'0000-00-00',0),(13,16,0,'0000-00-00 00:00:00',0,'0000-00-00','0000-00-00',0,'0000-00-00',0,'0000-00-00',0),(13,17,0,'0000-00-00 00:00:00',0,'0000-00-00','0000-00-00',0,'0000-00-00',0,'0000-00-00',0),(13,18,0,'0000-00-00 00:00:00',0,'0000-00-00','0000-00-00',0,'0000-00-00',0,'0000-00-00',0),(13,19,0,'0000-00-00 00:00:00',0,'0000-00-00','0000-00-00',0,'0000-00-00',0,'0000-00-00',0),(13,20,0,'0000-00-00 00:00:00',0,'0000-00-00','0000-00-00',0,'0000-00-00',0,'0000-00-00',0),(13,21,0,'0000-00-00 00:00:00',0,'0000-00-00','0000-00-00',0,'0000-00-00',0,'0000-00-00',0),(13,22,3,'2013-08-05 11:30:59',4,'2012-12-31','2012-12-31',4,'2012-12-31',4,'0000-00-00',0),(13,23,0,'0000-00-00 00:00:00',0,'0000-00-00','0000-00-00',0,'0000-00-00',0,'0000-00-00',0),(13,24,3,'2013-08-05 11:30:59',4,'2012-12-31','2012-12-31',4,'2012-12-31',4,'0000-00-00',0),(13,25,0,'0000-00-00 00:00:00',0,'0000-00-00','0000-00-00',0,'0000-00-00',0,'0000-00-00',0),(13,26,3,'2013-08-05 11:30:59',4,'2012-12-31','2012-12-31',4,'2012-12-31',4,'0000-00-00',0),(13,27,3,'2013-08-05 11:30:59',4,'2012-12-31','2012-12-31',4,'2012-12-31',4,'0000-00-00',0),(13,28,3,'2013-08-05 11:30:59',4,'2012-12-31','2012-12-31',4,'2012-12-31',4,'0000-00-00',0),(13,29,0,'0000-00-00 00:00:00',0,'0000-00-00','0000-00-00',0,'0000-00-00',0,'0000-00-00',0),(13,30,0,'0000-00-00 00:00:00',0,'0000-00-00','0000-00-00',0,'0000-00-00',0,'0000-00-00',0),(13,31,0,'0000-00-00 00:00:00',0,'0000-00-00','0000-00-00',0,'0000-00-00',0,'0000-00-00',0),(13,32,0,'0000-00-00 00:00:00',0,'0000-00-00','0000-00-00',0,'0000-00-00',0,'0000-00-00',0),(13,33,0,'0000-00-00 00:00:00',0,'0000-00-00','0000-00-00',0,'0000-00-00',0,'0000-00-00',0),(13,34,0,'0000-00-00 00:00:00',0,'0000-00-00','0000-00-00',0,'0000-00-00',0,'0000-00-00',0),(14,5,0,'0000-00-00 00:00:00',0,'0000-00-00','0000-00-00',0,'0000-00-00',0,'0000-00-00',0),(14,6,0,'0000-00-00 00:00:00',0,'0000-00-00','0000-00-00',0,'0000-00-00',0,'0000-00-00',0),(14,7,0,'0000-00-00 00:00:00',0,'0000-00-00','0000-00-00',0,'0000-00-00',0,'0000-00-00',0),(14,8,0,'0000-00-00 00:00:00',0,'0000-00-00','0000-00-00',0,'0000-00-00',0,'0000-00-00',0),(14,9,0,'0000-00-00 00:00:00',0,'0000-00-00','0000-00-00',0,'0000-00-00',0,'0000-00-00',0),(14,10,0,'0000-00-00 00:00:00',0,'0000-00-00','0000-00-00',0,'0000-00-00',0,'0000-00-00',0),(14,11,0,'0000-00-00 00:00:00',0,'0000-00-00','0000-00-00',0,'0000-00-00',0,'0000-00-00',0),(14,12,0,'0000-00-00 00:00:00',0,'0000-00-00','0000-00-00',0,'0000-00-00',0,'0000-00-00',0),(14,13,0,'0000-00-00 00:00:00',0,'0000-00-00','0000-00-00',0,'0000-00-00',0,'0000-00-00',0),(14,14,0,'0000-00-00 00:00:00',0,'0000-00-00','0000-00-00',0,'0000-00-00',0,'0000-00-00',0),(14,15,0,'0000-00-00 00:00:00',0,'0000-00-00','0000-00-00',0,'0000-00-00',0,'0000-00-00',0),(14,16,0,'0000-00-00 00:00:00',0,'0000-00-00','0000-00-00',0,'0000-00-00',0,'0000-00-00',0),(14,17,0,'0000-00-00 00:00:00',0,'0000-00-00','0000-00-00',0,'0000-00-00',0,'0000-00-00',0),(14,18,0,'0000-00-00 00:00:00',0,'0000-00-00','0000-00-00',0,'0000-00-00',0,'0000-00-00',0),(14,19,0,'0000-00-00 00:00:00',0,'0000-00-00','0000-00-00',0,'0000-00-00',0,'0000-00-00',0),(14,20,0,'0000-00-00 00:00:00',0,'0000-00-00','0000-00-00',0,'0000-00-00',0,'0000-00-00',0),(14,21,0,'0000-00-00 00:00:00',0,'0000-00-00','0000-00-00',0,'0000-00-00',0,'0000-00-00',0),(14,22,0,'0000-00-00 00:00:00',0,'0000-00-00','0000-00-00',0,'0000-00-00',0,'0000-00-00',0),(14,23,0,'0000-00-00 00:00:00',0,'0000-00-00','0000-00-00',0,'0000-00-00',0,'0000-00-00',0),(14,24,0,'0000-00-00 00:00:00',0,'0000-00-00','0000-00-00',0,'0000-00-00',0,'0000-00-00',0),(14,25,0,'0000-00-00 00:00:00',0,'0000-00-00','0000-00-00',0,'0000-00-00',0,'0000-00-00',0),(14,26,0,'0000-00-00 00:00:00',0,'0000-00-00','0000-00-00',0,'0000-00-00',0,'0000-00-00',0),(14,27,0,'0000-00-00 00:00:00',0,'0000-00-00','0000-00-00',0,'0000-00-00',0,'0000-00-00',0),(14,28,0,'0000-00-00 00:00:00',0,'0000-00-00','0000-00-00',0,'0000-00-00',0,'0000-00-00',0),(14,29,0,'0000-00-00 00:00:00',0,'0000-00-00','0000-00-00',0,'0000-00-00',0,'0000-00-00',0),(14,30,0,'0000-00-00 00:00:00',0,'0000-00-00','0000-00-00',0,'0000-00-00',0,'0000-00-00',0),(14,31,0,'0000-00-00 00:00:00',0,'0000-00-00','0000-00-00',0,'0000-00-00',0,'0000-00-00',0),(14,32,0,'0000-00-00 00:00:00',0,'0000-00-00','0000-00-00',0,'0000-00-00',0,'0000-00-00',0),(14,33,0,'0000-00-00 00:00:00',0,'0000-00-00','0000-00-00',0,'0000-00-00',0,'0000-00-00',0),(14,34,0,'0000-00-00 00:00:00',0,'0000-00-00','0000-00-00',0,'0000-00-00',0,'0000-00-00',0),(14,35,2,'2013-08-05 14:56:22',4,'2013-01-31','2013-01-31',4,'0000-00-00',0,'0000-00-00',0),(15,5,1,'2013-08-07 12:57:31',4,'0000-00-00','0000-00-00',0,'0000-00-00',0,'0000-00-00',0),(15,6,1,'2013-08-07 12:57:31',4,'0000-00-00','0000-00-00',0,'0000-00-00',0,'0000-00-00',0),(15,7,1,'2013-08-07 12:57:31',4,'0000-00-00','0000-00-00',0,'0000-00-00',0,'0000-00-00',0),(15,8,1,'2013-08-07 12:57:31',4,'0000-00-00','0000-00-00',0,'0000-00-00',0,'0000-00-00',0),(15,9,1,'2013-08-07 12:57:31',4,'0000-00-00','0000-00-00',0,'0000-00-00',0,'0000-00-00',0),(15,10,1,'2013-08-07 12:57:31',4,'0000-00-00','0000-00-00',0,'0000-00-00',0,'0000-00-00',0),(15,11,1,'2013-08-07 12:57:31',4,'0000-00-00','0000-00-00',0,'0000-00-00',0,'0000-00-00',0),(15,12,1,'2013-08-07 12:57:31',4,'0000-00-00','0000-00-00',0,'0000-00-00',0,'0000-00-00',0),(15,13,1,'2013-08-07 12:57:31',4,'0000-00-00','0000-00-00',0,'0000-00-00',0,'0000-00-00',0),(15,14,0,'0000-00-00 00:00:00',0,'0000-00-00','0000-00-00',0,'0000-00-00',0,'0000-00-00',0),(15,15,1,'2013-08-07 12:57:31',4,'0000-00-00','0000-00-00',0,'0000-00-00',0,'0000-00-00',0),(15,16,1,'2013-08-07 12:57:31',4,'0000-00-00','0000-00-00',0,'0000-00-00',0,'0000-00-00',0),(15,17,1,'2013-08-07 12:57:31',4,'0000-00-00','0000-00-00',0,'0000-00-00',0,'0000-00-00',0),(15,18,1,'2013-08-07 12:57:31',4,'0000-00-00','0000-00-00',0,'0000-00-00',0,'0000-00-00',0),(15,19,1,'2013-08-07 12:57:31',4,'0000-00-00','0000-00-00',0,'0000-00-00',0,'0000-00-00',0),(15,20,1,'2013-08-07 12:57:31',4,'0000-00-00','0000-00-00',0,'0000-00-00',0,'0000-00-00',0),(15,21,1,'2013-08-07 12:57:31',4,'0000-00-00','0000-00-00',0,'0000-00-00',0,'0000-00-00',0),(15,22,0,'0000-00-00 00:00:00',0,'0000-00-00','0000-00-00',0,'0000-00-00',0,'0000-00-00',0),(15,23,0,'0000-00-00 00:00:00',0,'0000-00-00','0000-00-00',0,'0000-00-00',0,'0000-00-00',0),(15,25,0,'0000-00-00 00:00:00',0,'0000-00-00','0000-00-00',0,'0000-00-00',0,'0000-00-00',0),(15,26,0,'0000-00-00 00:00:00',0,'0000-00-00','0000-00-00',0,'0000-00-00',0,'0000-00-00',0),(15,27,0,'0000-00-00 00:00:00',0,'0000-00-00','0000-00-00',0,'0000-00-00',0,'0000-00-00',0),(15,28,0,'0000-00-00 00:00:00',0,'0000-00-00','0000-00-00',0,'0000-00-00',0,'0000-00-00',0),(15,29,0,'0000-00-00 00:00:00',0,'0000-00-00','0000-00-00',0,'0000-00-00',0,'0000-00-00',0),(15,30,1,'2013-08-07 12:57:31',4,'0000-00-00','0000-00-00',0,'0000-00-00',0,'0000-00-00',0),(15,31,1,'2013-08-07 12:57:31',4,'0000-00-00','0000-00-00',0,'0000-00-00',0,'0000-00-00',0),(15,32,1,'2013-08-07 12:57:31',4,'0000-00-00','0000-00-00',0,'0000-00-00',0,'0000-00-00',0),(15,33,1,'2013-08-07 12:57:31',4,'0000-00-00','0000-00-00',0,'0000-00-00',0,'0000-00-00',0),(15,34,0,'0000-00-00 00:00:00',0,'0000-00-00','0000-00-00',0,'0000-00-00',0,'0000-00-00',0);
/*!40000 ALTER TABLE `payroll_period_employee` ENABLE KEYS */;
UNLOCK TABLES;

--
-- Table structure for table `payroll_tmp_acclnk`
--

DROP TABLE IF EXISTS `payroll_tmp_acclnk`;
/*!40101 SET @saved_cs_client     = @@character_set_client */;
/*!40101 SET character_set_client = utf8 */;
CREATE TABLE `payroll_tmp_acclnk` (
  `payroll_account_ID` varchar(5) NOT NULL,
  `payroll_year_ID` smallint(6) NOT NULL,
  `payroll_child_account_ID` varchar(5) NOT NULL,
  `field_assignment` tinyint(4) NOT NULL,
  `fwd_neg_values` tinyint(1) NOT NULL,
  `invert_value` tinyint(1) NOT NULL,
  `child_account_field` tinyint(4) NOT NULL,
  KEY `chldAcc` (`payroll_child_account_ID`) USING HASH,
  KEY `prntAcc` (`payroll_account_ID`) USING HASH
) ENGINE=MEMORY DEFAULT CHARSET=latin1;
/*!40101 SET character_set_client = @saved_cs_client */;

--
-- Dumping data for table `payroll_tmp_acclnk`
--

LOCK TABLES `payroll_tmp_acclnk` WRITE;
/*!40000 ALTER TABLE `payroll_tmp_acclnk` DISABLE KEYS */;
/*!40000 ALTER TABLE `payroll_tmp_acclnk` ENABLE KEYS */;
UNLOCK TABLES;

--
-- Table structure for table `payroll_tmp_calc_modifier`
--

DROP TABLE IF EXISTS `payroll_tmp_calc_modifier`;
/*!40101 SET @saved_cs_client     = @@character_set_client */;
/*!40101 SET character_set_client = utf8 */;
CREATE TABLE `payroll_tmp_calc_modifier` (
  `core_user_ID` int(11) NOT NULL,
  `payroll_employee_ID` int(11) NOT NULL,
  `payroll_account_ID` varchar(5) NOT NULL,
  `ModifierType` tinyint(4) NOT NULL,
  `FieldName` varchar(30) NOT NULL,
  `TargetField` tinyint(4) NOT NULL,
  `TargetValue` decimal(12,5) NOT NULL,
  `max_limit` decimal(8,2) NOT NULL,
  `min_limit` decimal(8,2) NOT NULL,
  `deduction` decimal(8,2) NOT NULL,
  `major_period` tinyint(1) NOT NULL,
  `minor_period` tinyint(1) NOT NULL,
  `major_period_bonus` tinyint(1) NOT NULL
) ENGINE=MEMORY DEFAULT CHARSET=utf8;
/*!40101 SET character_set_client = @saved_cs_client */;

--
-- Dumping data for table `payroll_tmp_calc_modifier`
--

LOCK TABLES `payroll_tmp_calc_modifier` WRITE;
/*!40000 ALTER TABLE `payroll_tmp_calc_modifier` DISABLE KEYS */;
/*!40000 ALTER TABLE `payroll_tmp_calc_modifier` ENABLE KEYS */;
UNLOCK TABLES;

--
-- Table structure for table `payroll_tmp_calculation`
--

DROP TABLE IF EXISTS `payroll_tmp_calculation`;
/*!40101 SET @saved_cs_client     = @@character_set_client */;
/*!40101 SET character_set_client = utf8 */;
CREATE TABLE `payroll_tmp_calculation` (
  `core_user_ID` int(11) NOT NULL,
  `payroll_year_ID` smallint(6) NOT NULL,
  `payroll_account_ID` varchar(5) NOT NULL,
  `payroll_employee_ID` int(11) NOT NULL,
  `input` decimal(12,5) NOT NULL,
  `surcharge` decimal(12,5) NOT NULL,
  `factor` decimal(12,5) NOT NULL,
  `quantity` decimal(12,5) NOT NULL,
  `rate` decimal(12,5) NOT NULL,
  `amount` decimal(12,5) NOT NULL,
  `output` decimal(12,5) NOT NULL,
  `having_limits` tinyint(1) NOT NULL,
  `input_assignment` tinyint(4) NOT NULL,
  `having_calculation` tinyint(1) NOT NULL,
  `output_assignment` tinyint(4) NOT NULL,
  `round_param` decimal(6,4) NOT NULL,
  `limits_calc_mode` tinyint(4) NOT NULL DEFAULT '0',
  `limits_aux_account_ID` varchar(5) NOT NULL,
  `process_status` tinyint(4) NOT NULL,
  `process_order` smallint(6) NOT NULL,
  `sign` tinyint(1) NOT NULL DEFAULT '0',
  `having_rounding` tinyint(1) NOT NULL DEFAULT '0',
  `payroll_formula_ID` smallint(6) NOT NULL DEFAULT '0',
  `allowable_workdays` smallint(6) NOT NULL DEFAULT '0',
  `allowable_workdays_mt` tinyint(4) NOT NULL DEFAULT '0',
  `amount_balance` decimal(13,5) NOT NULL DEFAULT '0.00000',
  `max_limit` decimal(8,2) NOT NULL DEFAULT '0.00',
  `min_limit` decimal(8,2) NOT NULL DEFAULT '0.00',
  `deduction` decimal(8,2) NOT NULL DEFAULT '0.00',
  `tmpCumulativeBase` decimal(12,5) NOT NULL DEFAULT '0.00000',
  `tmpDeduction` decimal(10,4) NOT NULL DEFAULT '0.0000',
  `having_pensioner_calc` tinyint(1) NOT NULL DEFAULT '0',
  KEY `idxProcOrder` (`process_order`,`having_calculation`,`payroll_formula_ID`) USING BTREE,
  KEY `idxAccID` (`payroll_account_ID`,`payroll_employee_ID`) USING HASH
) ENGINE=MEMORY DEFAULT CHARSET=latin1;
/*!40101 SET character_set_client = @saved_cs_client */;

--
-- Dumping data for table `payroll_tmp_calculation`
--

LOCK TABLES `payroll_tmp_calculation` WRITE;
/*!40000 ALTER TABLE `payroll_tmp_calculation` DISABLE KEYS */;
/*!40000 ALTER TABLE `payroll_tmp_calculation` ENABLE KEYS */;
UNLOCK TABLES;

--
-- Table structure for table `payroll_tmp_change_mng`
--

DROP TABLE IF EXISTS `payroll_tmp_change_mng`;
/*!40101 SET @saved_cs_client     = @@character_set_client */;
/*!40101 SET character_set_client = utf8 */;
CREATE TABLE `payroll_tmp_change_mng` (
  `core_user_id` int(11) NOT NULL,
  `numID` int(11) NOT NULL,
  `alphID` varchar(5) NOT NULL,
  KEY `uidnum` (`core_user_id`,`numID`),
  KEY `uidalph` (`core_user_id`,`alphID`)
) ENGINE=MEMORY DEFAULT CHARSET=utf8;
/*!40101 SET character_set_client = @saved_cs_client */;

--
-- Dumping data for table `payroll_tmp_change_mng`
--

LOCK TABLES `payroll_tmp_change_mng` WRITE;
/*!40000 ALTER TABLE `payroll_tmp_change_mng` DISABLE KEYS */;
INSERT INTO `payroll_tmp_change_mng` VALUES (4,5,''),(4,6,''),(4,7,''),(4,8,''),(4,9,''),(4,10,''),(4,11,''),(4,12,''),(4,13,''),(4,15,''),(4,16,''),(4,17,''),(4,18,''),(4,19,''),(4,20,''),(4,21,''),(4,30,''),(4,31,''),(4,32,''),(4,33,'');
/*!40000 ALTER TABLE `payroll_tmp_change_mng` ENABLE KEYS */;
UNLOCK TABLES;

--
-- Table structure for table `payroll_tmp_empl_accounts`
--

DROP TABLE IF EXISTS `payroll_tmp_empl_accounts`;
/*!40101 SET @saved_cs_client     = @@character_set_client */;
/*!40101 SET character_set_client = utf8 */;
CREATE TABLE `payroll_tmp_empl_accounts` (
  `payroll_employee_ID` int(11) NOT NULL,
  `payroll_account_ID` varchar(5) NOT NULL,
  `rate` decimal(12,5) NOT NULL,
  `mustAdd` tinyint(1) NOT NULL,
  `mustRemove` tinyint(1) NOT NULL,
  `replaceRate` tinyint(1) NOT NULL DEFAULT '0',
  `parentOfAuxAccount` varchar(5) NOT NULL,
  PRIMARY KEY (`payroll_employee_ID`,`payroll_account_ID`)
) ENGINE=MEMORY DEFAULT CHARSET=latin1;
/*!40101 SET character_set_client = @saved_cs_client */;

--
-- Dumping data for table `payroll_tmp_empl_accounts`
--

LOCK TABLES `payroll_tmp_empl_accounts` WRITE;
/*!40000 ALTER TABLE `payroll_tmp_empl_accounts` DISABLE KEYS */;
/*!40000 ALTER TABLE `payroll_tmp_empl_accounts` ENABLE KEYS */;
UNLOCK TABLES;

--
-- Table structure for table `payroll_tmp_mgmt_acc_split`
--

DROP TABLE IF EXISTS `payroll_tmp_mgmt_acc_split`;
/*!40101 SET @saved_cs_client     = @@character_set_client */;
/*!40101 SET character_set_client = utf8 */;
CREATE TABLE `payroll_tmp_mgmt_acc_split` (
  `payroll_period_ID` int(11) NOT NULL,
  `payroll_company_ID` int(11) NOT NULL,
  `payroll_employee_ID` int(11) NOT NULL,
  `cost_center` varchar(15) NOT NULL,
  `payroll_account_ID` varchar(5) NOT NULL,
  `amount_initial` decimal(10,2) NOT NULL,
  `amount_available` decimal(10,2) NOT NULL,
  `amount` decimal(10,2) NOT NULL,
  `processing_order` tinyint(4) NOT NULL,
  `invert_value` tinyint(1) NOT NULL,
  `amount_quantity` tinyint(1) NOT NULL,
  `processing_done` tinyint(1) NOT NULL,
  `having_rounding` tinyint(1) NOT NULL,
  `rounding` decimal(7,2) NOT NULL,
  `remainder` tinyint(4) NOT NULL
) ENGINE=MEMORY DEFAULT CHARSET=latin1;
/*!40101 SET character_set_client = @saved_cs_client */;

--
-- Dumping data for table `payroll_tmp_mgmt_acc_split`
--

LOCK TABLES `payroll_tmp_mgmt_acc_split` WRITE;
/*!40000 ALTER TABLE `payroll_tmp_mgmt_acc_split` DISABLE KEYS */;
/*!40000 ALTER TABLE `payroll_tmp_mgmt_acc_split` ENABLE KEYS */;
UNLOCK TABLES;

--
-- Table structure for table `payroll_tmp_qst_import`
--

DROP TABLE IF EXISTS `payroll_tmp_qst_import`;
/*!40101 SET @saved_cs_client     = @@character_set_client */;
/*!40101 SET character_set_client = utf8 */;
CREATE TABLE `payroll_tmp_qst_import` (
  `transaction_type` tinyint(4) NOT NULL,
  `canton` varchar(2) NOT NULL,
  `rate_code` varchar(10) NOT NULL,
  `date_from` date NOT NULL,
  `taxable_income` decimal(9,2) NOT NULL,
  `step_rate` decimal(9,2) NOT NULL,
  `sex` varchar(1) NOT NULL,
  `children` tinyint(4) NOT NULL,
  `tax_amount` decimal(9,2) NOT NULL,
  `tax_rate` decimal(5,2) NOT NULL
) ENGINE=MEMORY DEFAULT CHARSET=latin1;
/*!40101 SET character_set_client = @saved_cs_client */;

--
-- Dumping data for table `payroll_tmp_qst_import`
--

LOCK TABLES `payroll_tmp_qst_import` WRITE;
/*!40000 ALTER TABLE `payroll_tmp_qst_import` DISABLE KEYS */;
/*!40000 ALTER TABLE `payroll_tmp_qst_import` ENABLE KEYS */;
UNLOCK TABLES;

--
-- Table structure for table `payroll_year`
--

DROP TABLE IF EXISTS `payroll_year`;
/*!40101 SET @saved_cs_client     = @@character_set_client */;
/*!40101 SET character_set_client = utf8 */;
CREATE TABLE `payroll_year` (
  `id` smallint(6) NOT NULL,
  `date_start` date NOT NULL,
  `date_end` date NOT NULL,
  PRIMARY KEY (`id`)
) ENGINE=InnoDB DEFAULT CHARSET=latin1;
/*!40101 SET character_set_client = @saved_cs_client */;

--
-- Dumping data for table `payroll_year`
--

LOCK TABLES `payroll_year` WRITE;
/*!40000 ALTER TABLE `payroll_year` DISABLE KEYS */;
INSERT INTO `payroll_year` VALUES (2011,'2011-01-01','2011-12-31'),(2012,'2012-01-01','2012-12-31');
/*!40000 ALTER TABLE `payroll_year` ENABLE KEYS */;
UNLOCK TABLES;

--
-- Table structure for table `tmpDebug`
--

DROP TABLE IF EXISTS `tmpDebug`;
/*!40101 SET @saved_cs_client     = @@character_set_client */;
/*!40101 SET character_set_client = utf8 */;
CREATE TABLE `tmpDebug` (
  `id` int(11) NOT NULL AUTO_INCREMENT,
  `txt` text NOT NULL,
  PRIMARY KEY (`id`)
) ENGINE=InnoDB DEFAULT CHARSET=utf8;
/*!40101 SET character_set_client = @saved_cs_client */;

--
-- Dumping data for table `tmpDebug`
--

LOCK TABLES `tmpDebug` WRITE;
/*!40000 ALTER TABLE `tmpDebug` DISABLE KEYS */;
/*!40000 ALTER TABLE `tmpDebug` ENABLE KEYS */;
UNLOCK TABLES;

