-- MySQL dump 10.13  Distrib 5.5.29, for FreeBSD9.1 (amd64)
--
-- Host: localhost    Database: admindev
-- ------------------------------------------------------
-- Server version	5.5.29

/*!40101 SET @OLD_CHARACTER_SET_CLIENT=@@CHARACTER_SET_CLIENT */;
/*!40101 SET @OLD_CHARACTER_SET_RESULTS=@@CHARACTER_SET_RESULTS */;
/*!40101 SET @OLD_COLLATION_CONNECTION=@@COLLATION_CONNECTION */;
/*!40101 SET NAMES utf8 */;
/*!40103 SET @OLD_TIME_ZONE=@@TIME_ZONE */;
/*!40103 SET TIME_ZONE='+00:00' */;
/*!40014 SET @OLD_UNIQUE_CHECKS=@@UNIQUE_CHECKS, UNIQUE_CHECKS=0 */;
/*!40014 SET @OLD_FOREIGN_KEY_CHECKS=@@FOREIGN_KEY_CHECKS, FOREIGN_KEY_CHECKS=0 */;
/*!40101 SET @OLD_SQL_MODE=@@SQL_MODE, SQL_MODE='NO_AUTO_VALUE_ON_ZERO' */;
/*!40111 SET @OLD_SQL_NOTES=@@SQL_NOTES, SQL_NOTES=0 */;

--
-- Table structure for table `adm_group_tables`
--

DROP TABLE IF EXISTS `adm_group_tables`;
/*!40101 SET @saved_cs_client     = @@character_set_client */;
/*!40101 SET character_set_client = utf8 */;
CREATE TABLE `adm_group_tables` (
  `id` int(11) NOT NULL AUTO_INCREMENT,
  `adm_plugin_groups_ID` int(11) NOT NULL,
  `adm_version_tables_ID` int(11) NOT NULL,
  PRIMARY KEY (`id`)
) ENGINE=InnoDB AUTO_INCREMENT=22 DEFAULT CHARSET=latin1;
/*!40101 SET character_set_client = @saved_cs_client */;

--
-- Dumping data for table `adm_group_tables`
--

LOCK TABLES `adm_group_tables` WRITE;
/*!40000 ALTER TABLE `adm_group_tables` DISABLE KEYS */;
INSERT INTO `adm_group_tables` VALUES (1,2,1),(2,2,3),(3,2,6),(4,2,4),(5,2,7),(6,2,8),(7,2,9),(10,5,2),(11,5,5),(12,18,19),(13,18,21),(14,18,22),(15,18,24),(16,18,23),(17,18,25),(18,18,26),(19,18,29),(20,18,28),(21,18,27);
/*!40000 ALTER TABLE `adm_group_tables` ENABLE KEYS */;
UNLOCK TABLES;

--
-- Table structure for table `adm_plugin_groups`
--

DROP TABLE IF EXISTS `adm_plugin_groups`;
/*!40101 SET @saved_cs_client     = @@character_set_client */;
/*!40101 SET character_set_client = utf8 */;
CREATE TABLE `adm_plugin_groups` (
  `id` int(11) NOT NULL AUTO_INCREMENT,
  `plugins_ID` int(11) NOT NULL,
  `group_name` varchar(45) NOT NULL,
  PRIMARY KEY (`id`)
) ENGINE=InnoDB AUTO_INCREMENT=20 DEFAULT CHARSET=latin1;
/*!40101 SET character_set_client = @saved_cs_client */;

--
-- Dumping data for table `adm_plugin_groups`
--

LOCK TABLES `adm_plugin_groups` WRITE;
/*!40000 ALTER TABLE `adm_plugin_groups` DISABLE KEYS */;
INSERT INTO `adm_plugin_groups` VALUES (2,2,'plugins'),(4,1,'testgruppe'),(5,2,'standard mandanten'),(7,3,'Lohnartenstamm'),(8,3,'Allgemein'),(9,3,'Feldmodifikatoren'),(10,3,'Quellensteuer'),(11,3,'Personenfilter'),(12,3,'Variables Layout'),(13,3,'Felddefinitionen'),(14,3,'FIBU'),(15,3,'Versicherungen'),(16,3,'BEBU'),(17,3,'Auszahlung'),(18,8,'allgemein'),(19,3,'Formeln');
/*!40000 ALTER TABLE `adm_plugin_groups` ENABLE KEYS */;
UNLOCK TABLES;

--
-- Table structure for table `adm_plugin_version_groups`
--

DROP TABLE IF EXISTS `adm_plugin_version_groups`;
/*!40101 SET @saved_cs_client     = @@character_set_client */;
/*!40101 SET character_set_client = utf8 */;
CREATE TABLE `adm_plugin_version_groups` (
  `id` int(11) NOT NULL AUTO_INCREMENT,
  `version_ID` int(11) NOT NULL,
  `group_ID` int(11) NOT NULL,
  PRIMARY KEY (`id`)
) ENGINE=InnoDB DEFAULT CHARSET=latin1;
/*!40101 SET character_set_client = @saved_cs_client */;

--
-- Dumping data for table `adm_plugin_version_groups`
--

LOCK TABLES `adm_plugin_version_groups` WRITE;
/*!40000 ALTER TABLE `adm_plugin_version_groups` DISABLE KEYS */;
/*!40000 ALTER TABLE `adm_plugin_version_groups` ENABLE KEYS */;
UNLOCK TABLES;

--
-- Table structure for table `adm_version_groups`
--

DROP TABLE IF EXISTS `adm_version_groups`;
/*!40101 SET @saved_cs_client     = @@character_set_client */;
/*!40101 SET character_set_client = utf8 */;
CREATE TABLE `adm_version_groups` (
  `id` int(11) NOT NULL AUTO_INCREMENT,
  `adm_plugin_groups_ID` int(11) NOT NULL,
  `versions_ID` int(11) NOT NULL,
  PRIMARY KEY (`id`)
) ENGINE=InnoDB DEFAULT CHARSET=latin1;
/*!40101 SET character_set_client = @saved_cs_client */;

--
-- Dumping data for table `adm_version_groups`
--

LOCK TABLES `adm_version_groups` WRITE;
/*!40000 ALTER TABLE `adm_version_groups` DISABLE KEYS */;
/*!40000 ALTER TABLE `adm_version_groups` ENABLE KEYS */;
UNLOCK TABLES;

--
-- Table structure for table `adm_version_tables`
--

DROP TABLE IF EXISTS `adm_version_tables`;
/*!40101 SET @saved_cs_client     = @@character_set_client */;
/*!40101 SET character_set_client = utf8 */;
CREATE TABLE `adm_version_tables` (
  `id` int(11) NOT NULL AUTO_INCREMENT,
  `versions_ID` int(11) NOT NULL,
  `table_name` varchar(45) NOT NULL,
  `with_data` tinyint(1) NOT NULL,
  `group_ID` int(11) DEFAULT NULL,
  `auto_increment` varchar(4) NOT NULL,
  PRIMARY KEY (`id`)
) ENGINE=InnoDB AUTO_INCREMENT=90 DEFAULT CHARSET=latin1;
/*!40101 SET character_set_client = @saved_cs_client */;

--
-- Dumping data for table `adm_version_tables`
--

LOCK TABLES `adm_version_tables` WRITE;
/*!40000 ALTER TABLE `adm_version_tables` DISABLE KEYS */;
INSERT INTO `adm_version_tables` VALUES (1,24,'adm_group_tables',0,2,'1:1'),(2,19,'payroll_year',0,8,'1:1'),(3,24,'adm_plugin_groups',1,2,'1:1'),(4,19,'payroll_company',1,8,'1:1'),(5,19,'payroll_employee',0,8,'1:1'),(6,19,'payroll_period',0,8,'1:1'),(8,24,'adm_version_groups',1,2,'1:1'),(9,24,'adm_version_tables',1,2,'1:1'),(10,24,'adm_plugin_version_groups',1,2,'1:1'),(19,28,'core_group',1,18,'1:1'),(20,28,'core_intl_currency',1,18,'1:1'),(21,28,'core_intl_country',1,18,'1:1'),(22,28,'core_intl_currency_names',1,18,'1:1'),(23,28,'core_intl_country_names',1,18,'1:1'),(24,28,'core_intl_language',1,18,'1:1'),(25,28,'core_intl_language_names',1,18,'1:1'),(26,28,'core_plugins',0,18,'1:1'),(27,28,'core_user',0,18,'1:1'),(28,28,'core_registry',1,18,'1:1'),(29,28,'core_user_group',0,18,'1:1'),(30,19,'payroll_account',1,7,'1:1'),(31,19,'payroll_account_label',1,7,'1:1'),(32,19,'payroll_account_linker',1,7,'1:1'),(33,19,'payroll_account_mapping',1,7,'1:1'),(34,19,'payroll_attended_time',0,8,'1:1'),(35,19,'payroll_calculation_current',0,8,'1:1'),(36,19,'payroll_calculation_entry',0,8,'1:1'),(37,19,'payroll_calculation_modifier',1,9,'1:1'),(39,19,'payroll_das_account',1,10,'1:1'),(40,19,'payroll_das_account_matrix',1,10,'1:1'),(41,19,'payroll_das_canton',1,10,'1:1'),(42,19,'payroll_das_tax_rates',0,10,'1:1'),(43,19,'payroll_empl_filter',1,11,'1:1'),(44,19,'payroll_empl_filter_cache',0,11,'1:1'),(45,19,'payroll_empl_filter_crit',1,8,'1:1'),(46,19,'payroll_empl_form',1,12,'1:1'),(47,19,'payroll_empl_list',1,13,'1:1'),(48,19,'payroll_empl_list_label',1,13,'1:1'),(50,19,'payroll_employee_account',0,8,'1:1'),(51,19,'payroll_employee_career',0,8,'1:1'),(52,19,'payroll_employee_children',0,8,'1:1'),(53,19,'payroll_employee_education',0,8,'1:1'),(54,19,'payroll_employee_field_def',1,13,'1:1'),(55,19,'payroll_employee_field_label',1,13,'1:1'),(56,19,'payroll_employee_salary',0,8,'1:1'),(57,19,'payroll_employment_period',0,8,'1:1'),(58,19,'payroll_fin_acc_assign',1,14,'1:1'),(59,19,'payroll_fin_acc_entry',0,14,'1:1'),(60,19,'payroll_formula',1,19,'1:1'),(61,19,'payroll_insurance',1,15,'1:1'),(62,19,'payroll_insurance_type',1,15,'1:1'),(63,19,'payroll_insurance_code',1,15,'1:1'),(64,19,'payroll_insurance_rate',1,15,'1:1'),(65,19,'payroll_insurance_cd_label',1,8,'1:1'),(66,19,'payroll_languages',0,8,'1:1'),(67,19,'payroll_mgmt_acc_assign',1,16,'1:1'),(68,19,'payroll_mgmt_acc_entry',0,16,'1:1'),(69,19,'payroll_mgmt_acc_split',1,16,'1:1'),(70,19,'payroll_net_salary_adjust',0,8,'1:1'),(71,19,'payroll_payment_current',0,17,'1:1'),(72,19,'payroll_payment_entry',0,17,'1:1'),(73,19,'payroll_payment_split',0,17,'1:1'),(74,19,'payroll_payslip_cfg',0,8,'1:1'),(75,19,'payroll_payslip_cfg_info',0,8,'1:1'),(76,19,'payroll_payslip_notice',0,8,'1:1'),(78,19,'payroll_tmp_acclnk',0,8,'1:1'),(79,19,'payroll_period_employee',0,8,'1:1'),(80,19,'payroll_tmp_calc_modifier',0,8,'1:1'),(81,19,'payroll_tmp_calculation',0,8,'1:1'),(82,19,'payroll_tmp_calculation_acc',0,8,'1:1'),(83,19,'payroll_tmp_calculation_das',0,8,'1:1'),(84,19,'payroll_tmp_calculation_po',0,8,'1:1'),(85,19,'payroll_tmp_change_mng',0,8,'1:1'),(86,19,'payroll_tmp_empl_accounts',0,8,'1:1'),(87,19,'payroll_tmp_mgmt_acc_split',0,8,'1:1'),(89,19,'payroll_tmp_qst_import',0,8,'1:1');
/*!40000 ALTER TABLE `adm_version_tables` ENABLE KEYS */;
UNLOCK TABLES;

--
-- Table structure for table `core_group`
--

DROP TABLE IF EXISTS `core_group`;
/*!40101 SET @saved_cs_client     = @@character_set_client */;
/*!40101 SET character_set_client = utf8 */;
CREATE TABLE `core_group` (
  `id` int(11) NOT NULL AUTO_INCREMENT,
  `name` varchar(25) NOT NULL,
  `description` text NOT NULL,
  `active` tinyint(1) NOT NULL DEFAULT '1',
  `deleted` tinyint(1) NOT NULL DEFAULT '0',
  `core_user_ID_change` int(11) NOT NULL,
  `core_user_ID_create` int(11) NOT NULL,
  `core_user_ID_delete` int(11) NOT NULL,
  `datetime_change` datetime NOT NULL,
  `datetime_create` datetime NOT NULL,
  `datetime_delete` datetime NOT NULL,
  PRIMARY KEY (`id`)
) ENGINE=InnoDB AUTO_INCREMENT=3 DEFAULT CHARSET=latin1;
/*!40101 SET character_set_client = @saved_cs_client */;

--
-- Dumping data for table `core_group`
--

LOCK TABLES `core_group` WRITE;
/*!40000 ALTER TABLE `core_group` DISABLE KEYS */;
INSERT INTO `core_group` VALUES (1,'Administratoren','Administratoren Gruppe',1,0,1,1,0,'2011-05-26 00:00:00','2011-05-26 00:00:00','0000-00-00 00:00:00'),(2,'MyGruppe','Beschreibung',1,0,1,1,0,'2012-03-18 14:41:28','2012-03-02 20:11:27','0000-00-00 00:00:00');
/*!40000 ALTER TABLE `core_group` ENABLE KEYS */;
UNLOCK TABLES;

--
-- Table structure for table `core_intl_country`
--

DROP TABLE IF EXISTS `core_intl_country`;
/*!40101 SET @saved_cs_client     = @@character_set_client */;
/*!40101 SET character_set_client = utf8 */;
CREATE TABLE `core_intl_country` (
  `id` varchar(2) NOT NULL,
  `iso3` varchar(3) NOT NULL,
  `ioc` varchar(3) NOT NULL,
  `tld` varchar(6) NOT NULL,
  `core_intl_currency_ID` varchar(3) NOT NULL,
  `calling_code` varchar(7) NOT NULL,
  PRIMARY KEY (`id`)
) ENGINE=InnoDB DEFAULT CHARSET=utf8;
/*!40101 SET character_set_client = @saved_cs_client */;

--
-- Dumping data for table `core_intl_country`
--

LOCK TABLES `core_intl_country` WRITE;
/*!40000 ALTER TABLE `core_intl_country` DISABLE KEYS */;
INSERT INTO `core_intl_country` VALUES ('AC','ASC','','.ac','','+247'),('AD','AND','AND','.ad','EUR','+376'),('AE','ARE','UAE','.ae','AED','+971'),('AF','AFG','AFG','.af','AFN','+93'),('AG','ATG','ANT','.ag','XCD','+1268'),('AI','AIA','','.ai','XCD','+1264'),('AL','ALB','ALB','.al','ALL','+355'),('AM','ARM','ARM','.am','AMD','+374'),('AN','ANT','AHO','.an','ANG','+599'),('AO','AGO','ANG','.ao','AOA','+244'),('AQ','ATA','','.aq','','+672'),('AR','ARG','ARG','.ar','ARS','+54'),('AS','ASM','','.as','USD','+1684'),('AT','AUT','AUT','.at','EUR','+43'),('AU','AUS','AUS','.au','AUD','+61'),('AW','ABW','ARU','.aw','ANG','+297'),('AX','ALA','','.ax','EUR','+35818'),('AZ','AZE','AZE','.az','AZN','+994'),('BA','BIH','BIH','.ba','BAM','+387'),('BB','BRB','BAR','.bb','BBD','+1246'),('BD','BGD','BAN','.bd','BDT','+880'),('BE','BEL','BEL','.be','EUR','+32'),('BF','BFA','BUR','.bf','XOF','+226'),('BG','BGR','BUL','.bg','BGN','+359'),('BH','BHR','BRN','.bh','BHD','+973'),('BI','BDI','BDI','.bi','BIF','+257'),('BJ','BEN','BEN','.bj','XOF','+229'),('BM','BMU','BER','.bm','BMD','+1441'),('BN','BRN','BRU','.bn','BND','+673'),('BO','BOL','BOL','.bo','BOB','+591'),('BR','BRA','BRA','.br','BRL','+55'),('BS','BHS','BAH','.bs','BSD','+1242'),('BT','BTN','BHU','.bt','BTN','+975'),('BV','BVT','','.bv','NOK',''),('BW','BWA','BOT','.bw','BWP','+267'),('BY','BLR','BLR','.by','BYR','+375'),('BZ','BLZ','BLZ','.bz','BZD','+51'),('CA','CAN','CAN','.ca','CAD','+1NXX'),('CC','CCK','','.cc','AUD',''),('CD','COD','COD','.cd','CDF','+243'),('CF','CAF','CAF','.cf','XAF','+236'),('CG','COG','CGO','.cg','XAF','+242'),('CH','CHE','SUI','.ch','CHF','+41'),('CI','CIV','CIV','.ci','XOF','+225'),('CK','COK','COK','.ck','NZD','+682'),('CL','CHL','CHI','.cl','CLP','+56'),('CM','CMR','CMR','.cm','XAF','+237'),('CN','CHN','CHN','.cn','CNY','+86'),('CO','COL','COL','.co','COP','+57'),('CR','CRI','CRC','.cr','CRC','+56'),('CS','SCG','YUG','.cs','','+381'),('CU','CUB','CUB','.cu','CUP','+53'),('CV','CPV','CPV','.cv','CVE','+238'),('CX','CXR','','.cx','AUD',''),('CY','CYP','CYP','.cy','CYP','+357'),('CZ','CZE','CZE','.cz','CZK','+420'),('DE','DEU','GER','.de','EUR','+49'),('DG','DGA','','','','+246'),('DJ','DJI','DJI','dj','DJF','+253'),('DK','DNK','DEN','.dk','DKK','+45'),('DM','DMA','','.dm','XCD','+1767'),('DO','DOM','DOM','.do','DOP','+1809'),('DZ','DZA','ALG','.dz','DZD','+213'),('EC','ECU','ECU','.ec','USD','+593'),('EE','EST','EST','.ee','EEK','+372'),('EG','EGY','EGY','.eg','EGP','+20'),('EH','ESH','','.eh','MAD',''),('ER','ERI','ERI','.er','ERN','+291'),('ES','ESP','ESP','.es','EUR','+34'),('ET','ETH','ETH','.et','ETB','+251'),('EU','-/-','-/-','.eu','','+3883'),('FI','FIN','FIN','.fi','EUR','+358'),('FJ','FJI','FJI','.fj','FJD','+679'),('FK','FLK','','.fk','FLP','+500'),('FM','FSM','FSM','.fm','USD','+691'),('FO','FRO','FRO','.fo','DKK','+298'),('FR','FRA','FRA','.fr','EUR','+33'),('GA','GAB','GAB','.ga','XAF','+241'),('GB','GBR','GBR','.gb','GBP','+44'),('GD','GRD','GRN','.gd','XCD','+1473'),('GE','GEO','GEO','.ge','GEL','+995'),('GF','GUF','','.gf','EUR','+594'),('GG','GGY','','.gg','GGP','+44'),('GH','GHA','GHA','.gh','GHC','+233'),('GI','GIB','','.gi','GIP','+350'),('GL','GRL','','.gl','DKK','+299'),('GM','GMB','GAM','.gm','GMD','+220'),('GN','GIN','GUI','.gn','GNF','+224'),('GP','GLP','','.gp','EUR','+590'),('GQ','GNQ','GEQ','.gq','XAF','+240'),('GR','GRC','GRE','.gr','EUR','+30'),('GS','SGS','','','GBP',''),('GT','GTM','GUA','.gt','GTQ','+52'),('GU','GUM','GUM','.gu','USD','+1671'),('GW','GNB','GBS','.gw','XOF','+245'),('GY','GUY','GUY','.gy','GYD','+592'),('HK','HKG','HKG','.hk','HNL','+852'),('HM','HMD','','.hm','AUD',''),('HN','HND','HON','.hn','HNL','+54'),('HR','HRV','CRO','.hr','HRK','+385'),('HT','HTI','HAI','.ht','USD','+59'),('HU','HUN','HUN','.hu','HUF','+36'),('IC','','','','',''),('ID','IDN','INA','.id','INR','+62'),('IE','IRL','IRL','.ie','EUR','+353'),('IL','ISR','ISR','.il','ILS','+972'),('IM','IMN','','.im','IMP','+44'),('IN','IND','IND','.in','ISK','+91'),('IO','IOT','','.io','USD',''),('IQ','IRQ','IRQ','.iq','IDR','+964'),('IR','IRN','IRI','.ir','IRR','+98'),('IS','ISL','ISL','.is','HUF','+354'),('IT','ITA','ITA','.it','EUR','+39'),('JE','JEY','','.je','JEP','+44'),('JM','JAM','JAM','.jm','JMD','+1876'),('JO','JOR','JOR','.jo','JOD','+962'),('JP','JPN','JPN','.jp','JPY','+81'),('KE','KEN','KEN','.ke','KES','+254'),('KG','KGZ','KGZ','.kg','KGS','+996'),('KH','KHM','CAM','.kh','KHR','+855'),('KI','KIR','','.ki','AUD','+686'),('KM','','','.km','KMF','+269'),('KN','KNA','SKN','.kn','XCD','+1869'),('KP','PRK','PRK','.kp','KPW','+850'),('KR','KOR','KOR','.kr','KRW','+82'),('KW','KWT','KUW','.kw','KWD','+965'),('KY','CYM','CAY','.ky','KYD','+1345'),('KZ','KAZ','KAZ','.kz','KZT','+7'),('LA','LAO','LAO','.la','LAK','+856'),('LB','LBN','LIB','.lb','LBP','+961'),('LC','LCA','LCA','.lc','XCD','+1758'),('LI','LIE','LIE','.li','CHF','+423'),('LK','LKA','SRI','.lk','LKR','+94'),('LR','LBR','LBR','.lr','LRD','+231'),('LS','LSO','LES','.ls','LSL','+266'),('LT','LTU','LTU','.lt','LTL','+370'),('LU','LUX','LUX','.lu','EUR','+352'),('LV','LVA','LAT','.lv','LVL','+371'),('LY','LBY','LBA','.ly','LYD','+218'),('MA','MAR','MAR','.ma','MAD','+211'),('MC','MCO','MON','.mc','EUR','+377'),('MD','MDA','MDA','.md','MDL','+373'),('ME','MNE','MNE','.me','','+382'),('MG','MDG','MAD','.mg','MGA','+261'),('MH','MHL','','.mh','USD','+692'),('MK','MKD','MKD','.mk','MKD','+389'),('ML','MLI','MLI','.ml','XOF','+223'),('MM','MMR','MYA','.mm','MMK','+95'),('MN','MNG','MGL','.mn','MNT','+976'),('MO','MAC','','.mo','MOP','+853'),('MP','MNP','','.mp','USD','+1670'),('MQ','MTQ','','.mq','EUR','+596'),('MR','MRT','MTN','.mr','MRO','+222'),('MS','MSR','','.ms','XCD','+1664'),('MT','MLT','MLT','.mt','EUR','+356'),('MU','MUS','MRI','.mu','MUR','+230'),('MV','MDV','MDV','.mv','MVR','+960'),('MW','MWI','MAW','.mw','MWK','+265'),('MX','MEX','MEX','.mx','MXN','+52'),('MY','MYS','MAS','.my','MYR','+60'),('MZ','MOZ','MOZ','.mz','MZM','+258'),('NA','NAM','NAM','.na','ZAR','+264'),('NC','NCL','','.nc','XPF','+687'),('NE','NER','NIG','.ne','XOF','+227'),('NF','NFK','','.nf','AUD','+6723'),('NG','NGA','NGR','.ng','NGN','+234'),('NI','NIC','NCA','.ni','NIO','+55'),('NL','NLD','NED','.nl','EUR','+31'),('NO','NOR','NOR','.no','NOK','+47'),('NP','NPL','NEP','.np','NPR','+977'),('NR','NRU','NRU','.nr','AUD','+674'),('NT','NTZ','','.nt','',''),('NU','NIU','','.nu','NZD','+683'),('NZ','NZL','NZL','.nz','NZD','+64'),('OM','OMN','OMA','.om','OMR','+968'),('PA','PAN','PAN','.pa','USD','+57'),('PE','PER','PER','.pe','PEN','+51'),('PF','PYF','','.pf','XPF','+689'),('PG','PNG','','.pg','PGK','+675'),('PH','PHL','PHI','.ph','PHP','+63'),('PK','PAK','PAK','.pk','PKR','+92'),('PL','POL','POL','.pl','PLN','+48'),('PM','SPM','','.pm','EUR','+508'),('PN','PCN','','.pn','NZD','+649'),('PR','PRI','PUR','.pr','USD','+1939'),('PS','PSE','PLE','.ps','','+970'),('PT','PRT','POR','.pt','EUR','+351'),('PW','PLW','PLW','.pw','USD','+680'),('PY','PRY','PAR','.py','PYG','+595'),('QA','QAT','QAT','.qa','QAR','+974'),('RE','REU','','.re','EUR','+262'),('RO','ROU','ROM','.ro','RON','+40'),('RU','RUS','RUS','.ru','RUB','+7'),('RW','RWA','RWA','.rw','RWF','+250'),('SA','SAU','KSA','.sa','SAR','+966'),('SB','SLB','SOL','.sb','SBD','+677'),('SC','SYC','SEY','.sc','SCR','+248'),('SD','SDN','SUD','.sd','SDD','+249'),('SE','SWE','SWE','.se','SEK','+46'),('SG','SGP','SIN','.sg','SGD','+65'),('SH','SHN','','.sh','SHP','+290'),('SI','SVN','SLO','.si','SIT','+386'),('SJ','SJM','','.sj','NOK',''),('SK','SVK','SVK','.sk','SKK','+421'),('SL','SLE','SLE','.sl','SLL','+232'),('SM','SMR','SMR','.sm','EUR','+378'),('SN','SEN','SEN','.sn','XOF','+221'),('SO','SOM','SOM','.so','SOS','+252'),('SR','SUR','SUR','.sr','SRD','+597'),('ST','STP','STP','.st','STD','+239'),('SU','SUN','URS','.su','',''),('SV','SLV','ESA','.sv','SVC','+53'),('SY','SYR','SYR','.sy','SYP','+963'),('SZ','SWZ','SWZ','.sz','SZL','+268'),('TA','TAA','','','','+290'),('TC','TCA','','.tc','USD','+1649'),('TD','TCD','CHA','.td','XAF','+235'),('TF','ATF','','.tf','EUR',''),('TG','TGO','TOG','.tg','XOF','+228'),('TH','THA','THA','.th','THB','+66'),('TJ','TJK','TJK','.tj','RUB','+992'),('TK','TKL','','.tk','NZD','+690'),('TL','TLS','','.tl','IDR','+670'),('TM','TKM','TKM','.tm','TMM','+993'),('TN','TUN','TUN','.tn','TND','+216'),('TO','TON','TGA','.to','TOP','+676'),('TR','TUR','TUR','.tr','TRY','+90'),('TT','TTO','TRI','.tt','TTD','+1868'),('TV','TUV','','.tv','TVD','+688'),('TW','TWN','TPE','.tw','TWD','+886'),('TZ','TZA','TAN','.tz','TZS','+255'),('UA','UKR','UKR','.ua','UAH','+380'),('UG','UGA','UGA','.ug','UGX','+256'),('US','USA','USA','.us','USD','+1'),('UY','URY','URU','.uy','UYU','+598'),('UZ','UZB','UZB','.uz','UZS','+998'),('VA','VAT','','.va','EUR','+3906'),('VC','VCT','VIN','.vc','XCD','+1784'),('VE','VEN','VEN','.ve','VEB','+58'),('VG','VGB','ISB','.vg','USD','+1284'),('VI','VIR','','.vi','USD','+1340'),('VN','VNM','VIE','.vn','VND','+84'),('VU','VUT','VAN','.vu','VUV','+678'),('WF','WLF','','.wf','XPF','+681'),('WS','WSM','SAM','.ws','WST',''),('YE','YEM','YEM','.ye','YER','+967'),('YT','MYT','','.yt','EUR','+269'),('ZA','ZAF','RSA','.za','ZAR','+27'),('ZM','ZMB','ZAM','.zm','ZMK','+260'),('ZW','ZWE','ZIM','.zw','ZWD','+263');
/*!40000 ALTER TABLE `core_intl_country` ENABLE KEYS */;
UNLOCK TABLES;

--
-- Table structure for table `core_intl_country_names`
--

DROP TABLE IF EXISTS `core_intl_country_names`;
/*!40101 SET @saved_cs_client     = @@character_set_client */;
/*!40101 SET character_set_client = utf8 */;
CREATE TABLE `core_intl_country_names` (
  `core_intl_country_ID` varchar(2) NOT NULL,
  `country_name_language` varchar(2) NOT NULL,
  `country_name` varchar(127) NOT NULL,
  PRIMARY KEY (`core_intl_country_ID`,`country_name_language`)
) ENGINE=InnoDB DEFAULT CHARSET=utf8;
/*!40101 SET character_set_client = @saved_cs_client */;

--
-- Dumping data for table `core_intl_country_names`
--

LOCK TABLES `core_intl_country_names` WRITE;
/*!40000 ALTER TABLE `core_intl_country_names` DISABLE KEYS */;
INSERT INTO `core_intl_country_names` VALUES ('AC','de','Ascension'),('AC','en','Ascension Island'),('AC','es','Isla de la Ascensión'),('AC','fr','Île de l’Ascension'),('AC','it','Isola di Ascensione'),('AD','de','Andorra'),('AD','en','Andorra'),('AD','es','Andorra'),('AD','fr','Andorre'),('AD','it','Andorra'),('AE','de','Vereinigte Arabische Emirate'),('AE','en','United Arab Emirates'),('AE','es','Emiratos Árabes Unidos'),('AE','fr','Émirats arabes unis'),('AE','it','Emirati Arabi Uniti'),('AF','de','Afghanistan'),('AF','en','Afghanistan'),('AF','es','Afganistán'),('AF','fr','Afghanistan'),('AF','it','Afghanistan'),('AG','de','Antigua und Barbuda'),('AG','en','Antigua and Barbuda'),('AG','es','Antigua y Barbuda'),('AG','fr','Antigua-et-Barbuda'),('AG','it','Antigua e Barbuda'),('AI','de','Anguilla'),('AI','en','Anguilla'),('AI','es','Anguila'),('AI','fr','Anguilla'),('AI','it','Anguilla'),('AL','de','Albanien'),('AL','en','Albania'),('AL','es','Albania'),('AL','fr','Albanie'),('AL','it','Albania'),('AM','de','Armenien'),('AM','en','Armenia'),('AM','es','Armenia'),('AM','fr','Arménie'),('AM','it','Armenia'),('AN','de','Niederländische Antillen'),('AN','en','Netherlands Antilles'),('AN','es','Antillas Neerlandesas'),('AN','fr','Antilles néerlandaises'),('AN','it','Antille Olandesi'),('AO','de','Angola'),('AO','en','Angola'),('AO','es','Angola'),('AO','fr','Angola'),('AO','it','Angola'),('AQ','de','Antarktis'),('AQ','en','Antarctica'),('AQ','es','Antártida'),('AQ','fr','Antarctique'),('AQ','it','Antartide'),('AR','de','Argentinien'),('AR','en','Argentina'),('AR','es','Argentina'),('AR','fr','Argentine'),('AR','it','Argentina'),('AS','de','Amerikanisch-Samoa'),('AS','en','American Samoa'),('AS','es','Samoa Americana'),('AS','fr','Samoa américaines'),('AS','it','Samoa Americane'),('AT','de','Österreich'),('AT','en','Austria'),('AT','es','Austria'),('AT','fr','Autriche'),('AT','it','Austria'),('AU','de','Australien'),('AU','en','Australia'),('AU','es','Australia'),('AU','fr','Australie'),('AU','it','Australia'),('AW','de','Aruba'),('AW','en','Aruba'),('AW','es','Aruba'),('AW','fr','Aruba'),('AW','it','Aruba'),('AX','de','Alandinseln'),('AX','en','Åland Islands'),('AX','es','Islas Åland'),('AX','fr','Îles Åland'),('AX','it','Isole Aland'),('AZ','de','Aserbaidschan'),('AZ','en','Azerbaijan'),('AZ','es','Azerbaiyán'),('AZ','fr','Azerbaïdjan'),('AZ','it','Azerbaigian'),('BA','de','Bosnien und Herzegowina'),('BA','en','Bosnia and Herzegovina'),('BA','es','Bosnia-Herzegovina'),('BA','fr','Bosnie-Herzégovine'),('BA','it','Bosnia Erzegovina'),('BB','de','Barbados'),('BB','en','Barbados'),('BB','es','Barbados'),('BB','fr','Barbade'),('BB','it','Barbados'),('BD','de','Bangladesch'),('BD','en','Bangladesh'),('BD','es','Bangladesh'),('BD','fr','Bangladesh'),('BD','it','Bangladesh'),('BE','de','Belgien'),('BE','en','Belgium'),('BE','es','Bélgica'),('BE','fr','Belgique'),('BE','it','Belgio'),('BF','de','Burkina Faso'),('BF','en','Burkina Faso'),('BF','es','Burkina Faso'),('BF','fr','Burkina Faso'),('BF','it','Burkina Faso'),('BG','de','Bulgarien'),('BG','en','Bulgaria'),('BG','es','Bulgaria'),('BG','fr','Bulgarie'),('BG','it','Bulgaria'),('BH','de','Bahrain'),('BH','en','Bahrain'),('BH','es','Bahréin'),('BH','fr','Bahreïn'),('BH','it','Bahrein'),('BI','de','Burundi'),('BI','en','Burundi'),('BI','es','Burundi'),('BI','fr','Burundi'),('BI','it','Burundi'),('BJ','de','Benin'),('BJ','en','Benin'),('BJ','es','Benín'),('BJ','fr','Bénin'),('BJ','it','Benin'),('BL','de','St. Barthélemy'),('BL','en','Saint Barthélemy'),('BL','es','San Bartolomé'),('BL','fr','Saint-Barthélémy'),('BL','it','San Bartolomeo'),('BM','de','Bermuda'),('BM','en','Bermuda'),('BM','es','Bermudas'),('BM','fr','Bermudes'),('BM','it','Bermuda'),('BN','de','Brunei Darussalam'),('BN','en','Brunei'),('BN','es','Brunéi'),('BN','fr','Brunéi Darussalam'),('BN','it','Brunei'),('BO','de','Bolivien'),('BO','en','Bolivia'),('BO','es','Bolivia'),('BO','fr','Bolivie'),('BO','it','Bolivia'),('BQ','de','Karibische Niederlande'),('BQ','en','Caribbean Netherlands'),('BQ','es','Caribe neerlandés'),('BQ','fr','Pays-Bas caribéens'),('BQ','it','Caraibi Olandesi'),('BR','de','Brasilien'),('BR','en','Brazil'),('BR','es','Brasil'),('BR','fr','Brésil'),('BR','it','Brasile'),('BS','de','Bahamas'),('BS','en','Bahamas'),('BS','es','Bahamas'),('BS','fr','Bahamas'),('BS','it','Bahamas'),('BT','de','Bhutan'),('BT','en','Bhutan'),('BT','es','Bután'),('BT','fr','Bhoutan'),('BT','it','Bhutan'),('BV','de','Bouvetinsel'),('BV','en','Bouvet Island'),('BV','es','Isla Bouvet'),('BV','fr','Île Bouvet'),('BV','it','Isola Bouvet'),('BW','de','Botsuana'),('BW','en','Botswana'),('BW','es','Botsuana'),('BW','fr','Botswana'),('BW','it','Botswana'),('BY','de','Belarus'),('BY','en','Belarus'),('BY','es','Bielorrusia'),('BY','fr','Bélarus'),('BY','it','Bielorussia'),('BZ','de','Belize'),('BZ','en','Belize'),('BZ','es','Belice'),('BZ','fr','Belize'),('BZ','it','Belize'),('CA','de','Kanada'),('CA','en','Canada'),('CA','es','Canadá'),('CA','fr','Canada'),('CA','it','Canada'),('CC','de','Kokosinseln'),('CC','en','Cocos [Keeling] Islands'),('CC','es','Islas Cocos'),('CC','fr','Îles Cocos [Keeling]'),('CC','it','Isole Cocos'),('CD','de','Kongo [Demokratische Republik]'),('CD','en','Congo [DRC]'),('CD','es','República Democrática del Congo'),('CD','fr','République démocratique du Congo'),('CD','it','Congo - RDC'),('CF','de','Zentralafrikanische Republik'),('CF','en','Central African Republic'),('CF','es','República Centroafricana'),('CF','fr','République centrafricaine'),('CF','it','Repubblica Centrafricana'),('CG','de','Kongo [Republik]'),('CG','en','Congo [Republic]'),('CG','es','Congo [República]'),('CG','fr','République du Congo'),('CG','it','Repubblica del Congo'),('CH','de','Schweiz'),('CH','en','Switzerland'),('CH','es','Suiza'),('CH','fr','Suisse'),('CH','it','Svizzera'),('CI','de','Elfenbeinküste'),('CI','en','Ivory Coast'),('CI','es','Costa de Marfil'),('CI','fr','Côte d’Ivoire'),('CI','it','Costa d\'Avorio'),('CK','de','Cookinseln'),('CK','en','Cook Islands'),('CK','es','Islas Cook'),('CK','fr','Îles Cook'),('CK','it','Isole Cook'),('CL','de','Chile'),('CL','en','Chile'),('CL','es','Chile'),('CL','fr','Chili'),('CL','it','Cile'),('CM','de','Kamerun'),('CM','en','Cameroon'),('CM','es','Camerún'),('CM','fr','Cameroun'),('CM','it','Camerun'),('CN','de','China'),('CN','en','China'),('CN','es','China'),('CN','fr','Chine'),('CN','it','Cina'),('CO','de','Kolumbien'),('CO','en','Colombia'),('CO','es','Colombia'),('CO','fr','Colombie'),('CO','it','Colombia'),('CP','de','Clipperton-Insel'),('CP','en','Clipperton Island'),('CP','es','Isla Clipperton'),('CP','fr','Île Clipperton'),('CP','it','Isola di Clipperton'),('CR','de','Costa Rica'),('CR','en','Costa Rica'),('CR','es','Costa Rica'),('CR','fr','Costa Rica'),('CR','it','Costa Rica'),('CU','de','Kuba'),('CU','en','Cuba'),('CU','es','Cuba'),('CU','fr','Cuba'),('CU','it','Cuba'),('CV','de','Kap Verde'),('CV','en','Cape Verde'),('CV','es','Cabo Verde'),('CV','fr','Cap-Vert'),('CV','it','Capo Verde'),('CW','de','Curaçao'),('CW','en','Curaçao'),('CW','es','Curazao'),('CW','fr','Curaçao'),('CW','it','Curaçao'),('CX','de','Weihnachtsinsel'),('CX','en','Christmas Island'),('CX','es','Isla Christmas'),('CX','fr','Île Christmas'),('CX','it','Isola di Christmas'),('CY','de','Zypern'),('CY','en','Cyprus'),('CY','es','Chipre'),('CY','fr','Chypre'),('CY','it','Cipro'),('CZ','de','Tschechische Republik'),('CZ','en','Czech Republic'),('CZ','es','República Checa'),('CZ','fr','République tchèque'),('CZ','it','Repubblica Ceca'),('DE','de','Deutschland'),('DE','en','Germany'),('DE','es','Alemania'),('DE','fr','Allemagne'),('DE','it','Germania'),('DG','de','Diego Garcia'),('DG','en','Diego Garcia'),('DG','es','Diego García'),('DG','fr','Diego Garcia'),('DG','it','Diego Garcia'),('DJ','de','Dschibuti'),('DJ','en','Djibouti'),('DJ','es','Yibuti'),('DJ','fr','Djibouti'),('DJ','it','Gibuti'),('DK','de','Dänemark'),('DK','en','Denmark'),('DK','es','Dinamarca'),('DK','fr','Danemark'),('DK','it','Danimarca'),('DM','de','Dominica'),('DM','en','Dominica'),('DM','es','Dominica'),('DM','fr','Dominique'),('DM','it','Dominica'),('DO','de','Dominikanische Republik'),('DO','en','Dominican Republic'),('DO','es','República Dominicana'),('DO','fr','République dominicaine'),('DO','it','Repubblica Dominicana'),('DZ','de','Algerien'),('DZ','en','Algeria'),('DZ','es','Argelia'),('DZ','fr','Algérie'),('DZ','it','Algeria'),('EA','de','Ceuta und Melilla'),('EA','en','Ceuta and Melilla'),('EA','es','Ceuta y Melilla'),('EA','fr','Ceuta et Melilla'),('EA','it','Ceuta e Melilla'),('EC','de','Ecuador'),('EC','en','Ecuador'),('EC','es','Ecuador'),('EC','fr','Équateur'),('EC','it','Ecuador'),('EE','de','Estland'),('EE','en','Estonia'),('EE','es','Estonia'),('EE','fr','Estonie'),('EE','it','Estonia'),('EG','de','Ägypten'),('EG','en','Egypt'),('EG','es','Egipto'),('EG','fr','Égypte'),('EG','it','Egitto'),('EH','de','Westsahara'),('EH','en','Western Sahara'),('EH','es','Sáhara Occidental'),('EH','fr','Sahara occidental'),('EH','it','Sahara Occidentale'),('ER','de','Eritrea'),('ER','en','Eritrea'),('ER','es','Eritrea'),('ER','fr','Érythrée'),('ER','it','Eritrea'),('ES','de','Spanien'),('ES','en','Spain'),('ES','es','España'),('ES','fr','Espagne'),('ES','it','Spagna'),('ET','de','Äthiopien'),('ET','en','Ethiopia'),('ET','es','Etiopía'),('ET','fr','Éthiopie'),('ET','it','Etiopia'),('EU','de','Europäische Union'),('EU','en','European Union'),('EU','es','Unión Europea'),('EU','fr','Union européenne'),('EU','it','Unione Europea'),('FI','de','Finnland'),('FI','en','Finland'),('FI','es','Finlandia'),('FI','fr','Finlande'),('FI','it','Finlandia'),('FJ','de','Fidschi'),('FJ','en','Fiji'),('FJ','es','Fiyi'),('FJ','fr','Fidji'),('FJ','it','Figi'),('FK','de','Falklandinseln'),('FK','en','Falkland Islands [Islas Malvinas]'),('FK','es','Islas Malvinas [Islas Falkland]'),('FK','fr','Îles Malouines'),('FK','it','Isole Falkland [isole Malvine]'),('FM','de','Mikronesien'),('FM','en','Micronesia'),('FM','es','Micronesia'),('FM','fr','États fédérés de Micronésie'),('FM','it','Micronesia'),('FO','de','Färöer'),('FO','en','Faroe Islands'),('FO','es','Islas Feroe'),('FO','fr','Îles Féroé'),('FO','it','Isole Faroe'),('FR','de','Frankreich'),('FR','en','France'),('FR','es','Francia'),('FR','fr','France'),('FR','it','Francia'),('GA','de','Gabun'),('GA','en','Gabon'),('GA','es','Gabón'),('GA','fr','Gabon'),('GA','it','Gabon'),('GB','de','Vereinigtes Königreich'),('GB','en','United Kingdom'),('GB','es','Reino Unido'),('GB','fr','Royaume-Uni'),('GB','it','Regno Unito'),('GD','de','Grenada'),('GD','en','Grenada'),('GD','es','Granada'),('GD','fr','Grenade'),('GD','it','Grenada'),('GE','de','Georgien'),('GE','en','Georgia'),('GE','es','Georgia'),('GE','fr','Géorgie'),('GE','it','Georgia'),('GF','de','Französisch-Guayana'),('GF','en','French Guiana'),('GF','es','Guayana Francesa'),('GF','fr','Guyane française'),('GF','it','Guiana Francese'),('GG','de','Guernsey'),('GG','en','Guernsey'),('GG','es','Guernsey'),('GG','fr','Guernesey'),('GG','it','Guernsey'),('GH','de','Ghana'),('GH','en','Ghana'),('GH','es','Ghana'),('GH','fr','Ghana'),('GH','it','Ghana'),('GI','de','Gibraltar'),('GI','en','Gibraltar'),('GI','es','Gibraltar'),('GI','fr','Gibraltar'),('GI','it','Gibilterra'),('GL','de','Grönland'),('GL','en','Greenland'),('GL','es','Groenlandia'),('GL','fr','Groenland'),('GL','it','Groenlandia'),('GM','de','Gambia'),('GM','en','Gambia'),('GM','es','Gambia'),('GM','fr','Gambie'),('GM','it','Gambia'),('GN','de','Guinea'),('GN','en','Guinea'),('GN','es','Guinea'),('GN','fr','Guinée'),('GN','it','Guinea'),('GP','de','Guadeloupe'),('GP','en','Guadeloupe'),('GP','es','Guadalupe'),('GP','fr','Guadeloupe'),('GP','it','Guadalupa'),('GQ','de','Äquatorialguinea'),('GQ','en','Equatorial Guinea'),('GQ','es','Guinea Ecuatorial'),('GQ','fr','Guinée équatoriale'),('GQ','it','Guinea Equatoriale'),('GR','de','Griechenland'),('GR','en','Greece'),('GR','es','Grecia'),('GR','fr','Grèce'),('GR','it','Grecia'),('GS','de','Südgeorgien und die Südlichen Sandwichinseln'),('GS','en','South Georgia and the South Sandwich Islands'),('GS','es','Islas Georgia del Sur y Sandwich del Sur'),('GS','fr','Géorgie du Sud et les Îles Sandwich du Sud'),('GS','it','Georgia del Sud e Isole Sandwich del Sud'),('GT','de','Guatemala'),('GT','en','Guatemala'),('GT','es','Guatemala'),('GT','fr','Guatemala'),('GT','it','Guatemala'),('GU','de','Guam'),('GU','en','Guam'),('GU','es','Guam'),('GU','fr','Guam'),('GU','it','Guam'),('GW','de','Guinea-Bissau'),('GW','en','Guinea-Bissau'),('GW','es','Guinea-Bissau'),('GW','fr','Guinée-Bissau'),('GW','it','Guinea-Bissau'),('GY','de','Guyana'),('GY','en','Guyana'),('GY','es','Guyana'),('GY','fr','Guyana'),('GY','it','Guyana'),('HK','de','Hongkong'),('HK','en','Hong Kong SAR China'),('HK','es','Hong Kong'),('HK','fr','R.A.S. chinoise de Hong Kong'),('HK','it','RAS di Hong Kong'),('HM','de','Heard- und McDonald-Inseln'),('HM','en','Heard Island and McDonald Islands'),('HM','es','Islas Heard y McDonald'),('HM','fr','Îles Heard et MacDonald'),('HM','it','Isole Heard ed Isole McDonald'),('HN','de','Honduras'),('HN','en','Honduras'),('HN','es','Honduras'),('HN','fr','Honduras'),('HN','it','Honduras'),('HR','de','Kroatien'),('HR','en','Croatia'),('HR','es','Croacia'),('HR','fr','Croatie'),('HR','it','Croazia'),('HT','de','Haiti'),('HT','en','Haiti'),('HT','es','Haití'),('HT','fr','Haïti'),('HT','it','Haiti'),('HU','de','Ungarn'),('HU','en','Hungary'),('HU','es','Hungría'),('HU','fr','Hongrie'),('HU','it','Ungheria'),('IC','de','Kanarische Inseln'),('IC','en','Canary Islands'),('IC','es','Islas Canarias'),('IC','fr','Îles Canaries'),('IC','it','Isole Canarie'),('ID','de','Indonesien'),('ID','en','Indonesia'),('ID','es','Indonesia'),('ID','fr','Indonésie'),('ID','it','Indonesia'),('IE','de','Irland'),('IE','en','Ireland'),('IE','es','Irlanda'),('IE','fr','Irlande'),('IE','it','Irlanda'),('IL','de','Israel'),('IL','en','Israel'),('IL','es','Israel'),('IL','fr','Israël'),('IL','it','Israele'),('IM','de','Isle of Man'),('IM','en','Isle of Man'),('IM','es','Isla de Man'),('IM','fr','Île de Man'),('IM','it','Isola di Man'),('IN','de','Indien'),('IN','en','India'),('IN','es','India'),('IN','fr','Inde'),('IN','it','India'),('IO','de','Britisches Territorium im Indischen Ozean'),('IO','en','British Indian Ocean Territory'),('IO','es','Territorio Británico del Océano Índico'),('IO','fr','Territoire britannique de l\'océan Indien'),('IO','it','Territorio Britannico dell’Oceano Indiano'),('IQ','de','Irak'),('IQ','en','Iraq'),('IQ','es','Iraq'),('IQ','fr','Irak'),('IQ','it','Iraq'),('IR','de','Iran'),('IR','en','Iran'),('IR','es','Irán'),('IR','fr','Iran'),('IR','it','Iran'),('IS','de','Island'),('IS','en','Iceland'),('IS','es','Islandia'),('IS','fr','Islande'),('IS','it','Islanda'),('IT','de','Italien'),('IT','en','Italy'),('IT','es','Italia'),('IT','fr','Italie'),('IT','it','Italia'),('JE','de','Jersey'),('JE','en','Jersey'),('JE','es','Jersey'),('JE','fr','Jersey'),('JE','it','Jersey'),('JM','de','Jamaika'),('JM','en','Jamaica'),('JM','es','Jamaica'),('JM','fr','Jamaïque'),('JM','it','Giamaica'),('JO','de','Jordanien'),('JO','en','Jordan'),('JO','es','Jordania'),('JO','fr','Jordanie'),('JO','it','Giordania'),('JP','de','Japan'),('JP','en','Japan'),('JP','es','Japón'),('JP','fr','Japon'),('JP','it','Giappone'),('KE','de','Kenia'),('KE','en','Kenya'),('KE','es','Kenia'),('KE','fr','Kenya'),('KE','it','Kenya'),('KG','de','Kirgisistan'),('KG','en','Kyrgyzstan'),('KG','es','Kirguistán'),('KG','fr','Kirghizistan'),('KG','it','Kirghizistan'),('KH','de','Kambodscha'),('KH','en','Cambodia'),('KH','es','Camboya'),('KH','fr','Cambodge'),('KH','it','Cambogia'),('KI','de','Kiribati'),('KI','en','Kiribati'),('KI','es','Kiribati'),('KI','fr','Kiribati'),('KI','it','Kiribati'),('KM','de','Komoren'),('KM','en','Comoros'),('KM','es','Comoras'),('KM','fr','Comores'),('KM','it','Comore'),('KN','de','St. Kitts und Nevis'),('KN','en','Saint Kitts and Nevis'),('KN','es','San Cristóbal y Nieves'),('KN','fr','Saint-Kitts-et-Nevis'),('KN','it','Saint Kitts e Nevis'),('KP','de','Demokratische Volksrepublik Korea'),('KP','en','North Korea'),('KP','es','Corea del Norte'),('KP','fr','Corée du Nord'),('KP','it','Corea del Nord'),('KR','de','Republik Korea'),('KR','en','South Korea'),('KR','es','Corea del Sur'),('KR','fr','Corée du Sud'),('KR','it','Corea del Sud'),('KW','de','Kuwait'),('KW','en','Kuwait'),('KW','es','Kuwait'),('KW','fr','Koweït'),('KW','it','Kuwait'),('KY','de','Kaimaninseln'),('KY','en','Cayman Islands'),('KY','es','Islas Caimán'),('KY','fr','Îles Caïmans'),('KY','it','Isole Cayman'),('KZ','de','Kasachstan'),('KZ','en','Kazakhstan'),('KZ','es','Kazajistán'),('KZ','fr','Kazakhstan'),('KZ','it','Kazakistan'),('LA','de','Laos'),('LA','en','Laos'),('LA','es','Laos'),('LA','fr','Laos'),('LA','it','Laos'),('LB','de','Libanon'),('LB','en','Lebanon'),('LB','es','Líbano'),('LB','fr','Liban'),('LB','it','Libano'),('LC','de','St. Lucia'),('LC','en','Saint Lucia'),('LC','es','Santa Lucía'),('LC','fr','Sainte-Lucie'),('LC','it','Saint Lucia'),('LI','de','Liechtenstein'),('LI','en','Liechtenstein'),('LI','es','Liechtenstein'),('LI','fr','Liechtenstein'),('LI','it','Liechtenstein'),('LK','de','Sri Lanka'),('LK','en','Sri Lanka'),('LK','es','Sri Lanka'),('LK','fr','Sri Lanka'),('LK','it','Sri Lanka'),('LR','de','Liberia'),('LR','en','Liberia'),('LR','es','Liberia'),('LR','fr','Libéria'),('LR','it','Liberia'),('LS','de','Lesotho'),('LS','en','Lesotho'),('LS','es','Lesoto'),('LS','fr','Lesotho'),('LS','it','Lesotho'),('LT','de','Litauen'),('LT','en','Lithuania'),('LT','es','Lituania'),('LT','fr','Lituanie'),('LT','it','Lituania'),('LU','de','Luxemburg'),('LU','en','Luxembourg'),('LU','es','Luxemburgo'),('LU','fr','Luxembourg'),('LU','it','Lussemburgo'),('LV','de','Lettland'),('LV','en','Latvia'),('LV','es','Letonia'),('LV','fr','Lettonie'),('LV','it','Lettonia'),('LY','de','Libyen'),('LY','en','Libya'),('LY','es','Libia'),('LY','fr','Libye'),('LY','it','Libia'),('MA','de','Marokko'),('MA','en','Morocco'),('MA','es','Marruecos'),('MA','fr','Maroc'),('MA','it','Marocco'),('MC','de','Monaco'),('MC','en','Monaco'),('MC','es','Mónaco'),('MC','fr','Monaco'),('MC','it','Monaco'),('MD','de','Republik Moldau'),('MD','en','Moldova'),('MD','es','Moldavia'),('MD','fr','Moldavie'),('MD','it','Moldavia'),('ME','de','Montenegro'),('ME','en','Montenegro'),('ME','es','Montenegro'),('ME','fr','Monténégro'),('ME','it','Montenegro'),('MF','de','St. Martin'),('MF','en','Saint Martin'),('MF','es','San Martín'),('MF','fr','Saint-Martin [partie française]'),('MF','it','Saint Martin'),('MG','de','Madagaskar'),('MG','en','Madagascar'),('MG','es','Madagascar'),('MG','fr','Madagascar'),('MG','it','Madagascar'),('MH','de','Marshallinseln'),('MH','en','Marshall Islands'),('MH','es','Islas Marshall'),('MH','fr','Îles Marshall'),('MH','it','Isole Marshall'),('MK','de','Mazedonien'),('MK','en','Macedonia'),('MK','es','Macedonia'),('MK','fr','Macédoine'),('MK','it','Repubblica di Macedonia'),('ML','de','Mali'),('ML','en','Mali'),('ML','es','Mali'),('ML','fr','Mali'),('ML','it','Mali'),('MM','de','Myanmar'),('MM','en','Myanmar [Burma]'),('MM','es','Myanmar [Birmania]'),('MM','fr','Myanmar'),('MM','it','Myanmar'),('MN','de','Mongolei'),('MN','en','Mongolia'),('MN','es','Mongolia'),('MN','fr','Mongolie'),('MN','it','Mongolia'),('MO','de','Macao'),('MO','en','Macau SAR China'),('MO','es','Macao'),('MO','fr','R.A.S. chinoise de Macao'),('MO','it','RAS di Macao'),('MP','de','Nördliche Marianen'),('MP','en','Northern Mariana Islands'),('MP','es','Islas Marianas del Norte'),('MP','fr','Îles Mariannes du Nord'),('MP','it','Isole Marianne Settentrionali'),('MQ','de','Martinique'),('MQ','en','Martinique'),('MQ','es','Martinica'),('MQ','fr','Martinique'),('MQ','it','Martinica'),('MR','de','Mauretanien'),('MR','en','Mauritania'),('MR','es','Mauritania'),('MR','fr','Mauritanie'),('MR','it','Mauritania'),('MS','de','Montserrat'),('MS','en','Montserrat'),('MS','es','Montserrat'),('MS','fr','Montserrat'),('MS','it','Montserrat'),('MT','de','Malta'),('MT','en','Malta'),('MT','es','Malta'),('MT','fr','Malte'),('MT','it','Malta'),('MU','de','Mauritius'),('MU','en','Mauritius'),('MU','es','Mauricio'),('MU','fr','Maurice'),('MU','it','Mauritius'),('MV','de','Malediven'),('MV','en','Maldives'),('MV','es','Maldivas'),('MV','fr','Maldives'),('MV','it','Maldive'),('MW','de','Malawi'),('MW','en','Malawi'),('MW','es','Malaui'),('MW','fr','Malawi'),('MW','it','Malawi'),('MX','de','Mexiko'),('MX','en','Mexico'),('MX','es','México'),('MX','fr','Mexique'),('MX','it','Messico'),('MY','de','Malaysia'),('MY','en','Malaysia'),('MY','es','Malasia'),('MY','fr','Malaisie'),('MY','it','Malesia'),('MZ','de','Mosambik'),('MZ','en','Mozambique'),('MZ','es','Mozambique'),('MZ','fr','Mozambique'),('MZ','it','Mozambico'),('NA','de','Namibia'),('NA','en','Namibia'),('NA','es','Namibia'),('NA','fr','Namibie'),('NA','it','Namibia'),('NC','de','Neukaledonien'),('NC','en','New Caledonia'),('NC','es','Nueva Caledonia'),('NC','fr','Nouvelle-Calédonie'),('NC','it','Nuova Caledonia'),('NE','de','Niger'),('NE','en','Niger'),('NE','es','Níger'),('NE','fr','Niger'),('NE','it','Niger'),('NF','de','Norfolkinsel'),('NF','en','Norfolk Island'),('NF','es','Isla Norfolk'),('NF','fr','Île Norfolk'),('NF','it','Isola Norfolk'),('NG','de','Nigeria'),('NG','en','Nigeria'),('NG','es','Nigeria'),('NG','fr','Nigéria'),('NG','it','Nigeria'),('NI','de','Nicaragua'),('NI','en','Nicaragua'),('NI','es','Nicaragua'),('NI','fr','Nicaragua'),('NI','it','Nicaragua'),('NL','de','Niederlande'),('NL','en','Netherlands'),('NL','es','Países Bajos'),('NL','fr','Pays-Bas'),('NL','it','Paesi Bassi'),('NO','de','Norwegen'),('NO','en','Norway'),('NO','es','Noruega'),('NO','fr','Norvège'),('NO','it','Norvegia'),('NP','de','Nepal'),('NP','en','Nepal'),('NP','es','Nepal'),('NP','fr','Népal'),('NP','it','Nepal'),('NR','de','Nauru'),('NR','en','Nauru'),('NR','es','Nauru'),('NR','fr','Nauru'),('NR','it','Nauru'),('NU','de','Niue'),('NU','en','Niue'),('NU','es','Isla Niue'),('NU','fr','Niue'),('NU','it','Niue'),('NZ','de','Neuseeland'),('NZ','en','New Zealand'),('NZ','es','Nueva Zelanda'),('NZ','fr','Nouvelle-Zélande'),('NZ','it','Nuova Zelanda'),('OM','de','Oman'),('OM','en','Oman'),('OM','es','Omán'),('OM','fr','Oman'),('OM','it','Oman'),('PA','de','Panama'),('PA','en','Panama'),('PA','es','Panamá'),('PA','fr','Panama'),('PA','it','Panama'),('PE','de','Peru'),('PE','en','Peru'),('PE','es','Perú'),('PE','fr','Pérou'),('PE','it','Perù'),('PF','de','Französisch-Polynesien'),('PF','en','French Polynesia'),('PF','es','Polinesia Francesa'),('PF','fr','Polynésie française'),('PF','it','Polinesia Francese'),('PG','de','Papua-Neuguinea'),('PG','en','Papua New Guinea'),('PG','es','Papúa Nueva Guinea'),('PG','fr','Papouasie-Nouvelle-Guinée'),('PG','it','Papua Nuova Guinea'),('PH','de','Philippinen'),('PH','en','Philippines'),('PH','es','Filipinas'),('PH','fr','Philippines'),('PH','it','Filippine'),('PK','de','Pakistan'),('PK','en','Pakistan'),('PK','es','Pakistán'),('PK','fr','Pakistan'),('PK','it','Pakistan'),('PL','de','Polen'),('PL','en','Poland'),('PL','es','Polonia'),('PL','fr','Pologne'),('PL','it','Polonia'),('PM','de','St. Pierre und Miquelon'),('PM','en','Saint Pierre and Miquelon'),('PM','es','San Pedro y Miquelón'),('PM','fr','Saint-Pierre-et-Miquelon'),('PM','it','Saint Pierre e Miquelon'),('PN','de','Pitcairninseln'),('PN','en','Pitcairn Islands'),('PN','es','Islas Pitcairn'),('PN','fr','Pitcairn'),('PN','it','Pitcairn'),('PR','de','Puerto Rico'),('PR','en','Puerto Rico'),('PR','es','Puerto Rico'),('PR','fr','Porto Rico'),('PR','it','Portorico'),('PS','de','Palästinensische Autonomiegebiete'),('PS','en','Palestinian Territories'),('PS','es','Territorios Palestinos'),('PS','fr','Territoire palestinien'),('PS','it','Territori palestinesi'),('PT','de','Portugal'),('PT','en','Portugal'),('PT','es','Portugal'),('PT','fr','Portugal'),('PT','it','Portogallo'),('PW','de','Palau'),('PW','en','Palau'),('PW','es','Palau'),('PW','fr','Palaos'),('PW','it','Palau'),('PY','de','Paraguay'),('PY','en','Paraguay'),('PY','es','Paraguay'),('PY','fr','Paraguay'),('PY','it','Paraguay'),('QA','de','Katar'),('QA','en','Qatar'),('QA','es','Qatar'),('QA','fr','Qatar'),('QA','it','Qatar'),('QO','de','Äußeres Ozeanien'),('QO','en','Outlying Oceania'),('QO','es','Territorios alejados de Oceanía'),('QO','fr','régions éloignées de l’Océanie'),('QO','it','Oceania lontana'),('RE','de','Réunion'),('RE','en','Réunion'),('RE','es','Reunión'),('RE','fr','Réunion'),('RE','it','Réunion'),('RO','de','Rumänien'),('RO','en','Romania'),('RO','es','Rumanía'),('RO','fr','Roumanie'),('RO','it','Romania'),('RS','de','Serbien'),('RS','en','Serbia'),('RS','es','Serbia'),('RS','fr','Serbie'),('RS','it','Serbia'),('RU','de','Russische Föderation'),('RU','en','Russia'),('RU','es','Rusia'),('RU','fr','Russie'),('RU','it','Federazione Russa'),('RW','de','Ruanda'),('RW','en','Rwanda'),('RW','es','Ruanda'),('RW','fr','Rwanda'),('RW','it','Ruanda'),('SA','de','Saudi-Arabien'),('SA','en','Saudi Arabia'),('SA','es','Arabia Saudí'),('SA','fr','Arabie saoudite'),('SA','it','Arabia Saudita'),('SB','de','Salomonen'),('SB','en','Solomon Islands'),('SB','es','Islas Salomón'),('SB','fr','Îles Salomon'),('SB','it','Isole Solomon'),('SC','de','Seychellen'),('SC','en','Seychelles'),('SC','es','Seychelles'),('SC','fr','Seychelles'),('SC','it','Seychelles'),('SD','de','Sudan'),('SD','en','Sudan'),('SD','es','Sudán'),('SD','fr','Soudan'),('SD','it','Sudan'),('SE','de','Schweden'),('SE','en','Sweden'),('SE','es','Suecia'),('SE','fr','Suède'),('SE','it','Svezia'),('SG','de','Singapur'),('SG','en','Singapore'),('SG','es','Singapur'),('SG','fr','Singapour'),('SG','it','Singapore'),('SH','de','St. Helena'),('SH','en','Saint Helena'),('SH','es','Santa Elena'),('SH','fr','Sainte-Hélène'),('SH','it','Sant’Elena'),('SI','de','Slowenien'),('SI','en','Slovenia'),('SI','es','Eslovenia'),('SI','fr','Slovénie'),('SI','it','Slovenia'),('SJ','de','Svalbard und Jan Mayen'),('SJ','en','Svalbard and Jan Mayen'),('SJ','es','Svalbard y Jan Mayen'),('SJ','fr','Svalbard et Île Jan Mayen'),('SJ','it','Svalbard e Jan Mayen'),('SK','de','Slowakei'),('SK','en','Slovakia'),('SK','es','Eslovaquia'),('SK','fr','Slovaquie'),('SK','it','Slovacchia'),('SL','de','Sierra Leone'),('SL','en','Sierra Leone'),('SL','es','Sierra Leona'),('SL','fr','Sierra Leone'),('SL','it','Sierra Leone'),('SM','de','San Marino'),('SM','en','San Marino'),('SM','es','San Marino'),('SM','fr','Saint-Marin'),('SM','it','San Marino'),('SN','de','Senegal'),('SN','en','Senegal'),('SN','es','Senegal'),('SN','fr','Sénégal'),('SN','it','Senegal'),('SO','de','Somalia'),('SO','en','Somalia'),('SO','es','Somalia'),('SO','fr','Somalie'),('SO','it','Somalia'),('SR','de','Suriname'),('SR','en','Suriname'),('SR','es','Surinam'),('SR','fr','Suriname'),('SR','it','Suriname'),('SS','de','Südsudan'),('SS','en','South Sudan'),('SS','es','Sudán del Sur'),('SS','fr','Soudan du Sud'),('SS','it','Sudan del Sud'),('ST','de','São Tomé und Príncipe'),('ST','en','São Tomé and Príncipe'),('ST','es','Santo Tomé y Príncipe'),('ST','fr','Sao Tomé-et-Príncipe'),('ST','it','Sao Tomé e Príncipe'),('SV','de','El Salvador'),('SV','en','El Salvador'),('SV','es','El Salvador'),('SV','fr','El Salvador'),('SV','it','El Salvador'),('SX','de','Sint Maarten'),('SX','en','Sint Maarten'),('SX','es','Sint Maarten'),('SX','fr','Saint-Martin [partie néerlandaise]'),('SX','it','Sint Maarten'),('SY','de','Syrien'),('SY','en','Syria'),('SY','es','Siria'),('SY','fr','Syrie'),('SY','it','Siria'),('SZ','de','Swasiland'),('SZ','en','Swaziland'),('SZ','es','Suazilandia'),('SZ','fr','Swaziland'),('SZ','it','Swaziland'),('TA','de','Tristan da Cunha'),('TA','en','Tristan da Cunha'),('TA','es','Tristán da Cunha'),('TA','fr','Tristan da Cunha'),('TA','it','Tristan da Cunha'),('TC','de','Turks- und Caicosinseln'),('TC','en','Turks and Caicos Islands'),('TC','es','Islas Turcas y Caicos'),('TC','fr','Îles Turks et Caïques'),('TC','it','Isole Turks e Caicos'),('TD','de','Tschad'),('TD','en','Chad'),('TD','es','Chad'),('TD','fr','Tchad'),('TD','it','Ciad'),('TF','de','Französische Süd- und Antarktisgebiete'),('TF','en','French Southern Territories'),('TF','es','Territorios Australes Franceses'),('TF','fr','Terres australes françaises'),('TF','it','Territori australi francesi'),('TG','de','Togo'),('TG','en','Togo'),('TG','es','Togo'),('TG','fr','Togo'),('TG','it','Togo'),('TH','de','Thailand'),('TH','en','Thailand'),('TH','es','Tailandia'),('TH','fr','Thaïlande'),('TH','it','Tailandia'),('TJ','de','Tadschikistan'),('TJ','en','Tajikistan'),('TJ','es','Tayikistán'),('TJ','fr','Tadjikistan'),('TJ','it','Tagikistan'),('TK','de','Tokelau'),('TK','en','Tokelau'),('TK','es','Tokelau'),('TK','fr','Tokelau'),('TK','it','Tokelau'),('TL','de','Osttimor'),('TL','en','East Timor'),('TL','es','Timor Oriental'),('TL','fr','Timor oriental'),('TL','it','Timor Est'),('TM','de','Turkmenistan'),('TM','en','Turkmenistan'),('TM','es','Turkmenistán'),('TM','fr','Turkménistan'),('TM','it','Turkmenistan'),('TN','de','Tunesien'),('TN','en','Tunisia'),('TN','es','Túnez'),('TN','fr','Tunisie'),('TN','it','Tunisia'),('TO','de','Tonga'),('TO','en','Tonga'),('TO','es','Tonga'),('TO','fr','Tonga'),('TO','it','Tonga'),('TR','de','Türkei'),('TR','en','Turkey'),('TR','es','Turquía'),('TR','fr','Turquie'),('TR','it','Turchia'),('TT','de','Trinidad und Tobago'),('TT','en','Trinidad and Tobago'),('TT','es','Trinidad y Tobago'),('TT','fr','Trinité-et-Tobago'),('TT','it','Trinidad e Tobago'),('TV','de','Tuvalu'),('TV','en','Tuvalu'),('TV','es','Tuvalu'),('TV','fr','Tuvalu'),('TV','it','Tuvalu'),('TW','de','Taiwan'),('TW','en','Taiwan'),('TW','es','Taiwán'),('TW','fr','Taïwan'),('TW','it','Taiwan'),('TZ','de','Tansania'),('TZ','en','Tanzania'),('TZ','es','Tanzania'),('TZ','fr','Tanzanie'),('TZ','it','Tanzania'),('UA','de','Ukraine'),('UA','en','Ukraine'),('UA','es','Ucrania'),('UA','fr','Ukraine'),('UA','it','Ucraina'),('UG','de','Uganda'),('UG','en','Uganda'),('UG','es','Uganda'),('UG','fr','Ouganda'),('UG','it','Uganda'),('UM','de','Amerikanisch-Ozeanien'),('UM','en','U.S. Outlying Islands'),('UM','es','Islas menores alejadas de los Estados Unidos'),('UM','fr','Îles éloignées des États-Unis'),('UM','it','Isole periferiche agli USA'),('US','de','Vereinigte Staaten'),('US','en','United States'),('US','es','Estados Unidos'),('US','fr','États-Unis'),('US','it','Stati Uniti'),('UY','de','Uruguay'),('UY','en','Uruguay'),('UY','es','Uruguay'),('UY','fr','Uruguay'),('UY','it','Uruguay'),('UZ','de','Usbekistan'),('UZ','en','Uzbekistan'),('UZ','es','Uzbekistán'),('UZ','fr','Ouzbékistan'),('UZ','it','Uzbekistan'),('VA','de','Vatikanstadt'),('VA','en','Vatican City'),('VA','es','Ciudad del Vaticano'),('VA','fr','État de la Cité du Vatican'),('VA','it','Città del Vaticano'),('VC','de','St. Vincent und die Grenadinen'),('VC','en','Saint Vincent and the Grenadines'),('VC','es','San Vicente y las Granadinas'),('VC','fr','Saint-Vincent-et-les Grenadines'),('VC','it','Saint Vincent e Grenadines'),('VE','de','Venezuela'),('VE','en','Venezuela'),('VE','es','Venezuela'),('VE','fr','Venezuela'),('VE','it','Venezuela'),('VG','de','Britische Jungferninseln'),('VG','en','British Virgin Islands'),('VG','es','Islas Vírgenes Británicas'),('VG','fr','Îles Vierges britanniques'),('VG','it','Isole Vergini Britanniche'),('VI','de','Amerikanische Jungferninseln'),('VI','en','U.S. Virgin Islands'),('VI','es','Islas Vírgenes de los Estados Unidos'),('VI','fr','Îles Vierges des États-Unis'),('VI','it','Isole Vergini Americane'),('VN','de','Vietnam'),('VN','en','Vietnam'),('VN','es','Vietnam'),('VN','fr','Viêt Nam'),('VN','it','Vietnam'),('VU','de','Vanuatu'),('VU','en','Vanuatu'),('VU','es','Vanuatu'),('VU','fr','Vanuatu'),('VU','it','Vanuatu'),('WF','de','Wallis und Futuna'),('WF','en','Wallis and Futuna'),('WF','es','Wallis y Futuna'),('WF','fr','Wallis-et-Futuna'),('WF','it','Wallis e Futuna'),('WS','de','Samoa'),('WS','en','Samoa'),('WS','es','Samoa'),('WS','fr','Samoa'),('WS','it','Samoa'),('YE','de','Jemen'),('YE','en','Yemen'),('YE','es','Yemen'),('YE','fr','Yémen'),('YE','it','Yemen'),('YT','de','Mayotte'),('YT','en','Mayotte'),('YT','es','Mayotte'),('YT','fr','Mayotte'),('YT','it','Mayotte'),('ZA','de','Südafrika'),('ZA','en','South Africa'),('ZA','es','Sudáfrica'),('ZA','fr','Afrique du Sud'),('ZA','it','Sudafrica'),('ZM','de','Sambia'),('ZM','en','Zambia'),('ZM','es','Zambia'),('ZM','fr','Zambie'),('ZM','it','Zambia'),('ZW','de','Simbabwe'),('ZW','en','Zimbabwe'),('ZW','es','Zimbabue'),('ZW','fr','Zimbabwe'),('ZW','it','Zimbabwe'),('ZZ','de','Unbekannte Region'),('ZZ','en','Unknown Region'),('ZZ','es','Región desconocida'),('ZZ','fr','région indéterminée'),('ZZ','it','Regione non valida o sconosciuta');
/*!40000 ALTER TABLE `core_intl_country_names` ENABLE KEYS */;
UNLOCK TABLES;

--
-- Table structure for table `core_intl_currency`
--

DROP TABLE IF EXISTS `core_intl_currency`;
/*!40101 SET @saved_cs_client     = @@character_set_client */;
/*!40101 SET character_set_client = utf8 */;
CREATE TABLE `core_intl_currency` (
  `id` varchar(3) NOT NULL,
  `currency_symbol` varchar(2) NOT NULL,
  PRIMARY KEY (`id`)
) ENGINE=InnoDB DEFAULT CHARSET=utf8;
/*!40101 SET character_set_client = @saved_cs_client */;

--
-- Dumping data for table `core_intl_currency`
--

LOCK TABLES `core_intl_currency` WRITE;
/*!40000 ALTER TABLE `core_intl_currency` DISABLE KEYS */;
INSERT INTO `core_intl_currency` VALUES ('ADP',''),('AED',''),('AFN',''),('ALL',''),('AMD',''),('ANG',''),('AOA',''),('ARA',''),('ARS',''),('ATS','öS'),('AUD','AU'),('AWG',''),('AZN',''),('BAM',''),('BBD',''),('BDT',''),('BEC',''),('BEF',''),('BEL',''),('BGN',''),('BHD',''),('BIF',''),('BMD',''),('BND',''),('BOB',''),('BOP',''),('BOV',''),('BRL','R$'),('BRZ',''),('BSD',''),('BTN',''),('BUK',''),('BWP',''),('BYR',''),('BZD',''),('CAD','CA'),('CDF',''),('CHE',''),('CHF',''),('CHW',''),('CLF',''),('CLP',''),('CNY','CN'),('COP',''),('CRC',''),('CSD',''),('CSK',''),('CUC',''),('CUP',''),('CVE',''),('CYP',''),('CZK',''),('DDM',''),('DEM',''),('DJF',''),('DKK',''),('DOP',''),('DZD',''),('ECS',''),('ECV',''),('EEK',''),('EGP',''),('ERN',''),('ESA',''),('ESB',''),('ESP',''),('ETB',''),('EUR','€'),('FIM',''),('FJD',''),('FKP',''),('FRF',''),('GBP','£'),('GEK',''),('GEL',''),('GHS',''),('GIP',''),('GMD',''),('GNF',''),('GNS',''),('GQE',''),('GRD',''),('GTQ',''),('GWE',''),('GWP',''),('GYD',''),('HKD','HK'),('HNL',''),('HRD',''),('HRK',''),('HTG',''),('HUF',''),('IDR',''),('IEP',''),('ILP',''),('ILS','₪'),('INR','₹'),('IQD',''),('IRR',''),('ISK',''),('ITL',''),('JMD',''),('JOD',''),('JPY','¥'),('KES',''),('KGS',''),('KHR',''),('KMF',''),('KPW',''),('KRW','₩'),('KWD',''),('KYD',''),('KZT',''),('LAK',''),('LBP',''),('LKR',''),('LRD',''),('LSL',''),('LTL',''),('LTT',''),('LUC',''),('LUF',''),('LUL',''),('LVL',''),('LVR',''),('LYD',''),('MAD',''),('MAF',''),('MDL',''),('MGA',''),('MGF',''),('MKD',''),('MLF',''),('MMK',''),('MNT',''),('MOP',''),('MRO',''),('MTL',''),('MTP',''),('MUR',''),('MVR',''),('MWK',''),('MXN','MX'),('MXP',''),('MXV',''),('MYR',''),('MZE',''),('MZN',''),('NAD',''),('NGN',''),('NIO',''),('NLG',''),('NOK',''),('NPR',''),('NZD','NZ'),('OMR',''),('PAB',''),('PEI',''),('PEN',''),('PES',''),('PGK',''),('PHP',''),('PKR',''),('PLN',''),('PTE',''),('PYG',''),('QAR',''),('RHD',''),('RON',''),('RSD',''),('RUB',''),('RWF',''),('SAR',''),('SBD',''),('SCR',''),('SDG',''),('SEK',''),('SGD',''),('SHP',''),('SIT',''),('SKK',''),('SLL',''),('SOS',''),('SRD',''),('SRG',''),('SSP',''),('STD',''),('SUR',''),('SVC',''),('SYP',''),('SZL',''),('THB','฿'),('TJR',''),('TJS',''),('TMT',''),('TND',''),('TOP',''),('TPE',''),('TRY',''),('TTD',''),('TWD','NT'),('TZS',''),('UAH',''),('UAK',''),('UGX',''),('USD','$'),('USN',''),('USS',''),('UYU',''),('UZS',''),('VEB',''),('VEF',''),('VND','₫'),('VUV',''),('WST',''),('XAF','FC'),('XAG',''),('XAU',''),('XBA',''),('XBB',''),('XBC',''),('XBD',''),('XCD','EC'),('XDR',''),('XEU',''),('XFO',''),('XFU',''),('XOF','CF'),('XPD',''),('XPF','CF'),('XPT',''),('XRE',''),('XTS',''),('XXX',''),('YDD',''),('YER',''),('YUN',''),('ZAL',''),('ZAR',''),('ZMK',''),('ZWL',''),('ZWR','');
/*!40000 ALTER TABLE `core_intl_currency` ENABLE KEYS */;
UNLOCK TABLES;

--
-- Table structure for table `core_intl_currency_names`
--

DROP TABLE IF EXISTS `core_intl_currency_names`;
/*!40101 SET @saved_cs_client     = @@character_set_client */;
/*!40101 SET character_set_client = utf8 */;
CREATE TABLE `core_intl_currency_names` (
  `core_intl_currency_ID` varchar(3) NOT NULL,
  `currency_name_language` varchar(2) NOT NULL,
  `currency_name` varchar(127) NOT NULL,
  PRIMARY KEY (`core_intl_currency_ID`,`currency_name_language`)
) ENGINE=InnoDB DEFAULT CHARSET=utf8;
/*!40101 SET character_set_client = @saved_cs_client */;

--
-- Dumping data for table `core_intl_currency_names`
--

LOCK TABLES `core_intl_currency_names` WRITE;
/*!40000 ALTER TABLE `core_intl_currency_names` DISABLE KEYS */;
INSERT INTO `core_intl_currency_names` VALUES ('ADP','de','Andorranische Pesete'),('ADP','en','Andorran Peseta'),('ADP','es','peseta andorrana'),('ADP','fr','peseta andorrane'),('ADP','it',''),('AED','de','VAE-Dirham'),('AED','en','United Arab Emirates Dirham'),('AED','es','dírham de los Emiratos Árabes Unidos'),('AED','fr','dirham des Émirats arabes unis'),('AED','it','Dirham degli Emirati Arabi Uniti'),('AFA','es',''),('AFA','it',''),('AFN','de','Afghanische Afghani'),('AFN','en','Afghan Afghani'),('AFN','es','afgani afgano'),('AFN','fr','afghani afghan'),('AFN','it','Afghani'),('ALL','de','Albanische Lek'),('ALL','en','Albanian Lek'),('ALL','es','lek albanés'),('ALL','fr','lek albanais'),('ALL','it','Lek Albanese'),('AMD','de','Armenische Dram'),('AMD','en','Armenian Dram'),('AMD','es','dram armenio'),('AMD','fr','dram arménien'),('AMD','it','Dram Armeno'),('ANG','de','Niederländische-Antillen-Gulden'),('ANG','en','Netherlands Antillean Guilder'),('ANG','es','florín de las Antillas Neerlandesas'),('ANG','fr','florin antillais'),('ANG','it','Fiorino delle Antille Olandesi'),('AOA','de','Angolanischer Kwanza'),('AOA','en','Angolan Kwanza'),('AOA','es','kwanza angoleño'),('AOA','fr','kwanza angolais'),('AOA','it','Kwanza Angolano'),('AOK','es',''),('AOK','it',''),('AON','es',''),('AON','it',''),('AOR','es',''),('AOR','it',''),('ARA','de','Argentinischer Austral'),('ARA','en','Argentine Austral'),('ARA','es','austral argentino'),('ARA','fr','austral argentin'),('ARA','it',''),('ARM','en','Argentine Peso (1881-1970)'),('ARP','it',''),('ARS','de','Argentinischer Peso'),('ARS','en','Argentine Peso'),('ARS','es','peso argentino'),('ARS','fr','peso argentin'),('ARS','it','Peso Argentino'),('ATS','de','Österreichischer Schilling'),('ATS','en','Austrian Schilling'),('ATS','es','chelín austriaco'),('ATS','fr','schilling autrichien'),('ATS','it',''),('AUD','de','Australischer Dollar'),('AUD','en','Australian Dollar'),('AUD','es','dólar australiano'),('AUD','fr','dollar australien'),('AUD','it','Dollaro Australiano'),('AWG','de','Aruba-Florin'),('AWG','en','Aruban Florin'),('AWG','es','florín de Aruba'),('AWG','fr','florin arubais'),('AWG','it','Fiorino di Aruba'),('AZM','es',''),('AZM','it',''),('AZN','de','Aserbaidschan-Manat'),('AZN','en','Azerbaijani Manat'),('AZN','es','manat azerí'),('AZN','fr','manat azéri'),('AZN','it','Manat Azero'),('BAD','es','dinar bosnio'),('BAD','fr','dinar bosniaque'),('BAD','it',''),('BAM','de','Bosnien und Herzegowina Konvertierbare Mark'),('BAM','en','Bosnia-Herzegovina Convertible Mark'),('BAM','es','marco convertible de Bosnia-Herzegovina'),('BAM','fr','mark convertible bosniaque'),('BAM','it','Marco Conv. Bosnia-Erzegovina'),('BBD','de','Barbados-Dollar'),('BBD','en','Barbadian Dollar'),('BBD','es','dólar de Barbados'),('BBD','fr','dollar barbadien'),('BBD','it','Dollaro di Barbados'),('BDT','de','Bangladesch-Taka'),('BDT','en','Bangladeshi Taka'),('BDT','es','taka de Bangladesh'),('BDT','fr','taka bangladeshi'),('BDT','it','Taka Bangladese'),('BEC','de','Belgischer Franc (konvertibel)'),('BEC','en','Belgian Franc (convertible)'),('BEC','es','franco belga (convertible)'),('BEC','fr','franc belge (convertible)'),('BEC','it',''),('BEF','de','Belgischer Franc'),('BEF','en','Belgian Franc'),('BEF','es','franco belga'),('BEF','fr','franc belge'),('BEF','it',''),('BEL','de','Belgischer Finanz-Franc'),('BEL','en','Belgian Franc (financial)'),('BEL','es','franco belga (financiero)'),('BEL','fr','franc belge (financier)'),('BEL','it',''),('BGL','en','Bulgarian Hard Lev'),('BGL','es','lev fuerte búlgaro'),('BGL','it',''),('BGM','en','Bulgarian Socialist Lev'),('BGN','de','Bulgarische Lew'),('BGN','en','Bulgarian Lev'),('BGN','es','leva búlgara'),('BGN','fr','nouveau lev bulgare'),('BGN','it','Nuovo Lev Bulgaro'),('BGO','en','Bulgarian Lev (1879-1952)'),('BHD','de','Bahrain-Dinar'),('BHD','en','Bahraini Dinar'),('BHD','es','dinar bahreiní'),('BHD','fr','dinar bahreïni'),('BHD','it','Dinaro del Bahraini'),('BIF','de','Burundi-Franc'),('BIF','en','Burundian Franc'),('BIF','es','franco de Burundi'),('BIF','fr','franc burundais'),('BIF','it','Franco del Burundi'),('BMD','de','Bermuda-Dollar'),('BMD','en','Bermudan Dollar'),('BMD','es','dólar de Bermudas'),('BMD','fr','dollar bermudien'),('BMD','it','Dollaro delle Bermuda'),('BND','de','Brunei-Dollar'),('BND','en','Brunei Dollar'),('BND','es','dólar de Brunéi'),('BND','fr','dollar brunéien'),('BND','it','Dollaro del Brunei'),('BOB','de','Bolivanischer Boliviano'),('BOB','en','Bolivian Boliviano'),('BOB','es','boliviano'),('BOB','fr','boliviano bolivien'),('BOB','it','Boliviano'),('BOL','en','Bolivian Boliviano (1863-1963)'),('BOP','de','Bolivianischer Peso'),('BOP','en','Bolivian Peso'),('BOP','es','peso boliviano'),('BOP','fr','peso bolivien'),('BOP','it',''),('BOV','de','Boliviansiche Mvdol'),('BOV','en','Bolivian Mvdol'),('BOV','es','MVDOL boliviano'),('BOV','fr','mvdol bolivien'),('BOV','it',''),('BRB','it',''),('BRC','es','cruzado brasileño'),('BRC','it',''),('BRE','it',''),('BRL','de','Brasilianischer Real'),('BRL','en','Brazilian Real'),('BRL','es','real brasileño'),('BRL','fr','réal brésilien'),('BRL','it','Real Brasiliano'),('BRN','es','nuevo cruzado brasileño'),('BRN','fr','nouveau cruzado'),('BRN','it',''),('BRR','es','cruceiro brasileño'),('BRR','fr','cruzeiro'),('BRR','it',''),('BRZ','de',''),('BSD','de','Bahama-Dollar'),('BSD','en','Bahamian Dollar'),('BSD','es','dólar de las Bahamas'),('BSD','fr','dollar bahaméen'),('BSD','it','Dollaro delle Bahamas'),('BTN','de','Bhutan-Ngultrum'),('BTN','en','Bhutanese Ngultrum'),('BTN','es','ngultrum butanés'),('BTN','fr','ngultrum bouthanais'),('BTN','it','Ngultrum Butanese'),('BUK','de','Birmanischer Kyat'),('BUK','en','Burmese Kyat'),('BUK','es','kyat birmano'),('BUK','fr','kyat birman'),('BUK','it',''),('BWP','de','Botswanische Pula'),('BWP','en','Botswanan Pula'),('BWP','es','pula botsuano'),('BWP','fr','pula botswanais'),('BWP','it','Pula del Botswana'),('BYB','it',''),('BYR','de','Belarus-Rubel'),('BYR','en','Belarusian Ruble'),('BYR','es','rublo bielorruso'),('BYR','fr','rouble biélorusse'),('BYR','it','Rublo Bielorussia'),('BZD','de','Belize-Dollar'),('BZD','en','Belize Dollar'),('BZD','es','dólar de Belice'),('BZD','fr','dollar bélizéen'),('BZD','it','Dollaro del Belize'),('CAD','de','Kanadischer Dollar'),('CAD','en','Canadian Dollar'),('CAD','es','dólar canadiense'),('CAD','fr','dollar canadien'),('CAD','it','Dollaro Canadese'),('CDF','de','Kongo-Franc'),('CDF','en','Congolese Franc'),('CDF','es','franco congoleño'),('CDF','fr','franc congolais'),('CDF','it','Franco Congolese'),('CHE','de','WIR-Euro'),('CHE','en','WIR Euro'),('CHE','es','euro WIR'),('CHE','fr','euro WIR'),('CHF','de','Schweizer Franken'),('CHF','en','Swiss Franc'),('CHF','es','franco suizo'),('CHF','fr','franc suisse'),('CHF','it','Franco Svizzero'),('CHW','de','WIR Franken'),('CHW','en','WIR Franc'),('CHW','es','franco WIR'),('CHW','fr','franc WIR'),('CLE','en','Chilean Escudo'),('CLF','de','Chilenische Unidades de Fomento'),('CLF','en','Chilean Unit of Account (UF)'),('CLF','es','unidad de fomento chilena'),('CLF','fr','unité d’investissement chilienne'),('CLF','it',''),('CLP','de','Chilenischer Peso'),('CLP','en','Chilean Peso'),('CLP','es','peso chileno'),('CLP','fr','peso chilien'),('CLP','it','Peso Cileno'),('CNX','en','Chinese People’s Bank Dollar'),('CNY','de','Renminbi Yuan'),('CNY','en','Chinese Yuan'),('CNY','es','yuan chino'),('CNY','fr','yuan renminbi chinois'),('CNY','it','Renmimbi Cinese'),('COP','de','Kolumbianischer Peso'),('COP','en','Colombian Peso'),('COP','es','peso colombiano'),('COP','fr','peso colombien'),('COP','it','Peso Colombiano'),('COU','en','Colombian Real Value Unit'),('COU','es','unidad de valor real colombiana'),('COU','fr','unité de valeur réelle colombienne'),('CRC','de','Costa-Rica-Colón'),('CRC','en','Costa Rican Colón'),('CRC','es','colón costarricense'),('CRC','fr','colón costaricain'),('CRC','it','Colón Costaricano'),('CSD','de','Serbischer Dinar (2002-2006)'),('CSD','en','Serbian Dinar (2002-2006)'),('CSD','es','antiguo dinar serbio'),('CSD','fr','dinar serbo-monténégrin'),('CSD','it',''),('CSK','de','Tschechoslowakische Krone'),('CSK','en','Czechoslovak Hard Koruna'),('CSK','es','corona fuerte checoslovaca'),('CSK','fr','couronne forte tchécoslovaque'),('CSK','it',''),('CUC','de','Kubanischer Peso (konvertibel)'),('CUC','en','Cuban Convertible Peso'),('CUC','es','peso cubano convertible'),('CUC','fr','peso cubain convertible'),('CUC','it','Peso Cubano Convertibile'),('CUP','de','Kubanischer Peso'),('CUP','en','Cuban Peso'),('CUP','es','peso cubano'),('CUP','fr','peso cubain'),('CUP','it','Peso Cubano'),('CVE','de','Kap-Verde-Escudo'),('CVE','en','Cape Verdean Escudo'),('CVE','es','escudo de Cabo Verde'),('CVE','fr','escudo capverdien'),('CVE','it','Escudo del Capo Verde'),('CYP','de','Zypern-Pfund'),('CYP','en','Cypriot Pound'),('CYP','es','libra chipriota'),('CYP','fr','livre chypriote'),('CYP','it',''),('CZK','de','Tschechische Krone'),('CZK','en','Czech Republic Koruna'),('CZK','es','corona checa'),('CZK','fr','couronne tchèque'),('CZK','it','Corona Ceca'),('DDM','de','Mark der DDR'),('DDM','en','East German Mark'),('DDM','es','ostmark de Alemania del Este'),('DDM','fr','mark est-allemand'),('DDM','it',''),('DEM','de','Deutsche Mark'),('DEM','en','German Mark'),('DEM','es','marco alemán'),('DEM','fr','mark allemand'),('DEM','it',''),('DJF','de','Dschibuti-Franc'),('DJF','en','Djiboutian Franc'),('DJF','es','franco de Yibuti'),('DJF','fr','franc djiboutien'),('DJF','it','Franco Gibutiano'),('DKK','de','Dänische Krone'),('DKK','en','Danish Krone'),('DKK','es','corona danesa'),('DKK','fr','couronne danoise'),('DKK','it','Corona Danese'),('DOP','de','Dominikanischer Peso'),('DOP','en','Dominican Peso'),('DOP','es','peso dominicano'),('DOP','fr','peso dominicain'),('DOP','it','Peso Dominicano'),('DZD','de','Algerischer Dinar'),('DZD','en','Algerian Dinar'),('DZD','es','dinar argelino'),('DZD','fr','dinar algérien'),('DZD','it','Dinaro Algerino'),('ECS','de','Ecuadorianischer Sucre'),('ECS','en','Ecuadorian Sucre'),('ECS','es','sucre ecuatoriano'),('ECS','fr','sucre équatorien'),('ECS','it',''),('ECV','de','Verrechnungseinheit für Ecuador'),('ECV','en','Ecuadorian Unit of Constant Value'),('ECV','es','unidad de valor constante (UVC) ecuatoriana'),('ECV','fr','unité de valeur constante équatoriale (UVC)'),('ECV','it',''),('EEK','de','Estnische Krone'),('EEK','en','Estonian Kroon'),('EEK','es','corona estonia'),('EEK','fr','couronne estonienne'),('EEK','it',''),('EGP','de','Ägyptisches Pfund'),('EGP','en','Egyptian Pound'),('EGP','es','libra egipcia'),('EGP','fr','livre égyptienne'),('EGP','it','Sterlina Egiziana'),('ERN','de','Eritreische Nakfa'),('ERN','en','Eritrean Nakfa'),('ERN','es','nakfa eritreo'),('ERN','fr','nafka érythréen'),('ERN','it','Nakfa Eritreo'),('ESA','de','Spanische Peseta (A-Konten)'),('ESA','en','Spanish Peseta (A account)'),('ESA','es','peseta española (cuenta A)'),('ESA','fr','peseta espagnole (compte A)'),('ESA','it',''),('ESB','de','Spanische Peseta (konvertibel)'),('ESB','en','Spanish Peseta (convertible account)'),('ESB','es','peseta española (cuenta convertible)'),('ESB','fr','peseta espagnole (compte convertible)'),('ESB','it',''),('ESP','de','Spanische Peseta'),('ESP','en','Spanish Peseta'),('ESP','es','peseta española'),('ESP','fr','peseta espagnole'),('ESP','it',''),('ETB','de','Äthiopische Birr'),('ETB','en','Ethiopian Birr'),('ETB','es','birr etíope'),('ETB','fr','birr éthiopien'),('ETB','it','Birr Etiopico'),('EUR','de','Euro'),('EUR','en','Euro'),('EUR','es','euro'),('EUR','fr','euro'),('EUR','it','Euro'),('FIM','de','Finnische Mark'),('FIM','en','Finnish Markka'),('FIM','es','marco finlandés'),('FIM','fr','mark finlandais'),('FIM','it',''),('FJD','de','Fidschi-Dollar'),('FJD','en','Fijian Dollar'),('FJD','es','dólar de las Islas Fiyi'),('FJD','fr','dollar fidjien'),('FJD','it','Dollaro delle Figi'),('FKP','de','Falkland-Pfund'),('FKP','en','Falkland Islands Pound'),('FKP','es','libra de las Islas Malvinas'),('FKP','fr','livre des Falkland'),('FKP','it','Sterlina delle Falkland'),('FRF','de','Französischer Franc'),('FRF','en','French Franc'),('FRF','es','franco francés'),('FRF','fr','franc français'),('FRF','it',''),('GBP','de','Britisches Pfund Sterling'),('GBP','en','British Pound Sterling'),('GBP','es','libra esterlina británica'),('GBP','fr','livre sterling'),('GBP','it','Sterlina Inglese'),('GEK','de','Georgischer Kupon Larit'),('GEK','en','Georgian Kupon Larit'),('GEK','es',''),('GEK','fr','coupon de lari géorgien'),('GEK','it',''),('GEL','de','Georgischer Lari'),('GEL','en','Georgian Lari'),('GEL','es','lari georgiano'),('GEL','fr','lari géorgien'),('GEL','it','Lari Georgiano'),('GHC','es',''),('GHC','fr','cédi'),('GHC','it',''),('GHS','de','Ghanaischer Cedi'),('GHS','en','Ghanaian Cedi'),('GHS','es','cedi ghanés'),('GHS','fr','cédi ghanéen'),('GHS','it','Cedi ghanese'),('GIP','de','Gibraltar-Pfund'),('GIP','en','Gibraltar Pound'),('GIP','es','libra de Gibraltar'),('GIP','fr','livre de Gibraltar'),('GIP','it','Sterlina di Gibilterra'),('GMD','de','Gambia-Dalasi'),('GMD','en','Gambian Dalasi'),('GMD','es','dalasi gambiano'),('GMD','fr','dalasi gambien'),('GMD','it','Dalasi del Gambia'),('GNF','de','Guinea-Franc'),('GNF','en','Guinean Franc'),('GNF','es','franco guineano'),('GNF','fr','franc guinéen'),('GNF','it','Franco della Guinea'),('GNS','de','Guineischer Syli'),('GNS','en','Guinean Syli'),('GNS','es',''),('GNS','fr','syli guinéen'),('GNS','it',''),('GQE','de','Äquatorialguinea-Ekwele'),('GQE','en','Equatorial Guinean Ekwele'),('GQE','es','ekuele de Guinea Ecuatorial'),('GQE','fr','ekwélé équatoguinéen'),('GQE','it',''),('GRD','de','Griechische Drachme'),('GRD','en','Greek Drachma'),('GRD','es','dracma griego'),('GRD','fr','drachme grecque'),('GRD','it',''),('GTQ','de','Guatemaltekischer Quetzal'),('GTQ','en','Guatemalan Quetzal'),('GTQ','es','quetzal guatemalteco'),('GTQ','fr','quetzal guatémaltèque'),('GTQ','it','Quetzal Guatemalteco'),('GWE','de','Portugiesisch Guinea Escudo'),('GWE','en','Portuguese Guinea Escudo'),('GWE','es',''),('GWE','fr','escudo de Guinée portugaise'),('GWE','it',''),('GWP','de','Guinea-Bissau Peso'),('GWP','en','Guinea-Bissau Peso'),('GWP','es',''),('GWP','fr','peso bissau-guinéen'),('GWP','it',''),('GYD','de','Guyana-Dollar'),('GYD','en','Guyanaese Dollar'),('GYD','es','dólar guyanés'),('GYD','fr','dollar du Guyana'),('GYD','it','Dollaro della Guyana'),('HKD','de','Hongkong-Dollar'),('HKD','en','Hong Kong Dollar'),('HKD','es','dólar de Hong Kong'),('HKD','fr','dollar de Hong Kong'),('HKD','it','Dollaro di Hong Kong'),('HNL','de','Honduras-Lempira'),('HNL','en','Honduran Lempira'),('HNL','es','lempira hondureño'),('HNL','fr','lempira hondurien'),('HNL','it','Lempira Hoduregno'),('HRD','de','Kroatischer Dinar'),('HRD','en','Croatian Dinar'),('HRD','es','dinar croata'),('HRD','fr','dinar croate'),('HRD','it',''),('HRK','de','Kroatischer Kuna'),('HRK','en','Croatian Kuna'),('HRK','es','kuna croata'),('HRK','fr','kuna croate'),('HRK','it','Kuna Croata'),('HTG','de','Haitianische Gourde'),('HTG','en','Haitian Gourde'),('HTG','es','gourde haitiano'),('HTG','fr','gourde haïtienne'),('HTG','it','Gourde Haitiano'),('HUF','de','Ungarische Forint'),('HUF','en','Hungarian Forint'),('HUF','es','florín húngaro'),('HUF','fr','forint hongrois'),('HUF','it','Fiorino Ungherese'),('IDR','de','Indonesische Rupiah'),('IDR','en','Indonesian Rupiah'),('IDR','es','rupia indonesia'),('IDR','fr','roupie indonésienne'),('IDR','it','Rupia Indonesiana'),('IEP','de','Irisches Pfund'),('IEP','en','Irish Pound'),('IEP','es','libra irlandesa'),('IEP','fr','livre irlandaise'),('IEP','it',''),('ILP','de','Israelisches Pfund'),('ILP','en','Israeli Pound'),('ILP','es','libra israelí'),('ILP','fr','livre israélienne'),('ILP','it',''),('ILS','de','Israelische Neuer Schekel'),('ILS','en','Israeli New Sheqel'),('ILS','es','nuevo sheqel israelí'),('ILS','fr','nouveau shekel israélien'),('ILS','it','Nuovo Shequel Israeliano'),('INR','de','Indische Rupie'),('INR','en','Indian Rupee'),('INR','es','rupia india'),('INR','fr','roupie indienne'),('INR','it','Rupia Indiana'),('IQD','de','Irakischer Dinar'),('IQD','en','Iraqi Dinar'),('IQD','es','dinar iraquí'),('IQD','fr','dinar irakien'),('IQD','it','Dinaro Iracheno'),('IRR','de','Iranische Rial'),('IRR','en','Iranian Rial'),('IRR','es','rial iraní'),('IRR','fr','rial iranien'),('IRR','it','Rial Iraniano'),('ISK','de','Isländische Krone'),('ISK','en','Icelandic Króna'),('ISK','es','corona islandesa'),('ISK','fr','couronne islandaise'),('ISK','it','Corona Islandese'),('ITL','de','Italienische Lira'),('ITL','en','Italian Lira'),('ITL','es','lira italiana'),('ITL','fr','lire italienne'),('ITL','it',''),('JMD','de','Jamaika-Dollar'),('JMD','en','Jamaican Dollar'),('JMD','es','dólar de Jamaica'),('JMD','fr','dollar jamaïcain'),('JMD','it','Dollaro Giamaicano'),('JOD','de','Jordanischer Dinar'),('JOD','en','Jordanian Dinar'),('JOD','es','dinar jordano'),('JOD','fr','dinar jordanien'),('JOD','it','Dinaro Giordano'),('JPY','de','Japanische Yen'),('JPY','en','Japanese Yen'),('JPY','es','yen japonés'),('JPY','fr','yen japonais'),('JPY','it','Yen Giapponese'),('KES','de','Kenia-Schilling'),('KES','en','Kenyan Shilling'),('KES','es','chelín keniata'),('KES','fr','shilling kényan'),('KES','it','Scellino Keniota'),('KGS','de','Kirgisischer Som'),('KGS','en','Kyrgystani Som'),('KGS','es','som kirguís'),('KGS','fr','som kirghize'),('KGS','it','Som Kirghiso'),('KHR','de','Kambodschanischer Riel'),('KHR','en','Cambodian Riel'),('KHR','es','riel camboyano'),('KHR','fr','riel cambodgien'),('KHR','it','Riel Cambogiano'),('KMF','de','Komoren-Franc'),('KMF','en','Comorian Franc'),('KMF','es','franco comorense'),('KMF','fr','franc comorien'),('KMF','it','Franco Comoriano'),('KPW','de','Nordkoreanischer Won'),('KPW','en','North Korean Won'),('KPW','es','won norcoreano'),('KPW','fr','won nord-coréen'),('KPW','it','Won Nordcoreano'),('KRW','de','Südkoreanischer Won'),('KRW','en','South Korean Won'),('KRW','es','won surcoreano'),('KRW','fr','won sud-coréen'),('KRW','it','Won Sudcoreano'),('KWD','de','Kuwait-Dinar'),('KWD','en','Kuwaiti Dinar'),('KWD','es','dinar kuwaití'),('KWD','fr','dinar koweïtien'),('KWD','it','Dinaro Kuwaitiano'),('KYD','de','Kaiman-Dollar'),('KYD','en','Cayman Islands Dollar'),('KYD','es','dólar de las Islas Caimán'),('KYD','fr','dollar des îles Caïmanes'),('KYD','it','Dollaro delle Isole Cayman'),('KZT','de','Kasachischer Tenge'),('KZT','en','Kazakhstani Tenge'),('KZT','es','tenge kazako'),('KZT','fr','tenge kazakh'),('KZT','it','Tenge Kazaco'),('LAK','de','Laotischer Kip'),('LAK','en','Laotian Kip'),('LAK','es','kip laosiano'),('LAK','fr','kip loatien'),('LAK','it','Kip Laotiano'),('LBP','de','Libanesisches Pfund'),('LBP','en','Lebanese Pound'),('LBP','es','libra libanesa'),('LBP','fr','livre libanaise'),('LBP','it','Sterlina Libanese'),('LKR','de','Sri-Lanka-Rupie'),('LKR','en','Sri Lankan Rupee'),('LKR','es','rupia de Sri Lanka'),('LKR','fr','roupie srilankaise'),('LKR','it','Rupia di Sri Lanka'),('LRD','de','Liberianischer Dollar'),('LRD','en','Liberian Dollar'),('LRD','es','dólar liberiano'),('LRD','fr','dollar libérien'),('LRD','it','Dollaro Liberiano'),('LSL','de','Loti'),('LSL','en','Lesotho Loti'),('LSL','es',''),('LSL','fr','loti lesothan'),('LSL','it',''),('LTL','de','Litauischer Litas'),('LTL','en','Lithuanian Litas'),('LTL','es','litas lituano'),('LTL','fr','litas lituanien'),('LTL','it','Lita Lituana'),('LTT','de','Litauischer Talonas'),('LTT','en','Lithuanian Talonas'),('LTT','es','talonas lituano'),('LTT','fr','talonas lituanien'),('LTT','it',''),('LUC','de','Luxemburgischer Franc (konvertibel)'),('LUC','en','Luxembourgian Convertible Franc'),('LUC','es','franco convertible luxemburgués'),('LUC','fr','franc convertible luxembourgeois'),('LUC','it',''),('LUF','de','Luxemburgischer Franc'),('LUF','en','Luxembourgian Franc'),('LUF','es','franco luxemburgués'),('LUF','fr','franc luxembourgeois'),('LUF','it',''),('LUL','de','Luxemburgischer Finanz-Franc'),('LUL','en','Luxembourg Financial Franc'),('LUL','es','franco financiero luxemburgués'),('LUL','fr','franc financier luxembourgeois'),('LUL','it',''),('LVL','de','Lettischer Lats'),('LVL','en','Latvian Lats'),('LVL','es','lats letón'),('LVL','fr','lats letton'),('LVL','it','Lat Lettone'),('LVR','de','Lettischer Rubel'),('LVR','en','Latvian Ruble'),('LVR','es','rublo letón'),('LVR','fr','rouble letton'),('LVR','it',''),('LYD','de','Libyscher Dinar'),('LYD','en','Libyan Dinar'),('LYD','es','dinar libio'),('LYD','fr','dinar lybien'),('LYD','it','Dinaro Libico'),('MAD','de','Marokkanischer Dirham'),('MAD','en','Moroccan Dirham'),('MAD','es','dirham marroquí'),('MAD','fr','dirham marocain'),('MAD','it','Dirham Marocchino'),('MAF','de','Marokkanischer Franc'),('MAF','en','Moroccan Franc'),('MAF','es','franco marroquí'),('MAF','fr','franc marocain'),('MAF','it',''),('MCF','en','Monegasque Franc'),('MDC','en','Moldovan Cupon'),('MDL','de','Moldau-Leu'),('MDL','en','Moldovan Leu'),('MDL','es','leu moldavo'),('MDL','fr','leu moldave'),('MDL','it','Leu Moldavo'),('MGA','de','Madagaskar-Ariary'),('MGA','en','Malagasy Ariary'),('MGA','es','ariary malgache'),('MGA','fr','ariary malgache'),('MGA','it','Ariary Malgascio'),('MGF','de','Madagaskar-Franc'),('MGF','en','Malagasy Franc'),('MGF','es',''),('MGF','fr','franc malgache'),('MGF','it',''),('MKD','de','Mazedonischer Denar'),('MKD','en','Macedonian Denar'),('MKD','es','dinar macedonio'),('MKD','fr','denar macédonien'),('MKD','it','Dinaro Macedone'),('MLF','de','Malischer Franc'),('MLF','en','Malian Franc'),('MLF','es',''),('MLF','fr','franc malien'),('MLF','it',''),('MMK','de','Myanmarischer Kyat'),('MMK','en','Myanma Kyat'),('MMK','es','kyat de Myanmar'),('MMK','fr','kyat myanmarais'),('MMK','it','Kyat di Myanmar'),('MNT','de','Mongolischer Tögrög'),('MNT','en','Mongolian Tugrik'),('MNT','es','tugrik mongol'),('MNT','fr','tugrik mongol'),('MNT','it','Tugrik Mongolo'),('MOP','de','Macao-Pataca'),('MOP','en','Macanese Pataca'),('MOP','es','pataca de Macao'),('MOP','fr','pataca macanaise'),('MOP','it','Pataca di Macao'),('MRO','de','Mauretanischer Ouguiya'),('MRO','en','Mauritanian Ouguiya'),('MRO','es','ouguiya mauritano'),('MRO','fr','ouguiya mauritanien'),('MRO','it','Ouguiya della Mauritania'),('MTL','de','Maltesische Lira'),('MTL','en','Maltese Lira'),('MTL','es','lira maltesa'),('MTL','fr','lire maltaise'),('MTL','it',''),('MTP','de','Maltesisches Pfund'),('MTP','en','Maltese Pound'),('MTP','es','libra maltesa'),('MTP','fr','livre maltaise'),('MTP','it',''),('MUR','de','Mauritius-Rupie'),('MUR','en','Mauritian Rupee'),('MUR','es','rupia mauriciana'),('MUR','fr','roupie mauricienne'),('MUR','it','Rupia Mauriziana'),('MVP','en','Maldivian Rupee'),('MVR','de','Malediven-Rupie'),('MVR','en','Maldivian Rufiyaa'),('MVR','es','rufiyaa de Maldivas'),('MVR','fr','rufiyaa maldivien'),('MVR','it',''),('MWK','de','Malawi-Kwacha'),('MWK','en','Malawian Kwacha'),('MWK','es','kwacha de Malawi'),('MWK','fr','kwacha malawite'),('MWK','it','Kwacha Malawiano'),('MXN','de','Mexikanischer Peso'),('MXN','en','Mexican Peso'),('MXN','es','peso mexicano'),('MXN','fr','peso mexicain'),('MXN','it','Peso Messicano'),('MXP','de','Mexikanischer Silber-Peso (1861-1992)'),('MXP','en','Mexican Silver Peso (1861-1992)'),('MXP','es','peso de plata mexicano (1861-1992)'),('MXP','fr','peso d’argent mexicain (1861–1992)'),('MXP','it',''),('MXV','de','Mexicanischer Unidad de Inversion (UDI)'),('MXV','en','Mexican Investment Unit'),('MXV','es','unidad de inversión (UDI) mexicana'),('MXV','fr','unité de conversion mexicaine (UDI)'),('MXV','it',''),('MYR','de','Malaysischer Ringgit'),('MYR','en','Malaysian Ringgit'),('MYR','es','ringgit malasio'),('MYR','fr','ringgit malais'),('MYR','it','Ringgit della Malesia'),('MZE','de','Mosambikanischer Escudo'),('MZE','en','Mozambican Escudo'),('MZE','es','escudo mozambiqueño'),('MZE','fr','escudo mozambicain'),('MZE','it',''),('MZM','es',''),('MZM','fr','métical'),('MZN','de','Mosambikanischer Metical'),('MZN','en','Mozambican Metical'),('MZN','es','metical mozambiqueño'),('MZN','fr','metical mozambicain'),('MZN','it','Metical mozambicano'),('NAD','de','Namibia-Dollar'),('NAD','en','Namibian Dollar'),('NAD','es','dólar de Namibia'),('NAD','fr','dollar namibien'),('NAD','it','Dollaro Namibiano'),('NGN','de','Nigerianischer Naira'),('NGN','en','Nigerian Naira'),('NGN','es','naira nigeriano'),('NGN','fr','naira nigérian'),('NGN','it','Naira Nigeriana'),('NIC','fr','cordoba'),('NIC','it','Cordoba Nicaraguense'),('NIO','de','Nicaragua-Cordoba'),('NIO','en','Nicaraguan Córdoba'),('NIO','es','córdoba nicaragüense'),('NIO','fr','córdoba oro nicaraguayen'),('NIO','it','Córdoba oro nicaraguense'),('NLG','de','Niederländischer Gulden'),('NLG','en','Dutch Guilder'),('NLG','es','florín neerlandés'),('NLG','fr','florin néerlandais'),('NLG','it',''),('NOK','de','Norwegische Krone'),('NOK','en','Norwegian Krone'),('NOK','es','corona noruega'),('NOK','fr','couronne norvégienne'),('NOK','it','Corona Norvegese'),('NPR','de','Nepalesische Rupie'),('NPR','en','Nepalese Rupee'),('NPR','es','rupia nepalesa'),('NPR','fr','roupie népalaise'),('NPR','it','Rupia Nepalese'),('NZD','de','Neuseeland-Dollar'),('NZD','en','New Zealand Dollar'),('NZD','es','dólar neozelandés'),('NZD','fr','dollar néo-zélandais'),('NZD','it','Dollaro Neozelandese'),('OMR','de','Omanischer Rial'),('OMR','en','Omani Rial'),('OMR','es','rial omaní'),('OMR','fr','rial omanais'),('OMR','it','Rial Omanita'),('PAB','de','Panamaischer Balboa'),('PAB','en','Panamanian Balboa'),('PAB','es','balboa panameño'),('PAB','fr','balboa panaméen'),('PAB','it','Balboa di Panama'),('PEI','de','Peruanischer Inti'),('PEI','en','Peruvian Inti'),('PEI','es','inti peruano'),('PEI','fr','inti péruvien'),('PEI','it',''),('PEN','de','Peruanischer Neuer Sol'),('PEN','en','Peruvian Nuevo Sol'),('PEN','es','nuevo sol peruano'),('PEN','fr','nouveau sol péruvien'),('PEN','it','Sol Nuevo Peruviano'),('PES','de','Peruanischer Sol (1863-1965)'),('PES','en','Peruvian Sol (1863-1965)'),('PES','es','sol peruano'),('PES','fr','sol péruvien'),('PES','it',''),('PGK','de','Papua-Neuguineischer Kina'),('PGK','en','Papua New Guinean Kina'),('PGK','es','kina de Papúa Nueva Guinea'),('PGK','fr','kina papouan-néo-guinéen'),('PGK','it','Kina della Papua Nuova Guinea'),('PHP','de','Philippinischer Peso'),('PHP','en','Philippine Peso'),('PHP','es','peso filipino'),('PHP','fr','peso philippin'),('PHP','it','Peso delle Filippine'),('PKR','de','Pakistanische Rupie'),('PKR','en','Pakistani Rupee'),('PKR','es','rupia pakistaní'),('PKR','fr','roupie pakistanaise'),('PKR','it','Rupia del Pakistan'),('PLN','de','Polnischer Złoty'),('PLN','en','Polish Zloty'),('PLN','es','zloty polaco'),('PLN','fr','zloty polonais'),('PLN','it','Zloty Polacco'),('PLZ','it',''),('PTE','de','Portugiesischer Escudo'),('PTE','en','Portuguese Escudo'),('PTE','es','escudo portugués'),('PTE','fr','escudo portugais'),('PTE','it',''),('PYG','de','Paraguayischer Guaraní'),('PYG','en','Paraguayan Guarani'),('PYG','es','guaraní paraguayo'),('PYG','fr','guaraní paraguayen'),('PYG','it','Guarani del Paraguay'),('QAR','de','Katar-Riyal'),('QAR','en','Qatari Rial'),('QAR','es','riyal de Qatar'),('QAR','fr','rial qatari'),('QAR','it','Rial del Qatar'),('RHD','de','Rhodesischer Dollar'),('RHD','en','Rhodesian Dollar'),('RHD','es',''),('RHD','fr','dollar rhodésien'),('RHD','it',''),('ROL','es','antiguo leu rumano'),('ROL','fr','ancien leu roumain'),('ROL','it',''),('RON','de','Rumänischer Leu'),('RON','en','Romanian Leu'),('RON','es','leu rumano'),('RON','fr','leu roumain'),('RON','it','Leu Rumeno'),('RSD','de','Serbischer Dinar'),('RSD','en','Serbian Dinar'),('RSD','es','dinar serbio'),('RSD','fr','dinar serbe'),('RSD','it','Dinaro Serbo'),('RUB','de','Russischer Rubel'),('RUB','en','Russian Ruble'),('RUB','es','rublo ruso'),('RUB','fr','rouble russe'),('RUB','it','Rublo Russo'),('RUR','it',''),('RWF','de','Ruanda-Franc'),('RWF','en','Rwandan Franc'),('RWF','es','franco ruandés'),('RWF','fr','franc rwandais'),('RWF','it','Franco Ruandese'),('SAR','de','Saudi-Rial'),('SAR','en','Saudi Riyal'),('SAR','es','riyal saudí'),('SAR','fr','rial saoudien'),('SAR','it','Ryal Saudita'),('SBD','de','Salomonen-Dollar'),('SBD','en','Solomon Islands Dollar'),('SBD','es','dólar de las Islas Salomón'),('SBD','fr','dollar des îles Salomon'),('SBD','it','Dollaro delle Isole Solomon'),('SCR','de','Seychellen-Rupie'),('SCR','en','Seychellois Rupee'),('SCR','es','rupia de Seychelles'),('SCR','fr','roupie des Seychelles'),('SCR','it','Rupia delle Seychelles'),('SDD','es','dinar sudanés'),('SDD','fr','dinar soudanais'),('SDD','it',''),('SDG','de','Sudanesisches Pfund'),('SDG','en','Sudanese Pound'),('SDG','es','libra sudanesa'),('SDG','fr','livre soudanaise'),('SDG','it','Sterlina Sudanese'),('SDP','es','libra sudanesa antigua'),('SEK','de','Schwedische Krone'),('SEK','en','Swedish Krona'),('SEK','es','corona sueca'),('SEK','fr','couronne suédoise'),('SEK','it','Corona Svedese'),('SGD','de','Singapur-Dollar'),('SGD','en','Singapore Dollar'),('SGD','es','dólar singapurense'),('SGD','fr','dollar de Singapour'),('SGD','it','Dollaro di Singapore'),('SHP','de','St. Helena-Pfund'),('SHP','en','Saint Helena Pound'),('SHP','es','libra de Santa Elena'),('SHP','fr','livre de Sainte-Hélène'),('SHP','it','Sterlina di Sant’Elena'),('SIT','de','Slowenischer Tolar'),('SIT','en','Slovenian Tolar'),('SIT','es','tólar esloveno'),('SIT','fr','tolar slovène'),('SIT','it',''),('SKK','de','Slowakische Krone'),('SKK','en','Slovak Koruna'),('SKK','es','corona eslovaca'),('SKK','fr','couronne slovaque'),('SKK','it',''),('SLL','de','Sierra-leonischer Leone'),('SLL','en','Sierra Leonean Leone'),('SLL','es','leone de Sierra Leona'),('SLL','fr','leone sierra-léonais'),('SLL','it','Leone della Sierra Leone'),('SOS','de','Somalia-Schilling'),('SOS','en','Somali Shilling'),('SOS','es','chelín somalí'),('SOS','fr','shilling somalien'),('SOS','it','Scellino Somalo'),('SRD','de','Surinamischer Dollar'),('SRD','en','Surinamese Dollar'),('SRD','es','dólar surinamés'),('SRD','fr','dollar surinamais'),('SRD','it','Dollaro Surinamese'),('SRG','de','Suriname Gulden'),('SRG','en','Surinamese Guilder'),('SRG','es',''),('SRG','fr','florin surinamais'),('SRG','it',''),('SSP','de','Südsudanesisches Pfund'),('SSP','en','South Sudanese Pound'),('SSP','es','libra sursudanesa'),('SSP','fr','livre sud-soudanaise'),('SSP','it','Sterlina sudsudanese'),('STD','de','São-toméischer Dobra'),('STD','en','São Tomé and Príncipe Dobra'),('STD','es','dobra de Santo Tomé y Príncipe'),('STD','fr','dobra santoméen'),('STD','it','Dobra di Sao Tomé e Principe'),('SUR','de','Sowjetischer Rubel'),('SUR','en','Soviet Rouble'),('SUR','es','rublo soviético'),('SUR','fr','rouble soviétique'),('SUR','it',''),('SVC','de','El Salvador Colon'),('SVC','en','Salvadoran Colón'),('SVC','es','colón salvadoreño'),('SVC','fr','colón salvadorien'),('SVC','it',''),('SYP','de','Syrisches Pfund'),('SYP','en','Syrian Pound'),('SYP','es','libra siria'),('SYP','fr','livre syrienne'),('SYP','it','Sterlina Siriana'),('SZL','de','Swasiländischer Lilangeni'),('SZL','en','Swazi Lilangeni'),('SZL','es','lilangeni suazi'),('SZL','fr','lilangeni swazi'),('SZL','it','Lilangeni dello Swaziland'),('THB','de','Thailändischer Baht'),('THB','en','Thai Baht'),('THB','es','baht tailandés'),('THB','fr','baht thaïlandais'),('THB','it','Baht Tailandese'),('TJR','de','Tadschikistan Rubel'),('TJR','en','Tajikistani Ruble'),('TJR','es',''),('TJR','fr','rouble tadjik'),('TJR','it',''),('TJS','de','Tadschikistan-Somoni'),('TJS','en','Tajikistani Somoni'),('TJS','es','somoni tayiko'),('TJS','fr','somoni tadjik'),('TJS','it','Somoni del Tajikistan'),('TMM','fr','manat turkmène'),('TMM','it',''),('TMT','de','Turkmenistan-Manat'),('TMT','en','Turkmenistani Manat'),('TMT','es','manat turcomano'),('TMT','fr','nouveau manat turkmène'),('TMT','it','Manat Turkmeno'),('TND','de','Tunesischer Dinar'),('TND','en','Tunisian Dinar'),('TND','es','dinar tunecino'),('TND','fr','dinar tunisien'),('TND','it','Dinaro Tunisino'),('TOP','de','Tongaischer Paʻanga'),('TOP','en','Tongan Paʻanga'),('TOP','es','paʻanga tongano'),('TOP','fr','pa’anga tongan'),('TOP','it','Paʻanga di Tonga'),('TPE','de','Timor-Escudo'),('TPE','en','Timorese Escudo'),('TPE','es',''),('TPE','fr','escudo timorais'),('TPE','it',''),('TRL','fr','livre turque (1844-2005)'),('TRL','it','Lira Turca'),('TRY','de','Türkische Lira'),('TRY','en','Turkish Lira'),('TRY','es','lira turca'),('TRY','fr','livre turque'),('TRY','it','Nuova Lira Turca'),('TTD','de','Trinidad und Tobago-Dollar'),('TTD','en','Trinidad and Tobago Dollar'),('TTD','es','dólar de Trinidad y Tobago'),('TTD','fr','dollar de Trinité-et-Tobago'),('TTD','it','Dollaro di Trinidad e Tobago'),('TWD','de','Neuer Taiwan-Dollar'),('TWD','en','New Taiwan Dollar'),('TWD','es','nuevo dólar taiwanés'),('TWD','fr','nouveau dollar taïwanais'),('TWD','it','Nuovo dollaro taiwanese'),('TZS','de','Tansania-Schilling'),('TZS','en','Tanzanian Shilling'),('TZS','es','chelín tanzano'),('TZS','fr','shilling tanzanien'),('TZS','it','Scellino della Tanzania'),('UAH','de','Ukrainische Hrywnja'),('UAH','en','Ukrainian Hryvnia'),('UAH','es','grivna ucraniana'),('UAH','fr','hryvnia ukrainienne'),('UAH','it','Grivnia Ucraina'),('UAK','de','Ukrainischer Karbovanetz'),('UAK','en','Ukrainian Karbovanets'),('UAK','es','karbovanet ucraniano'),('UAK','fr','karbovanetz'),('UAK','it',''),('UGS','es',''),('UGS','it',''),('UGX','de','Uganda-Schilling'),('UGX','en','Ugandan Shilling'),('UGX','es','chelín ugandés'),('UGX','fr','shilling ougandais'),('UGX','it','Scellino Ugandese'),('USD','de','US-Dollar'),('USD','en','US Dollar'),('USD','es','dólar estadounidense'),('USD','fr','dollar des États-Unis'),('USD','it','Dollaro Statunitense'),('USN','de','US Dollar (Nächster Tag)'),('USN','en','US Dollar (Next day)'),('USN','es','dólar estadounidense (día siguiente)'),('USN','fr','dollar des Etats-Unis (jour suivant)'),('USN','it',''),('USS','de','US Dollar (Gleicher Tag)'),('USS','en','US Dollar (Same day)'),('USS','es','dólar estadounidense (mismo día)'),('USS','fr','dollar des Etats-Unis (jour même)'),('USS','it',''),('UYI','en','Uruguayan Peso (Indexed Units)'),('UYI','es','peso uruguayo en unidades indexadas'),('UYI','fr','peso uruguayen (unités indexées)'),('UYI','it',''),('UYP','it',''),('UYU','de','Uruguayischer Peso'),('UYU','en','Uruguayan Peso'),('UYU','es','peso uruguayo'),('UYU','fr','peso uruguayen'),('UYU','it','Peso Uruguaiano'),('UZS','de','Usbekistan-Sum'),('UZS','en','Uzbekistan Som'),('UZS','es','sum uzbeko'),('UZS','fr','sum ouzbek'),('UZS','it','Sum dell’Uzbekistan'),('VEB','de','Venezolanischer Bolívar (1871-2008)'),('VEB','en','Venezuelan Bolívar (1871-2008)'),('VEB','es','bolívar venezolano (1871-2008)'),('VEB','fr','bolivar'),('VEB','it','Bolivar Venezuelano'),('VEF','de','Venezolanischer Bolívar'),('VEF','en','Venezuelan Bolívar'),('VEF','es','bolívar venezolano'),('VEF','fr','bolivar fuerte vénézuélien'),('VEF','it','Bolívar venezuelano forte'),('VND','de','Vietnamesischer Dong'),('VND','en','Vietnamese Dong'),('VND','es','dong vietnamita'),('VND','fr','dông vietnamien'),('VND','it','Dong Vietnamita'),('VUV','de','Vanuatu-Vatu'),('VUV','en','Vanuatu Vatu'),('VUV','es','vatu vanuatuense'),('VUV','fr','vatu vanuatuan'),('VUV','it','Vatu di Vanuatu'),('WST','de','Samoanischer Tala'),('WST','en','Samoan Tala'),('WST','es','tala samoano'),('WST','fr','tala samoan'),('WST','it','Tala della Samoa Occidentale'),('XAF','de','CFA-Franc (BEAC)'),('XAF','en','CFA Franc BEAC'),('XAF','es','franco CFA BEAC'),('XAF','fr','franc CFA (BEAC)'),('XAF','it','Franco CFA BEAC'),('XAG','de','Unze Silber'),('XAG','en','Silver'),('XAG','es','plata'),('XAG','fr','argent'),('XAG','it',''),('XAU','de','Unze Gold'),('XAU','en','Gold'),('XAU','es','oro'),('XAU','fr','or'),('XAU','it',''),('XBA','de','Europäische Rechnungseinheit'),('XBA','en','European Composite Unit'),('XBA','es','unidad compuesta europea'),('XBA','fr','unité européenne composée'),('XBA','it',''),('XBB','de','Europäische Währungseinheit (XBB)'),('XBB','en','European Monetary Unit'),('XBB','es','unidad monetaria europea'),('XBB','fr','unité monétaire européenne'),('XBB','it',''),('XBC','de','Europäische Rechnungseinheit (XBC)'),('XBC','en','European Unit of Account (XBC)'),('XBC','es','unidad de cuenta europea (XBC)'),('XBC','fr','unité de compte européenne (XBC)'),('XBC','it',''),('XBD','de','Europäische Rechnungseinheit (XBD)'),('XBD','en','European Unit of Account (XBD)'),('XBD','es','unidad de cuenta europea (XBD)'),('XBD','fr','unité de compte européenne (XBD)'),('XBD','it',''),('XCD','de','Ostkaribischer Dollar'),('XCD','en','East Caribbean Dollar'),('XCD','es','dólar del Caribe Oriental'),('XCD','fr','dollar des Caraïbes orientales'),('XCD','it','Dollaro dei Caraibi Orientali'),('XDR','de','Sonderziehungsrechte'),('XDR','en','Special Drawing Rights'),('XDR','es',''),('XDR','fr','droit de tirage spécial'),('XDR','it',''),('XEU','de','Europäische Währungseinheit (XEU)'),('XEU','en','European Currency Unit'),('XEU','es','unidad de moneda europea'),('XEU','fr','unité de compte européenne (ECU)'),('XFO','de','Französischer Gold-Franc'),('XFO','en','French Gold Franc'),('XFO','es','franco oro francés'),('XFO','fr','franc or'),('XFO','it',''),('XFU','de','Französischer UIC-Franc'),('XFU','en','French UIC-Franc'),('XFU','es','franco UIC francés'),('XFU','fr','franc UIC'),('XFU','it',''),('XOF','de','CFA-Franc (BCEAO)'),('XOF','en','CFA Franc BCEAO'),('XOF','es','franco CFA BCEAO'),('XOF','fr','franc CFA (BCEAO)'),('XOF','it','Franco CFA BCEAO'),('XPD','de','Unze Palladium'),('XPD','en','Palladium'),('XPD','es','paladio'),('XPD','fr','palladium'),('XPD','it',''),('XPF','de','CFP-Franc'),('XPF','en','CFP Franc'),('XPF','es','franco CFP'),('XPF','fr','franc CFP'),('XPF','it','Franco CFP'),('XPT','de','Unze Platin'),('XPT','en','Platinum'),('XPT','es','platino'),('XPT','fr','platine'),('XPT','it',''),('XRE','de','RINET Funds'),('XRE','en','RINET Funds'),('XRE','es',''),('XRE','fr','type de fonds RINET'),('XRE','it',''),('XSU','en','Sucre'),('XTS','de','Testwährung'),('XTS','en','Testing Currency Code'),('XTS','es',''),('XTS','fr','(devise de test)'),('XTS','it',''),('XUA','en','ADB Unit of Account'),('XXX','de','Unbekannte Währung'),('XXX','en','Unknown Currency'),('XXX','es','divisa desconocida'),('XXX','fr','devise inconnue ou non valide'),('XXX','it','Nessuna valuta'),('YDD','de','Jemen-Dinar'),('YDD','en','Yemeni Dinar'),('YDD','es',''),('YDD','fr','dinar du Yémen'),('YDD','it',''),('YER','de','Jemen-Rial'),('YER','en','Yemeni Rial'),('YER','es','rial yemení'),('YER','fr','rial yéménite'),('YER','it','Rial dello Yemen'),('YUD','es',''),('YUD','fr','nouveau dinar yougoslave'),('YUD','it',''),('YUM','es',''),('YUM','fr','dinar yougoslave Noviy'),('YUM','it',''),('YUN','de','Jugoslawischer Dinar (konvertibel)'),('YUN','es','dinar convertible yugoslavo'),('YUN','fr','dinar yougoslave convertible'),('YUN','it',''),('ZAL','de','Südafrikanischer Rand (Finanz)'),('ZAL','en','South African Rand (financial)'),('ZAL','es',''),('ZAL','fr','rand sud-africain (financier)'),('ZAL','it',''),('ZAR','de','Südafrikanischer Rand'),('ZAR','en','South African Rand'),('ZAR','es','rand sudafricano'),('ZAR','fr','rand sud-africain'),('ZAR','it','Rand Sudafricano'),('ZMK','de','Kwacha'),('ZMK','en','Zambian Kwacha'),('ZMK','es','kwacha zambiano'),('ZMK','fr','kwacha zambien'),('ZMK','it','Kwacha dello Zambia'),('ZRN','es',''),('ZRN','fr','nouveau zaïre zaïrien'),('ZRN','it',''),('ZRZ','es',''),('ZRZ','fr','zaïre zaïrois'),('ZRZ','it',''),('ZWD','es',''),('ZWD','fr','dollar zimbabwéen'),('ZWD','it',''),('ZWL','de','Simbabwe-Dollar (2009)'),('ZWL','en','Zimbabwean Dollar (2009)'),('ZWL','es',''),('ZWL','fr','dollar zimbabwéen (2009)'),('ZWL','it',''),('ZWR','de','Simbabwe-Dollar (2008)'),('ZWR','en','Zimbabwean Dollar (2008)'),('ZWR','fr','dollar zimbabwéen (2008)');
/*!40000 ALTER TABLE `core_intl_currency_names` ENABLE KEYS */;
UNLOCK TABLES;

--
-- Table structure for table `core_intl_language`
--

DROP TABLE IF EXISTS `core_intl_language`;
/*!40101 SET @saved_cs_client     = @@character_set_client */;
/*!40101 SET character_set_client = utf8 */;
CREATE TABLE `core_intl_language` (
  `id` varchar(2) NOT NULL,
  `core_intl_country_ID` varchar(2) NOT NULL,
  PRIMARY KEY (`id`,`core_intl_country_ID`)
) ENGINE=InnoDB DEFAULT CHARSET=utf8;
/*!40101 SET character_set_client = @saved_cs_client */;

--
-- Dumping data for table `core_intl_language`
--

LOCK TABLES `core_intl_language` WRITE;
/*!40000 ALTER TABLE `core_intl_language` DISABLE KEYS */;
INSERT INTO `core_intl_language` VALUES ('aa',''),('aa','DJ'),('aa','ER'),('aa','ET'),('af',''),('af','NA'),('af','ZA'),('ak',''),('ak','GH'),('am',''),('am','ET'),('ar',''),('ar','AE'),('ar','BH'),('ar','DJ'),('ar','DZ'),('ar','EG'),('ar','EH'),('ar','ER'),('ar','IL'),('ar','IQ'),('ar','JO'),('ar','KM'),('ar','KW'),('ar','LB'),('ar','LY'),('ar','MA'),('ar','MR'),('ar','OM'),('ar','PS'),('ar','QA'),('ar','SA'),('ar','SD'),('ar','SO'),('ar','SY'),('ar','TD'),('ar','TN'),('ar','YE'),('as',''),('as','IN'),('az',''),('be',''),('be','BY'),('bg',''),('bg','BG'),('bm',''),('bm','ML'),('bn',''),('bn','BD'),('bn','IN'),('bo',''),('bo','CN'),('bo','IN'),('br',''),('br','FR'),('bs',''),('ca',''),('ca','AD'),('ca','ES'),('cs',''),('cs','CZ'),('cy',''),('cy','GB'),('da',''),('da','DK'),('de',''),('de','AT'),('de','BE'),('de','CH'),('de','DE'),('de','LI'),('de','LU'),('dz',''),('dz','BT'),('ee',''),('ee','GH'),('ee','TG'),('el',''),('el','CY'),('el','GR'),('en',''),('en','AG'),('en','AS'),('en','AU'),('en','BB'),('en','BE'),('en','BM'),('en','BS'),('en','BW'),('en','BZ'),('en','CA'),('en','CM'),('en','DM'),('en','FJ'),('en','FM'),('en','GB'),('en','GD'),('en','GG'),('en','GH'),('en','GI'),('en','GM'),('en','GU'),('en','GY'),('en','HK'),('en','IE'),('en','IM'),('en','IN'),('en','JE'),('en','JM'),('en','KE'),('en','KI'),('en','KN'),('en','KY'),('en','LC'),('en','LR'),('en','LS'),('en','MG'),('en','MH'),('en','MP'),('en','MT'),('en','MU'),('en','MW'),('en','NA'),('en','NG'),('en','NZ'),('en','PG'),('en','PH'),('en','PK'),('en','PR'),('en','PW'),('en','SB'),('en','SC'),('en','SG'),('en','SL'),('en','SS'),('en','SZ'),('en','TC'),('en','TO'),('en','TT'),('en','TZ'),('en','UG'),('en','UM'),('en','US'),('en','VC'),('en','VG'),('en','VI'),('en','VU'),('en','WS'),('en','ZA'),('en','ZM'),('en','ZW'),('eo',''),('es',''),('es','AR'),('es','BO'),('es','CL'),('es','CO'),('es','CR'),('es','CU'),('es','DO'),('es','EA'),('es','EC'),('es','ES'),('es','GQ'),('es','GT'),('es','HN'),('es','IC'),('es','MX'),('es','NI'),('es','PA'),('es','PE'),('es','PH'),('es','PR'),('es','PY'),('es','SV'),('es','US'),('es','UY'),('es','VE'),('et',''),('et','EE'),('eu',''),('eu','ES'),('fa',''),('fa','AF'),('fa','IR'),('ff',''),('ff','SN'),('fi',''),('fi','FI'),('fo',''),('fo','FO'),('fr',''),('fr','BE'),('fr','BF'),('fr','BI'),('fr','BJ'),('fr','BL'),('fr','CA'),('fr','CD'),('fr','CF'),('fr','CG'),('fr','CH'),('fr','CI'),('fr','CM'),('fr','DJ'),('fr','DZ'),('fr','FR'),('fr','GA'),('fr','GF'),('fr','GN'),('fr','GP'),('fr','GQ'),('fr','HT'),('fr','KM'),('fr','LU'),('fr','MA'),('fr','MC'),('fr','MF'),('fr','MG'),('fr','ML'),('fr','MQ'),('fr','MR'),('fr','MU'),('fr','NC'),('fr','NE'),('fr','PF'),('fr','RE'),('fr','RW'),('fr','SC'),('fr','SN'),('fr','SY'),('fr','TD'),('fr','TG'),('fr','TN'),('fr','VU'),('fr','YT'),('ga',''),('ga','IE'),('gd',''),('gd','GB'),('gl',''),('gl','ES'),('gu',''),('gu','IN'),('gv',''),('gv','GB'),('ha',''),('he',''),('he','IL'),('hi',''),('hi','IN'),('hr',''),('hr','BA'),('hr','HR'),('hu',''),('hu','HU'),('hy',''),('hy','AM'),('ia',''),('id',''),('id','ID'),('ig',''),('ig','NG'),('ii',''),('ii','CN'),('is',''),('is','IS'),('it',''),('it','CH'),('it','IT'),('it','SM'),('ja',''),('ja','JP'),('ka',''),('ka','GE'),('ki',''),('ki','KE'),('kk',''),('kl',''),('kl','GL'),('km',''),('km','KH'),('kn',''),('kn','IN'),('ko',''),('ko','KP'),('ko','KR'),('ks',''),('kw',''),('kw','GB'),('ky',''),('ky','KG'),('lg',''),('lg','UG'),('ln',''),('ln','AO'),('ln','CD'),('ln','CF'),('ln','CG'),('lo',''),('lo','LA'),('lt',''),('lt','LT'),('lu',''),('lu','CD'),('lv',''),('lv','LV'),('mg',''),('mg','MG'),('mk',''),('mk','MK'),('ml',''),('ml','IN'),('mr',''),('mr','IN'),('ms',''),('ms','BN'),('ms','MY'),('ms','SG'),('mt',''),('mt','MT'),('my',''),('my','MM'),('nb',''),('nb','NO'),('nd',''),('nd','ZW'),('ne',''),('ne','IN'),('ne','NP'),('nl',''),('nl','AW'),('nl','BE'),('nl','CW'),('nl','NL'),('nl','SR'),('nl','SX'),('nn',''),('nn','NO'),('nr',''),('nr','ZA'),('om',''),('om','ET'),('om','KE'),('or',''),('or','IN'),('os',''),('os','GE'),('os','RU'),('pa',''),('pl',''),('pl','PL'),('ps',''),('ps','AF'),('pt',''),('pt','AO'),('pt','BR'),('pt','CV'),('pt','GW'),('pt','MO'),('pt','MZ'),('pt','PT'),('pt','ST'),('pt','TL'),('rm',''),('rm','CH'),('rn',''),('rn','BI'),('ro',''),('ro','MD'),('ro','RO'),('ru',''),('ru','BY'),('ru','KG'),('ru','KZ'),('ru','MD'),('ru','RU'),('ru','UA'),('rw',''),('rw','RW'),('se',''),('se','FI'),('se','NO'),('sg',''),('sg','CF'),('si',''),('si','LK'),('sk',''),('sk','SK'),('sl',''),('sl','SI'),('sn',''),('sn','ZW'),('so',''),('so','DJ'),('so','ET'),('so','KE'),('so','SO'),('sq',''),('sq','AL'),('sq','MK'),('sr',''),('ss',''),('ss','SZ'),('ss','ZA'),('st',''),('st','LS'),('st','ZA'),('sv',''),('sv','AX'),('sv','FI'),('sv','SE'),('sw',''),('sw','KE'),('sw','TZ'),('sw','UG'),('ta',''),('ta','IN'),('ta','LK'),('ta','MY'),('ta','SG'),('te',''),('te','IN'),('tg',''),('th',''),('th','TH'),('ti',''),('ti','ER'),('ti','ET'),('tn',''),('tn','BW'),('tn','ZA'),('to',''),('to','TO'),('tr',''),('tr','CY'),('tr','TR'),('ts',''),('ts','ZA'),('uk',''),('uk','UA'),('ur',''),('ur','IN'),('ur','PK'),('uz',''),('ve',''),('ve','ZA'),('vi',''),('vi','VN'),('vo',''),('xh',''),('xh','ZA'),('yo',''),('yo','NG'),('zh',''),('zu',''),('zu','ZA');
/*!40000 ALTER TABLE `core_intl_language` ENABLE KEYS */;
UNLOCK TABLES;

--
-- Table structure for table `core_intl_language_names`
--

DROP TABLE IF EXISTS `core_intl_language_names`;
/*!40101 SET @saved_cs_client     = @@character_set_client */;
/*!40101 SET character_set_client = utf8 */;
CREATE TABLE `core_intl_language_names` (
  `core_intl_language_ID` varchar(2) NOT NULL,
  `language_name_language` varchar(2) NOT NULL,
  `language_name` varchar(127) NOT NULL,
  PRIMARY KEY (`core_intl_language_ID`,`language_name_language`)
) ENGINE=InnoDB DEFAULT CHARSET=utf8;
/*!40101 SET character_set_client = @saved_cs_client */;

--
-- Dumping data for table `core_intl_language_names`
--

LOCK TABLES `core_intl_language_names` WRITE;
/*!40000 ALTER TABLE `core_intl_language_names` DISABLE KEYS */;
INSERT INTO `core_intl_language_names` VALUES ('aa','de','Afar'),('aa','en','Afar'),('aa','es','afar'),('aa','fr','afar'),('aa','it','afar'),('ab','de','Abchasisch'),('ab','en','Abkhazian'),('ab','es','abjasio'),('ab','fr','abkhaze'),('ab','it','abkhazian'),('ae','de','Avestisch'),('ae','en','Avestan'),('ae','es','avéstico'),('ae','fr','avestique'),('ae','it','avestan'),('af','de','Afrikaans'),('af','en','Afrikaans'),('af','es','afrikaans'),('af','fr','afrikaans'),('af','it','afrikaans'),('ak','de','Akan'),('ak','en','Akan'),('ak','es','akan'),('ak','fr','akan'),('ak','it','akan'),('am','de','Amharisch'),('am','en','Amharic'),('am','es','amárico'),('am','fr','amharique'),('am','it','amarico'),('an','de','Aragonesisch'),('an','en','Aragonese'),('an','es','aragonés'),('an','fr','aragonais'),('an','it','aragonese'),('ar','de','Arabisch'),('ar','en','Arabic'),('ar','es','árabe'),('ar','fr','arabe'),('ar','it','arabo'),('as','de','Assamesisch'),('as','en','Assamese'),('as','es','asamés'),('as','fr','assamais'),('as','it','assamese'),('av','de','Awarisch'),('av','en','Avaric'),('av','es','avar'),('av','fr','avar'),('av','it','avaro'),('ay','de','Aymara'),('ay','en','Aymara'),('ay','es','aimara'),('ay','fr','aymara'),('ay','it','aymara'),('az','de','Aserbaidschanisch'),('az','en','Azerbaijani'),('az','es','azerí'),('az','fr','azéri'),('az','it','azerbaigiano'),('ba','de','Baschkirisch'),('ba','en','Bashkir'),('ba','es','bashkir'),('ba','fr','bachkir'),('ba','it','baschiro'),('be','de','Weißrussisch'),('be','en','Belarusian'),('be','es','bielorruso'),('be','fr','biélorusse'),('be','it','bielorusso'),('bg','de','Bulgarisch'),('bg','en','Bulgarian'),('bg','es','búlgaro'),('bg','fr','bulgare'),('bg','it','bulgaro'),('bh','de','Biharisch'),('bh','en','Bihari'),('bh','es','bihari'),('bh','fr','bihari'),('bh','it','bihari'),('bi','de','Bislama'),('bi','en','Bislama'),('bi','es','bislama'),('bi','fr','bichelamar'),('bi','it','bislama'),('bm','de','Bambara-Sprache'),('bm','en','Bambara'),('bm','es','bambara'),('bm','fr','bambara'),('bm','it','bambara'),('bn','de','Bengalisch'),('bn','en','Bengali'),('bn','es','bengalí'),('bn','fr','bengali'),('bn','it','bengalese'),('bo','de','Tibetisch'),('bo','en','Tibetan'),('bo','es','tibetano'),('bo','fr','tibétain'),('bo','it','tibetano'),('br','de','Bretonisch'),('br','en','Breton'),('br','es','bretón'),('br','fr','breton'),('br','it','bretone'),('bs','de','Bosnisch'),('bs','en','Bosnian'),('bs','es','bosnio'),('bs','fr','bosniaque'),('bs','it','bosniaco'),('ca','de','Katalanisch'),('ca','en','Catalan'),('ca','es','catalán'),('ca','fr','catalan'),('ca','it','catalano'),('ce','de','Tschetschenisch'),('ce','en','Chechen'),('ce','es','checheno'),('ce','fr','tchétchène'),('ce','it','ceceno'),('ch','de','Chamorro-Sprache'),('ch','en','Chamorro'),('ch','es','chamorro'),('ch','fr','chamorro'),('ch','it','chamorro'),('co','de','Korsisch'),('co','en','Corsican'),('co','es','corso'),('co','fr','corse'),('co','it','corso'),('cr','de','Cree'),('cr','en','Cree'),('cr','es','cree'),('cr','fr','cree'),('cr','it','cree'),('cs','de','Tschechisch'),('cs','en','Czech'),('cs','es','checo'),('cs','fr','tchèque'),('cs','it','ceco'),('cu','de','Kirchenslawisch'),('cu','en','Church Slavic'),('cu','es','eslavo eclesiástico'),('cu','fr','slavon d’église'),('cu','it','slavo della Chiesa'),('cv','de','Tschuwaschisch'),('cv','en','Chuvash'),('cv','es','chuvash'),('cv','fr','tchouvache'),('cv','it','chuvash'),('cy','de','Walisisch'),('cy','en','Welsh'),('cy','es','galés'),('cy','fr','gallois'),('cy','it','gallese'),('da','de','Dänisch'),('da','en','Danish'),('da','es','danés'),('da','fr','danois'),('da','it','danese'),('de','de','Deutsch'),('de','en','German'),('de','es','alemán'),('de','fr','allemand'),('de','it','tedesco'),('dv','de','Maledivisch'),('dv','en','Divehi'),('dv','es','divehi'),('dv','fr','maldivien'),('dv','it','divehi'),('dz','de','Bhutanisch'),('dz','en','Dzongkha'),('dz','es','dzongkha'),('dz','fr','dzongkha'),('dz','it','dzongkha'),('ee','de','Ewe-Sprache'),('ee','en','Ewe'),('ee','es','ewe'),('ee','fr','éwé'),('ee','it','ewe'),('el','de','Griechisch'),('el','en','Greek'),('el','es','griego'),('el','fr','grec'),('el','it','greco'),('en','de','Englisch'),('en','en','English'),('en','es','inglés'),('en','fr','anglais'),('en','it','inglese'),('eo','de','Esperanto'),('eo','en','Esperanto'),('eo','es','esperanto'),('eo','fr','espéranto'),('eo','it','esperanto'),('es','de','Spanisch'),('es','en','Spanish'),('es','es','español'),('es','fr','espagnol'),('es','it','spagnolo'),('et','de','Estnisch'),('et','en','Estonian'),('et','es','estonio'),('et','fr','estonien'),('et','it','estone'),('eu','de','Baskisch'),('eu','en','Basque'),('eu','es','vasco'),('eu','fr','basque'),('eu','it','basco'),('fa','de','Persisch'),('fa','en','Persian'),('fa','es','persa'),('fa','fr','persan'),('fa','it','persiano'),('ff','de','Ful'),('ff','en','Fulah'),('ff','es','fula'),('ff','fr','peul'),('ff','it','fulah'),('fi','de','Finnisch'),('fi','en','Finnish'),('fi','es','finés'),('fi','fr','finnois'),('fi','it','finlandese'),('fj','de','Fidschianisch'),('fj','en','Fijian'),('fj','es','fidjiano'),('fj','fr','fidjien'),('fj','it','figiano'),('fo','de','Färöisch'),('fo','en','Faroese'),('fo','es','feroés'),('fo','fr','féroïen'),('fo','it','faroese'),('fr','de','Französisch'),('fr','en','French'),('fr','es','francés'),('fr','fr','français'),('fr','it','francese'),('fy','de','Westfriesisch'),('fy','en','Western Frisian'),('fy','es','frisón occidental'),('fy','fr','frison'),('fy','it','frisone occidentale'),('ga','de','Irisch'),('ga','en','Irish'),('ga','es','irlandés'),('ga','fr','irlandais'),('ga','it','irlandese'),('gd','de','Schottisches Gälisch'),('gd','en','Scottish Gaelic'),('gd','es','gaélico escocés'),('gd','fr','gaélique écossais'),('gd','it','gaelico scozzese'),('gl','de','Galizisch'),('gl','en','Galician'),('gl','es','gallego'),('gl','fr','galicien'),('gl','it','galiziano'),('gn','de','Guarani'),('gn','en','Guarani'),('gn','es','guaraní'),('gn','fr','guarani'),('gn','it','guarana'),('gu','de','Gujarati'),('gu','en','Gujarati'),('gu','es','gujarati'),('gu','fr','goudjarâtî'),('gu','it','gujarati'),('gv','de','Manx'),('gv','en','Manx'),('gv','es','gaélico manés'),('gv','fr','manx'),('gv','it','manx'),('ha','de','Hausa'),('ha','en','Hausa'),('ha','es','hausa'),('ha','fr','haoussa'),('ha','it','haussa'),('he','de','Hebräisch'),('he','en','Hebrew'),('he','es','hebreo'),('he','fr','hébreu'),('he','it','ebraico'),('hi','de','Hindi'),('hi','en','Hindi'),('hi','es','hindi'),('hi','fr','hindi'),('hi','it','hindi'),('ho','de','Hiri-Motu'),('ho','en','Hiri Motu'),('ho','es','hiri motu'),('ho','fr','hiri motu'),('ho','it','hiri motu'),('hr','de','Kroatisch'),('hr','en','Croatian'),('hr','es','croata'),('hr','fr','croate'),('hr','it','croato'),('ht','de','Haitianisch'),('ht','en','Haitian'),('ht','es','haitiano'),('ht','fr','haïtien'),('ht','it','haitiano'),('hu','de','Ungarisch'),('hu','en','Hungarian'),('hu','es','húngaro'),('hu','fr','hongrois'),('hu','it','ungherese'),('hy','de','Armenisch'),('hy','en','Armenian'),('hy','es','armenio'),('hy','fr','arménien'),('hy','it','armeno'),('hz','de','Herero-Sprache'),('hz','en','Herero'),('hz','es','herero'),('hz','fr','héréro'),('hz','it','herero'),('ia','de','Interlingua'),('ia','en','Interlingua'),('ia','es','interlingua'),('ia','fr','interlingua'),('ia','it','interlingua'),('id','de','Indonesisch'),('id','en','Indonesian'),('id','es','indonesio'),('id','fr','indonésien'),('id','it','indonesiano'),('ie','de','Interlingue'),('ie','en','Interlingue'),('ie','es','interlingue'),('ie','fr','interlingue'),('ie','it','interlingue'),('ig','de','Igbo-Sprache'),('ig','en','Igbo'),('ig','es','igbo'),('ig','fr','igbo'),('ig','it','igbo'),('ii','de','Sichuan Yi'),('ii','en','Sichuan Yi'),('ii','es','sichuan yi'),('ii','fr','yi de Sichuan'),('ii','it','sichuan yi'),('ik','de','Inupiak'),('ik','en','Inupiaq'),('ik','es','inupiaq'),('ik','fr','inupiaq'),('ik','it','inupiak'),('io','de','Ido-Sprache'),('io','en','Ido'),('io','es','ido'),('io','fr','ido'),('io','it','ido'),('is','de','Isländisch'),('is','en','Icelandic'),('is','es','islandés'),('is','fr','islandais'),('is','it','islandese'),('it','de','Italienisch'),('it','en','Italian'),('it','es','italiano'),('it','fr','italien'),('it','it','italiano'),('iu','de','Inukitut'),('iu','en','Inuktitut'),('iu','es','inuktitut'),('iu','fr','inuktitut'),('iu','it','inuktitut'),('ja','de','Japanisch'),('ja','en','Japanese'),('ja','es','japonés'),('ja','fr','japonais'),('ja','it','giapponese'),('jv','de','Javanisch'),('jv','en','Javanese'),('jv','es','javanés'),('jv','fr','javanais'),('jv','it','giavanese'),('ka','de','Georgisch'),('ka','en','Georgian'),('ka','es','georgiano'),('ka','fr','géorgien'),('ka','it','georgiano'),('kg','de','Kongolesisch'),('kg','en','Kongo'),('kg','es','kongo'),('kg','fr','kongo'),('kg','it','kongo'),('ki','de','Kikuyu-Sprache'),('ki','en','Kikuyu'),('ki','es','kikuyu'),('ki','fr','kikuyu'),('ki','it','kikuyu'),('kj','de','Kwanyama'),('kj','en','Kuanyama'),('kj','es','kuanyama'),('kj','fr','kuanyama'),('kj','it','kuanyama'),('kk','de','Kasachisch'),('kk','en','Kazakh'),('kk','es','kazajo'),('kk','fr','kazakh'),('kk','it','kazako'),('kl','de','Grönländisch'),('kl','en','Kalaallisut'),('kl','es','groenlandés'),('kl','fr','groenlandais'),('kl','it','kalaallisut'),('km','de','Kambodschanisch'),('km','en','Khmer'),('km','es','jemer'),('km','fr','khmer'),('km','it','khmer'),('kn','de','Kannada'),('kn','en','Kannada'),('kn','es','canarés'),('kn','fr','kannada'),('kn','it','kannada'),('ko','de','Koreanisch'),('ko','en','Korean'),('ko','es','coreano'),('ko','fr','coréen'),('ko','it','coreano'),('kr','de','Kanuri-Sprache'),('kr','en','Kanuri'),('kr','es','kanuri'),('kr','fr','kanouri'),('kr','it','kanuri'),('ks','de','Kaschmirisch'),('ks','en','Kashmiri'),('ks','es','cachemiro'),('ks','fr','kâshmîrî'),('ks','it','kashmiri'),('ku','de','Kurdisch'),('ku','en','Kurdish'),('ku','es','kurdo'),('ku','fr','kurde'),('ku','it','curdo'),('kv','de','Komi-Sprache'),('kv','en','Komi'),('kv','es','komi'),('kv','fr','komi'),('kv','it','komi'),('kw','de','Kornisch'),('kw','en','Cornish'),('kw','es','córnico'),('kw','fr','cornique'),('kw','it','cornico'),('ky','de','Kirgisisch'),('ky','en','Kirghiz'),('ky','es','kirghiz'),('ky','fr','kirghize'),('ky','it','kirghiso'),('la','de','Latein'),('la','en','Latin'),('la','es','latín'),('la','fr','latin'),('la','it','latino'),('lb','de','Luxemburgisch'),('lb','en','Luxembourgish'),('lb','es','luxemburgués'),('lb','fr','luxembourgeois'),('lb','it','lussemburghese'),('lg','de','Ganda-Sprache'),('lg','en','Ganda'),('lg','es','ganda'),('lg','fr','ganda'),('lg','it','ganda'),('li','de','Limburgisch'),('li','en','Limburgish'),('li','es','limburgués'),('li','fr','limbourgeois'),('li','it','limburgese'),('ln','de','Lingala'),('ln','en','Lingala'),('ln','es','lingala'),('ln','fr','lingala'),('ln','it','lingala'),('lo','de','Laotisch'),('lo','en','Lao'),('lo','es','laosiano'),('lo','fr','lao'),('lo','it','lao'),('lt','de','Litauisch'),('lt','en','Lithuanian'),('lt','es','lituano'),('lt','fr','lituanien'),('lt','it','lituano'),('lu','de','Luba-Katanga'),('lu','en','Luba-Katanga'),('lu','es','luba-katanga'),('lu','fr','luba-katanga'),('lu','it','luba-katanga'),('lv','de','Lettisch'),('lv','en','Latvian'),('lv','es','letón'),('lv','fr','letton'),('lv','it','lettone'),('mg','de','Malagassi-Sprache'),('mg','en','Malagasy'),('mg','es','malgache'),('mg','fr','malgache'),('mg','it','malgascio'),('mh','de','Marschallesisch'),('mh','en','Marshallese'),('mh','es','marshalés'),('mh','fr','marshall'),('mh','it','marshallese'),('mi','de','Maori'),('mi','en','Maori'),('mi','es','maorí'),('mi','fr','maori'),('mi','it','maori'),('mk','de','Mazedonisch'),('mk','en','Macedonian'),('mk','es','macedonio'),('mk','fr','macédonien'),('mk','it','macedone'),('ml','de','Malayalam'),('ml','en','Malayalam'),('ml','es','malayalam'),('ml','fr','malayalam'),('ml','it','malayalam'),('mn','de','Mongolisch'),('mn','en','Mongolian'),('mn','es','mongol'),('mn','fr','mongol'),('mn','it','mongolo'),('mo','de','Moldauisch'),('mo','en','Moldavian'),('mo','es','moldavo'),('mo','fr','moldave'),('mo','it','moldavo'),('mr','de','Marathi'),('mr','en','Marathi'),('mr','es','marathi'),('mr','fr','marathe'),('mr','it','marathi'),('ms','de','Malaiisch'),('ms','en','Malay'),('ms','es','malayo'),('ms','fr','malais'),('ms','it','malese'),('mt','de','Maltesisch'),('mt','en','Maltese'),('mt','es','maltés'),('mt','fr','maltais'),('mt','it','maltese'),('my','de','Birmanisch'),('my','en','Burmese'),('my','es','birmano'),('my','fr','birman'),('my','it','birmano'),('na','de','Nauruisch'),('na','en','Nauru'),('na','es','nauruano'),('na','fr','nauruan'),('na','it','nauru'),('nb','de','Norwegisch Bokmål'),('nb','en','Norwegian Bokmål'),('nb','es','bokmal noruego'),('nb','fr','norvégien bokmål'),('nb','it','norvegese bokmal'),('nd','de','Nord-Ndebele-Sprache'),('nd','en','North Ndebele'),('nd','es','ndebele septentrional'),('nd','fr','ndébélé du Nord'),('nd','it','ndebele del nord'),('ne','de','Nepalesisch'),('ne','en','Nepali'),('ne','es','nepalí'),('ne','fr','népalais'),('ne','it','nepalese'),('ng','de','Ndonga'),('ng','en','Ndonga'),('ng','es','ndonga'),('ng','fr','ndonga'),('ng','it','ndonga'),('nl','de','Niederländisch'),('nl','en','Dutch'),('nl','es','neerlandés'),('nl','fr','néerlandais'),('nl','it','olandese'),('nn','de','Norwegisch Nynorsk'),('nn','en','Norwegian Nynorsk'),('nn','es','nynorsk noruego'),('nn','fr','norvégien nynorsk'),('nn','it','norvegese nynorsk'),('no','de','Norwegisch'),('no','en','Norwegian'),('no','es','noruego'),('no','fr','norvégien'),('no','it','norvegese'),('nr','de','Süd-Ndebele-Sprache'),('nr','en','South Ndebele'),('nr','es','ndebele meridional'),('nr','fr','ndébélé du Sud'),('nr','it','ndebele del sud'),('nv','de','Navajo'),('nv','en','Navajo'),('nv','es','navajo'),('nv','fr','navaho'),('nv','it','navajo'),('ny','de','Nyanja-Sprache'),('ny','en','Nyanja'),('ny','es','nyanja'),('ny','fr','nyanja'),('ny','it','nyanja'),('oc','de','Okzitanisch'),('oc','en','Occitan'),('oc','es','occitano'),('oc','fr','occitan'),('oc','it','occitano'),('oj','de','Ojibwa-Sprache'),('oj','en','Ojibwa'),('oj','es','ojibwa'),('oj','fr','ojibwa'),('oj','it','ojibwa'),('om','de','Oromo'),('om','en','Oromo'),('om','es','oromo'),('om','fr','oromo'),('om','it','oromo'),('or','de','Orija'),('or','en','Oriya'),('or','es','oriya'),('or','fr','oriya'),('or','it','oriya'),('os','de','Ossetisch'),('os','en','Ossetic'),('os','es','osético'),('os','fr','ossète'),('os','it','ossetico'),('pa','de','Pandschabisch'),('pa','en','Punjabi'),('pa','es','punjabí'),('pa','fr','pendjabi'),('pa','it','punjabi'),('pi','de','Pali'),('pi','en','Pali'),('pi','es','pali'),('pi','fr','pali'),('pi','it','pali'),('pl','de','Polnisch'),('pl','en','Polish'),('pl','es','polaco'),('pl','fr','polonais'),('pl','it','polacco'),('ps','de','Paschtu'),('ps','en','Pashto'),('ps','es','pastún'),('ps','fr','pachto'),('ps','it','pashto'),('pt','de','Portugiesisch'),('pt','en','Portuguese'),('pt','es','portugués'),('pt','fr','portugais'),('pt','it','portoghese'),('qu','de','Quechua'),('qu','en','Quechua'),('qu','es','quechua'),('qu','fr','quechua'),('qu','it','quechua'),('rm','de','Rätoromanisch'),('rm','en','Romansh'),('rm','es','retorrománico'),('rm','fr','romanche'),('rm','it','romancio'),('rn','de','Rundi-Sprache'),('rn','en','Rundi'),('rn','es','kiroundi'),('rn','fr','roundi'),('rn','it','rundi'),('ro','de','Rumänisch'),('ro','en','Romanian'),('ro','es','rumano'),('ro','fr','roumain'),('ro','it','rumeno'),('ru','de','Russisch'),('ru','en','Russian'),('ru','es','ruso'),('ru','fr','russe'),('ru','it','russo'),('rw','de','Ruandisch'),('rw','en','Kinyarwanda'),('rw','es','kinyarwanda'),('rw','fr','rwanda'),('rw','it','kinyarwanda'),('sa','de','Sanskrit'),('sa','en','Sanskrit'),('sa','es','sánscrito'),('sa','fr','sanskrit'),('sa','it','sanscrito'),('sc','de','Sardisch'),('sc','en','Sardinian'),('sc','es','sardo'),('sc','fr','sarde'),('sc','it','sardo'),('sd','de','Sindhi'),('sd','en','Sindhi'),('sd','es','sindhi'),('sd','fr','sindhî'),('sd','it','sindhi'),('se','de','Nord-Samisch'),('se','en','Northern Sami'),('se','es','sami septentrional'),('se','fr','sami du Nord'),('se','it','sami del nord'),('sg','de','Sango'),('sg','en','Sango'),('sg','es','sango'),('sg','fr','sangho'),('sg','it','sango'),('sh','de','Serbo-Kroatisch'),('sh','en','Serbo-Croatian'),('sh','es','serbocroata'),('sh','fr','serbo-croate'),('sh','it','serbo-croato'),('si','de','Singhalesisch'),('si','en','Sinhala'),('si','es','cingalés'),('si','fr','cinghalais'),('si','it','singalese'),('sk','de','Slowakisch'),('sk','en','Slovak'),('sk','es','eslovaco'),('sk','fr','slovaque'),('sk','it','slovacco'),('sl','de','Slowenisch'),('sl','en','Slovenian'),('sl','es','esloveno'),('sl','fr','slovène'),('sl','it','sloveno'),('sm','de','Samoanisch'),('sm','en','Samoan'),('sm','es','samoano'),('sm','fr','samoan'),('sm','it','samoano'),('sn','de','Shona'),('sn','en','Shona'),('sn','es','shona'),('sn','fr','shona'),('sn','it','shona'),('so','de','Somali'),('so','en','Somali'),('so','es','somalí'),('so','fr','somali'),('so','it','somalo'),('sq','de','Albanisch'),('sq','en','Albanian'),('sq','es','albanés'),('sq','fr','albanais'),('sq','it','albanese'),('sr','de','Serbisch'),('sr','en','Serbian'),('sr','es','serbio'),('sr','fr','serbe'),('sr','it','serbo'),('ss','de','Swazi'),('ss','en','Swati'),('ss','es','siswati'),('ss','fr','swati'),('ss','it','swati'),('st','de','Süd-Sotho-Sprache'),('st','en','Southern Sotho'),('st','es','sesotho meridional'),('st','fr','sesotho'),('st','it','sotho del sud'),('su','de','Sundanesisch'),('su','en','Sundanese'),('su','es','sundanés'),('su','fr','soundanais'),('su','it','sundanese'),('sv','de','Schwedisch'),('sv','en','Swedish'),('sv','es','sueco'),('sv','fr','suédois'),('sv','it','svedese'),('sw','de','Suaheli'),('sw','en','Swahili'),('sw','es','swahili'),('sw','fr','swahili'),('sw','it','swahili'),('ta','de','Tamilisch'),('ta','en','Tamil'),('ta','es','tamil'),('ta','fr','tamoul'),('ta','it','tamil'),('te','de','Telugu'),('te','en','Telugu'),('te','es','telugu'),('te','fr','télougou'),('te','it','telugu'),('tg','de','Tadschikisch'),('tg','en','Tajik'),('tg','es','tayiko'),('tg','fr','tadjik'),('tg','it','tagicco'),('th','de','Thailändisch'),('th','en','Thai'),('th','es','tailandés'),('th','fr','thaï'),('th','it','thai'),('ti','de','Tigrinja'),('ti','en','Tigrinya'),('ti','es','tigriña'),('ti','fr','tigrigna'),('ti','it','tigrinya'),('tk','de','Turkmenisch'),('tk','en','Turkmen'),('tk','es','turcomano'),('tk','fr','turkmène'),('tk','it','turcomanno'),('tl','de','Tagalog'),('tl','en','Tagalog'),('tl','es','tagalo'),('tl','fr','tagalog'),('tl','it','tagalog'),('tn','de','Tswana-Sprache'),('tn','en','Tswana'),('tn','es','setchwana'),('tn','fr','tswana'),('tn','it','tswana'),('to','de','Tongaisch'),('to','en','Tongan'),('to','es','tongano'),('to','fr','tongien'),('to','it','tongano'),('tr','de','Türkisch'),('tr','en','Turkish'),('tr','es','turco'),('tr','fr','turc'),('tr','it','turco'),('ts','de','Tsonga'),('ts','en','Tsonga'),('ts','es','tsonga'),('ts','fr','tsonga'),('ts','it','tsonga'),('tt','de','Tatarisch'),('tt','en','Tatar'),('tt','es','tártaro'),('tt','fr','tatar'),('tt','it','tatarico'),('tw','de','Twi'),('tw','en','Twi'),('tw','es','twi'),('tw','fr','twi'),('tw','it','ci'),('ty','de','Tahitisch'),('ty','en','Tahitian'),('ty','es','tahitiano'),('ty','fr','tahitien'),('ty','it','taitiano'),('ug','de','Uigurisch'),('ug','en','Uighur'),('ug','es','uigur'),('ug','fr','ouïghour'),('ug','it','uigurico'),('uk','de','Ukrainisch'),('uk','en','Ukrainian'),('uk','es','ucraniano'),('uk','fr','ukrainien'),('uk','it','ucraino'),('ur','de','Urdu'),('ur','en','Urdu'),('ur','es','urdu'),('ur','fr','ourdou'),('ur','it','urdu'),('uz','de','Usbekisch'),('uz','en','Uzbek'),('uz','es','uzbeko'),('uz','fr','ouzbek'),('uz','it','usbeco'),('ve','de','Venda-Sprache'),('ve','en','Venda'),('ve','es','venda'),('ve','fr','venda'),('ve','it','venda'),('vi','de','Vietnamesisch'),('vi','en','Vietnamese'),('vi','es','vietnamita'),('vi','fr','vietnamien'),('vi','it','vietnamita'),('vo','de','Volapük'),('vo','en','Volapük'),('vo','es','volapük'),('vo','fr','volapuk'),('vo','it','volapük'),('wa','de','Wallonisch'),('wa','en','Walloon'),('wa','es','valón'),('wa','fr','wallon'),('wa','it','vallone'),('wo','de','Wolof'),('wo','en','Wolof'),('wo','es','uolof'),('wo','fr','wolof'),('wo','it','volof'),('xh','de','Xhosa'),('xh','en','Xhosa'),('xh','es','xhosa'),('xh','fr','xhosa'),('xh','it','xosa'),('yi','de','Jiddisch'),('yi','en','Yiddish'),('yi','es','yídish'),('yi','fr','yiddish'),('yi','it','yiddish'),('yo','de','Yoruba'),('yo','en','Yoruba'),('yo','es','yoruba'),('yo','fr','yoruba'),('yo','it','yoruba'),('za','de','Zhuang'),('za','en','Zhuang'),('za','es','zhuang'),('za','fr','zhuang'),('za','it','zhuang'),('zh','de','Chinesisch'),('zh','en','Chinese'),('zh','es','chino'),('zh','fr','chinois'),('zh','it','cinese'),('zu','de','Zulu'),('zu','en','Zulu'),('zu','es','zulú'),('zu','fr','zoulou'),('zu','it','zulu');
/*!40000 ALTER TABLE `core_intl_language_names` ENABLE KEYS */;
UNLOCK TABLES;

--
-- Table structure for table `core_plugins`
--

DROP TABLE IF EXISTS `core_plugins`;
/*!40101 SET @saved_cs_client     = @@character_set_client */;
/*!40101 SET character_set_client = utf8 */;
CREATE TABLE `core_plugins` (
  `id` int(11) NOT NULL AUTO_INCREMENT,
  `name` varchar(50) NOT NULL,
  `version` varchar(15) NOT NULL,
  `sort_order` smallint(5) unsigned NOT NULL,
  PRIMARY KEY (`id`)
) ENGINE=InnoDB AUTO_INCREMENT=7 DEFAULT CHARSET=latin1;
/*!40101 SET character_set_client = @saved_cs_client */;

--
-- Dumping data for table `core_plugins`
--

LOCK TABLES `core_plugins` WRITE;
/*!40000 ALTER TABLE `core_plugins` DISABLE KEYS */;
INSERT INTO `core_plugins` VALUES (2,'baseLayout','V00_01_00',2),(4,'admin','V00_00_01',3),(6,'testPlugin','V00_00_01',4);
/*!40000 ALTER TABLE `core_plugins` ENABLE KEYS */;
UNLOCK TABLES;

--
-- Table structure for table `core_registry`
--

DROP TABLE IF EXISTS `core_registry`;
/*!40101 SET @saved_cs_client     = @@character_set_client */;
/*!40101 SET character_set_client = utf8 */;
CREATE TABLE `core_registry` (
  `path` varchar(255) NOT NULL,
  `name` varchar(255) NOT NULL,
  `type` tinyint(4) NOT NULL,
  `value` varchar(512) NOT NULL,
  PRIMARY KEY (`path`,`name`) USING BTREE
) ENGINE=InnoDB DEFAULT CHARSET=latin1;
/*!40101 SET character_set_client = @saved_cs_client */;

--
-- Dumping data for table `core_registry`
--

LOCK TABLES `core_registry` WRITE;
/*!40000 ALTER TABLE `core_registry` DISABLE KEYS */;
INSERT INTO `core_registry` VALUES ('GLOBAL/SETTINGS/CORE','dateformat_long',0,'%e. %B %Y'),('GLOBAL/SETTINGS/CORE','dateformat_medium',0,'%d.%m.%Y'),('GLOBAL/SETTINGS/CORE','dateformat_short',0,'%d.%m.%y'),('GLOBAL/SETTINGS/CORE','datetimeformat_hm',0,'%d.%m.%Y %H:%M'),('GLOBAL/SETTINGS/CORE','datetimeformat_hms',0,'%d.%m.%Y %H:%M:%s'),('GLOBAL/SETTINGS/CORE','numberformat_dec_point',0,'.'),('GLOBAL/SETTINGS/CORE','numberformat_thousands_sep',0,'\''),('GLOBAL/SETTINGS/CORE','timeformat_hm',0,'%H:%M'),('GLOBAL/SETTINGS/CORE','timeformat_hms',0,'%H:%M:%s'),('GLOBAL/SETTINGS/CORE/payroll','pensioner_relief',0,'16800.00'),('GROUPS/2/ModulePermission/baseLayout','configEnabled',0,'0'),('GROUPS/2/ModulePermission/baseLayout','groupAdd',0,'0'),('GROUPS/2/ModulePermission/baseLayout','groupDelete',0,'0'),('GROUPS/2/ModulePermission/baseLayout','groupDetailDisplay',0,'0'),('GROUPS/2/ModulePermission/baseLayout','groupEdit',0,'0'),('GROUPS/2/ModulePermission/baseLayout','groupListDisplay',0,'1'),('GROUPS/2/ModulePermission/baseLayout','userAdd',0,'0'),('GROUPS/2/ModulePermission/baseLayout','userAdminEnabled',0,'1'),('GROUPS/2/ModulePermission/baseLayout','userDelete',0,'0'),('GROUPS/2/ModulePermission/baseLayout','userDetailDisplay',0,'0'),('GROUPS/2/ModulePermission/baseLayout','userEdit',0,'0'),('GROUPS/2/ModulePermission/baseLayout','userListDisplay',0,'1'),('USERS/1/ExtendedSecurity','bFri',0,'1'),('USERS/1/ExtendedSecurity','bMon',0,'1'),('USERS/1/ExtendedSecurity','bSat',0,'0'),('USERS/1/ExtendedSecurity','bSun',0,'0'),('USERS/1/ExtendedSecurity','bThu',0,'0'),('USERS/1/ExtendedSecurity','bTue',0,'0'),('USERS/1/ExtendedSecurity','bWed',0,'1'),('USERS/1/ExtendedSecurity','ipInclude1',0,'192.168.1.205'),('USERS/1/ExtendedSecurity','ipInclude2',0,''),('USERS/1/ExtendedSecurity','ipInclude3',0,''),('USERS/1/ExtendedSecurity','ipInclude4',0,''),('USERS/1/ExtendedSecurity','ipInclude5',0,''),('USERS/1/ExtendedSecurity','ipRestriction',0,'0'),('USERS/1/ExtendedSecurity','subnetInclude1',0,'255.255.255.0'),('USERS/1/ExtendedSecurity','subnetInclude2',0,''),('USERS/1/ExtendedSecurity','subnetInclude3',0,''),('USERS/1/ExtendedSecurity','subnetInclude4',0,''),('USERS/1/ExtendedSecurity','subnetInclude5',0,''),('USERS/1/ExtendedSecurity','timeFrom',0,'07:30'),('USERS/1/ExtendedSecurity','timeRestriction',0,'0'),('USERS/1/ExtendedSecurity','timeUntil',0,'17:30'),('USERS/1/SETTINGS','acc_fin_fiscalyear_ID',0,'1'),('USERS/1/SETTINGS','acc_fin_fiscalyear_name',0,'2012'),('USERS/1/SETTINGS/acc','acc_fin_fiscalyear_ID',0,'1'),('USERS/1/SETTINGS/acc','acc_fin_fiscalyear_name',0,'2012'),('USERS/1/SETTINGS/payroll','calcOvSettings',0,'a:3:{s:18:\"quickFilterEnabled\";b:0;s:12:\"columnsWidth\";a:8:{i:0;d:80;i:1;d:127;i:2;d:113;i:3;d:53;i:4;d:151;i:5;d:119;i:6;d:110;i:7;d:111;}s:4:\"sort\";a:1:{i:0;a:2:{s:8:\"columnId\";s:8:\"Lastname\";s:7:\"sortAsc\";b:1;}}}'),('USERS/1/SETTINGS/payroll','cmpcSettings',0,'a:3:{s:18:\"quickFilterEnabled\";b:0;s:12:\"columnsWidth\";a:5:{i:0;d:85;i:1;d:120;i:2;d:160;i:3;d:60;i:4;d:174;}s:4:\"sort\";a:1:{i:0;a:2:{s:8:\"columnId\";s:17:\"company_shortname\";s:7:\"sortAsc\";b:1;}}}'),('USERS/1/SETTINGS/payroll','finalizeEqualDates',0,'1'),('USERS/1/SETTINGS/payroll','inscSettings',0,'a:3:{s:18:\"quickFilterEnabled\";b:0;s:12:\"columnsWidth\";a:12:{i:0;d:95;i:1;d:106;i:2;d:116;i:3;d:102;i:4;d:70;i:5;d:75;i:6;d:73;i:7;d:55;i:8;d:89;i:9;d:84;i:10;d:95;i:11;d:84;}s:4:\"sort\";a:1:{i:0;a:2:{s:8:\"columnId\";s:13:\"InsuranceCode\";s:7:\"sortAsc\";b:1;}}}'),('USERS/1/SETTINGS/payroll','loacSettings',0,'a:3:{s:18:\"quickFilterEnabled\";b:0;s:12:\"columnsWidth\";a:3:{i:0;d:85;i:1;d:366;i:2;d:135;}s:4:\"sort\";a:1:{i:0;a:2:{s:8:\"columnId\";s:2:\"id\";s:7:\"sortAsc\";b:1;}}}'),('USERS/1/SETTINGS/payroll','psoCurrentEmplForm',0,'2'),('USERS/1/SETTINGS/payroll','psoDbFilter',0,''),('USERS/1/SETTINGS/payroll','psoSettings',0,'a:3:{s:18:\"quickFilterEnabled\";b:0;s:12:\"columnsWidth\";a:7:{i:0;d:80;i:1;d:137;i:2;d:122;i:3;d:203;i:4;d:69;i:5;d:157;i:6;d:53;}s:4:\"sort\";a:1:{i:0;a:2:{s:8:\"columnId\";s:8:\"Lastname\";s:7:\"sortAsc\";b:1;}}}'),('USERS/1/SETTINGS/payroll','syacSettings',0,'a:3:{s:18:\"quickFilterEnabled\";b:0;s:12:\"columnsWidth\";a:2:{i:0;d:90;i:1;d:300;}s:4:\"sort\";a:1:{i:0;a:2:{s:8:\"columnId\";s:18:\"payroll_account_ID\";s:7:\"sortAsc\";b:1;}}}'),('USERS/4/ExtendedSecurity','bFri',0,'1'),('USERS/4/ExtendedSecurity','bMon',0,'1'),('USERS/4/ExtendedSecurity','bSat',0,'0'),('USERS/4/ExtendedSecurity','bSun',0,'0'),('USERS/4/ExtendedSecurity','bThu',0,'1'),('USERS/4/ExtendedSecurity','bTue',0,'1'),('USERS/4/ExtendedSecurity','bWed',0,'1'),('USERS/4/ExtendedSecurity','ipInclude1',0,'213.188.228.86'),('USERS/4/ExtendedSecurity','ipInclude2',0,''),('USERS/4/ExtendedSecurity','ipInclude3',0,''),('USERS/4/ExtendedSecurity','ipInclude4',0,''),('USERS/4/ExtendedSecurity','ipInclude5',0,''),('USERS/4/ExtendedSecurity','ipRestriction',0,'0'),('USERS/4/ExtendedSecurity','subnetInclude1',0,'255.255.255.0'),('USERS/4/ExtendedSecurity','subnetInclude2',0,''),('USERS/4/ExtendedSecurity','subnetInclude3',0,''),('USERS/4/ExtendedSecurity','subnetInclude4',0,''),('USERS/4/ExtendedSecurity','subnetInclude5',0,''),('USERS/4/ExtendedSecurity','timeFrom',0,'06:30'),('USERS/4/ExtendedSecurity','timeRestriction',0,'0'),('USERS/4/ExtendedSecurity','timeUntil',0,'17:30'),('USERS/4/SETTINGS','acc_fin_fiscalyear_ID',0,'1'),('USERS/4/SETTINGS','acc_fin_fiscalyear_name',0,'2012'),('USERS/4/SETTINGS/acc','acc_fin_fiscalyear_ID',0,'1'),('USERS/4/SETTINGS/acc','acc_fin_fiscalyear_name',0,'2012'),('USERS/4/SETTINGS/payroll','calcOvSettings',0,'a:3:{s:18:\"quickFilterEnabled\";b:0;s:12:\"columnsWidth\";a:8:{i:0;d:100;i:1;d:140;i:2;d:131;i:3;d:40;i:4;d:163;i:5;d:125;i:6;d:116;i:7;d:132;}s:4:\"sort\";a:1:{i:0;a:2:{s:8:\"columnId\";s:8:\"Lastname\";s:7:\"sortAsc\";b:1;}}}'),('USERS/4/SETTINGS/payroll','cmpcSettings',0,'a:3:{s:18:\"quickFilterEnabled\";b:0;s:12:\"columnsWidth\";a:5:{i:0;d:60;i:1;d:173;i:2;d:184;i:3;d:60;i:4;d:60;}s:4:\"sort\";a:0:{}}'),('USERS/4/SETTINGS/payroll','finalizeEqualDates',0,'1'),('USERS/4/SETTINGS/payroll','inscSettings',0,'a:3:{s:18:\"quickFilterEnabled\";b:0;s:12:\"columnsWidth\";a:12:{i:0;d:93;i:1;d:202;i:2;d:93;i:3;d:104;i:4;d:89;i:5;d:70;i:6;d:70;i:7;d:55;i:8;d:70;i:9;d:70;i:10;d:70;i:11;d:70;}s:4:\"sort\";a:0:{}}'),('USERS/4/SETTINGS/payroll','loacSettings',0,'a:4:{s:18:\"quickFilterEnabled\";b:1;s:17:\"quickFilterValues\";a:0:{}s:12:\"columnsWidth\";a:3:{i:0;d:107;i:1;d:286;i:2;d:80;}s:4:\"sort\";a:0:{}}'),('USERS/4/SETTINGS/payroll','psoCurrentEmplForm',0,'6'),('USERS/4/SETTINGS/payroll','psoDbFilter',0,''),('USERS/4/SETTINGS/payroll','psoSettings',0,'a:4:{s:18:\"quickFilterEnabled\";b:1;s:17:\"quickFilterValues\";a:0:{}s:12:\"columnsWidth\";a:7:{i:0;d:60;i:1;d:138;i:2;d:144;i:3;d:150;i:4;d:71;i:5;d:180;i:6;d:40;}s:4:\"sort\";a:1:{i:0;a:2:{s:8:\"columnId\";s:14:\"EmployeeNumber\";s:7:\"sortAsc\";b:1;}}}');
/*!40000 ALTER TABLE `core_registry` ENABLE KEYS */;
UNLOCK TABLES;

--
-- Table structure for table `core_user`
--

DROP TABLE IF EXISTS `core_user`;
/*!40101 SET @saved_cs_client     = @@character_set_client */;
/*!40101 SET character_set_client = utf8 */;
CREATE TABLE `core_user` (
  `id` int(11) NOT NULL AUTO_INCREMENT,
  `uid` varchar(25) NOT NULL,
  `pwd` varchar(50) NOT NULL,
  `full_name` varchar(50) NOT NULL,
  `email` varchar(255) NOT NULL,
  `plugin_settings` text NOT NULL,
  `language` varchar(6) NOT NULL,
  `active` tinyint(1) NOT NULL DEFAULT '1',
  `hidden` tinyint(1) NOT NULL DEFAULT '0',
  `timeout_minutes` smallint(5) unsigned NOT NULL DEFAULT '30',
  `allow_pwd_change` tinyint(1) NOT NULL DEFAULT '1',
  `force_pwd_change` tinyint(1) NOT NULL DEFAULT '0',
  `pwd_change_period_days` tinyint(3) unsigned NOT NULL DEFAULT '0',
  `datetime_pwd_change` datetime NOT NULL,
  `datetime_change` datetime NOT NULL,
  `core_user_ID_pwd_change` int(11) NOT NULL,
  `core_user_ID_change` int(11) NOT NULL,
  `datetime_create` datetime NOT NULL,
  `core_user_ID_create` int(11) NOT NULL,
  `deleted` tinyint(1) NOT NULL DEFAULT '0',
  `core_user_ID_delete` int(11) NOT NULL,
  `datetime_delete` datetime NOT NULL,
  PRIMARY KEY (`id`)
) ENGINE=InnoDB AUTO_INCREMENT=5 DEFAULT CHARSET=utf8;
/*!40101 SET character_set_client = @saved_cs_client */;

--
-- Dumping data for table `core_user`
--

LOCK TABLES `core_user` WRITE;
/*!40000 ALTER TABLE `core_user` DISABLE KEYS */;
/*!40000 ALTER TABLE `core_user` ENABLE KEYS */;
UNLOCK TABLES;

--
-- Table structure for table `core_user_group`
--

DROP TABLE IF EXISTS `core_user_group`;
/*!40101 SET @saved_cs_client     = @@character_set_client */;
/*!40101 SET character_set_client = utf8 */;
CREATE TABLE `core_user_group` (
  `core_user_ID` int(11) NOT NULL,
  `core_group_ID` int(11) NOT NULL,
  PRIMARY KEY (`core_user_ID`,`core_group_ID`)
) ENGINE=InnoDB DEFAULT CHARSET=latin1;
/*!40101 SET character_set_client = @saved_cs_client */;

--
-- Dumping data for table `core_user_group`
--

LOCK TABLES `core_user_group` WRITE;
/*!40000 ALTER TABLE `core_user_group` DISABLE KEYS */;
/*!40000 ALTER TABLE `core_user_group` ENABLE KEYS */;
UNLOCK TABLES;
/*!40103 SET TIME_ZONE=@OLD_TIME_ZONE */;

/*!40101 SET SQL_MODE=@OLD_SQL_MODE */;
/*!40014 SET FOREIGN_KEY_CHECKS=@OLD_FOREIGN_KEY_CHECKS */;
/*!40014 SET UNIQUE_CHECKS=@OLD_UNIQUE_CHECKS */;
/*!40101 SET CHARACTER_SET_CLIENT=@OLD_CHARACTER_SET_CLIENT */;
/*!40101 SET CHARACTER_SET_RESULTS=@OLD_CHARACTER_SET_RESULTS */;
/*!40101 SET COLLATION_CONNECTION=@OLD_COLLATION_CONNECTION */;
/*!40111 SET SQL_NOTES=@OLD_SQL_NOTES */;

